ISO-10303-21;
HEADER;
/* Generated by software containing ST-Developer
 * from STEP Tools, Inc. (www.steptools.com) 
 */

FILE_DESCRIPTION(
/* description */ (''),
/* implementation_level */ '2;1');

FILE_NAME(
/* name */ 'Wing_Skeleton_v3.step',
/* time_stamp */ '2026-07-29T14:17:49+05:30',
/* author */ (''),
/* organization */ (''),
/* preprocessor_version */ 'ST-DEVELOPER v20.1',
/* originating_system */ 'Autodesk Translation Framework v15.8.0.0',
/* authorisation */ '');

FILE_SCHEMA (('AUTOMOTIVE_DESIGN { 1 0 10303 214 3 1 1 }'));
ENDSEC;

DATA;
#10=MECHANICAL_DESIGN_GEOMETRIC_PRESENTATION_REPRESENTATION('',(#13),#4960);
#11=SHAPE_REPRESENTATION_RELATIONSHIP('SRR','None',#4967,#12);
#12=ADVANCED_BREP_SHAPE_REPRESENTATION('',(#14),#4959);
#13=STYLED_ITEM('',(#4977),#14);
#14=MANIFOLD_SOLID_BREP('Body1',#2162);
#15=CYLINDRICAL_SURFACE('',#2188,2.);
#16=CYLINDRICAL_SURFACE('',#2193,1.58739008747265);
#17=CYLINDRICAL_SURFACE('',#2283,1.58739008747265);
#18=CYLINDRICAL_SURFACE('',#2284,1.61300626894953);
#19=CYLINDRICAL_SURFACE('',#2285,1.58739008747265);
#20=CYLINDRICAL_SURFACE('',#2286,1.58739008747265);
#21=CYLINDRICAL_SURFACE('',#2287,0.0882);
#22=CYLINDRICAL_SURFACE('',#2289,2.);
#23=CYLINDRICAL_SURFACE('',#2293,2.);
#24=CYLINDRICAL_SURFACE('',#2294,2.);
#25=CYLINDRICAL_SURFACE('',#2295,1.61300626894953);
#26=CYLINDRICAL_SURFACE('',#2296,1.61300626894953);
#27=CYLINDRICAL_SURFACE('',#2297,0.769094517692257);
#28=CYLINDRICAL_SURFACE('',#2298,0.769094517692257);
#29=CYLINDRICAL_SURFACE('',#2299,0.769094517692257);
#30=CYLINDRICAL_SURFACE('',#2302,2.);
#31=CYLINDRICAL_SURFACE('',#2305,0.769094517692257);
#32=CYLINDRICAL_SURFACE('',#2306,2.5);
#33=CYLINDRICAL_SURFACE('',#2308,2.5);
#34=CYLINDRICAL_SURFACE('',#2310,2.5);
#35=CYLINDRICAL_SURFACE('',#2313,2.5);
#36=CYLINDRICAL_SURFACE('',#2314,2.5);
#37=CYLINDRICAL_SURFACE('',#2316,2.5);
#38=CYLINDRICAL_SURFACE('',#2318,2.5);
#39=CYLINDRICAL_SURFACE('',#2321,2.5);
#40=CYLINDRICAL_SURFACE('',#2322,2.5);
#41=CYLINDRICAL_SURFACE('',#2324,2.5);
#42=CYLINDRICAL_SURFACE('',#2326,2.5);
#43=CYLINDRICAL_SURFACE('',#2328,2.5);
#44=CYLINDRICAL_SURFACE('',#2330,2.5);
#45=CYLINDRICAL_SURFACE('',#2332,2.5);
#46=CYLINDRICAL_SURFACE('',#2335,2.5);
#47=CYLINDRICAL_SURFACE('',#2337,2.5);
#48=CYLINDRICAL_SURFACE('',#2342,9.89886592735058);
#49=CYLINDRICAL_SURFACE('',#2343,9.89886592735058);
#50=CYLINDRICAL_SURFACE('',#2344,9.89886592735058);
#51=CYLINDRICAL_SURFACE('',#2345,9.89886592735058);
#52=CYLINDRICAL_SURFACE('',#2346,2.5);
#53=CYLINDRICAL_SURFACE('',#2348,2.5);
#54=CYLINDRICAL_SURFACE('',#2350,2.5);
#55=CYLINDRICAL_SURFACE('',#2353,2.5);
#56=CYLINDRICAL_SURFACE('',#2354,2.5);
#57=CYLINDRICAL_SURFACE('',#2356,2.5);
#58=CYLINDRICAL_SURFACE('',#2358,2.5);
#59=CYLINDRICAL_SURFACE('',#2361,2.5);
#60=CYLINDRICAL_SURFACE('',#2362,1.61300626894953);
#61=B_SPLINE_SURFACE_WITH_KNOTS('',3,1,((#2987,#2988),(#2989,#2990),(#2991,
#2992),(#2993,#2994),(#2995,#2996),(#2997,#2998),(#2999,#3000),(#3001,#3002),
(#3003,#3004),(#3005,#3006),(#3007,#3008),(#3009,#3010),(#3011,#3012),(#3013,
#3014),(#3015,#3016),(#3017,#3018),(#3019,#3020),(#3021,#3022),(#3023,#3024),
(#3025,#3026),(#3027,#3028),(#3029,#3030),(#3031,#3032),(#3033,#3034),(#3035,
#3036),(#3037,#3038),(#3039,#3040),(#3041,#3042),(#3043,#3044),(#3045,#3046),
(#3047,#3048),(#3049,#3050),(#3051,#3052),(#3053,#3054),(#3055,#3056),(#3057,
#3058),(#3059,#3060),(#3061,#3062),(#3063,#3064),(#3065,#3066),(#3067,#3068),
(#3069,#3070),(#3071,#3072),(#3073,#3074),(#3075,#3076),(#3077,#3078),(#3079,
#3080),(#3081,#3082),(#3083,#3084),(#3085,#3086),(#3087,#3088),(#3089,#3090),
(#3091,#3092),(#3093,#3094),(#3095,#3096),(#3097,#3098),(#3099,#3100)),
 .UNSPECIFIED.,.F.,.F.,.F.,(4,1,1,1,1,1,1,1,1,1,1,1,1,1,1,1,1,1,1,1,1,1,
1,1,1,1,1,1,1,1,1,1,1,1,1,1,1,1,1,1,1,1,1,1,1,1,1,1,1,1,1,1,1,1,4),(2,2),
(0.,0.0625,0.125,0.15625,0.1875,0.21875,0.25,0.28125,0.3125,0.34375,0.359375,
0.375,0.390625,0.40625,0.421875,0.4375,0.4453125,0.453125,0.4609375,0.46875,
0.4765625,0.48046875,0.484375,0.48828125,0.4921875,0.49609375,0.498046875,
0.5,0.501953125,0.50390625,0.5078125,0.51171875,0.515625,0.51953125,0.5234375,
0.53125,0.5390625,0.546875,0.5546875,0.5625,0.578125,0.59375,0.609375,0.625,
0.640625,0.65625,0.6875,0.71875,0.75,0.78125,0.8125,0.84375,0.875,0.9375,
1.),(0.,0.600000000000015),.UNSPECIFIED.);
#62=B_SPLINE_SURFACE_WITH_KNOTS('',3,1,((#3884,#3885),(#3886,#3887),(#3888,
#3889),(#3890,#3891),(#3892,#3893),(#3894,#3895),(#3896,#3897),(#3898,#3899),
(#3900,#3901),(#3902,#3903),(#3904,#3905),(#3906,#3907),(#3908,#3909),(#3910,
#3911),(#3912,#3913),(#3914,#3915),(#3916,#3917),(#3918,#3919),(#3920,#3921),
(#3922,#3923),(#3924,#3925),(#3926,#3927),(#3928,#3929),(#3930,#3931),(#3932,
#3933),(#3934,#3935),(#3936,#3937),(#3938,#3939),(#3940,#3941),(#3942,#3943),
(#3944,#3945),(#3946,#3947),(#3948,#3949),(#3950,#3951),(#3952,#3953),(#3954,
#3955),(#3956,#3957),(#3958,#3959),(#3960,#3961),(#3962,#3963),(#3964,#3965),
(#3966,#3967),(#3968,#3969),(#3970,#3971),(#3972,#3973),(#3974,#3975),(#3976,
#3977),(#3978,#3979),(#3980,#3981),(#3982,#3983),(#3984,#3985),(#3986,#3987),
(#3988,#3989),(#3990,#3991),(#3992,#3993),(#3994,#3995),(#3996,#3997)),
 .UNSPECIFIED.,.F.,.F.,.F.,(4,1,1,1,1,1,1,1,1,1,1,1,1,1,1,1,1,1,1,1,1,1,
1,1,1,1,1,1,1,1,1,1,1,1,1,1,1,1,1,1,1,1,1,1,1,1,1,1,1,1,1,1,1,1,4),(2,2),
(0.,0.0625,0.125,0.15625,0.1875,0.21875,0.25,0.28125,0.3125,0.34375,0.359375,
0.375,0.390625,0.40625,0.421875,0.4375,0.4453125,0.453125,0.4609375,0.46875,
0.4765625,0.48046875,0.484375,0.48828125,0.4921875,0.49609375,0.498046875,
0.5,0.501953125,0.50390625,0.5078125,0.51171875,0.515625,0.51953125,0.5234375,
0.53125,0.5390625,0.546875,0.5546875,0.5625,0.578125,0.59375,0.609375,0.625,
0.640625,0.65625,0.6875,0.71875,0.75,0.78125,0.8125,0.84375,0.875,0.9375,
1.),(0.,0.48),.UNSPECIFIED.);
#63=B_SPLINE_SURFACE_WITH_KNOTS('',3,1,((#4123,#4124),(#4125,#4126),(#4127,
#4128),(#4129,#4130),(#4131,#4132),(#4133,#4134),(#4135,#4136),(#4137,#4138),
(#4139,#4140),(#4141,#4142),(#4143,#4144),(#4145,#4146),(#4147,#4148),(#4149,
#4150),(#4151,#4152),(#4153,#4154),(#4155,#4156),(#4157,#4158),(#4159,#4160),
(#4161,#4162),(#4163,#4164),(#4165,#4166),(#4167,#4168),(#4169,#4170),(#4171,
#4172),(#4173,#4174),(#4175,#4176),(#4177,#4178),(#4179,#4180),(#4181,#4182),
(#4183,#4184),(#4185,#4186),(#4187,#4188),(#4189,#4190),(#4191,#4192),(#4193,
#4194),(#4195,#4196),(#4197,#4198),(#4199,#4200),(#4201,#4202),(#4203,#4204),
(#4205,#4206),(#4207,#4208),(#4209,#4210),(#4211,#4212),(#4213,#4214),(#4215,
#4216),(#4217,#4218),(#4219,#4220),(#4221,#4222),(#4223,#4224),(#4225,#4226),
(#4227,#4228),(#4229,#4230),(#4231,#4232),(#4233,#4234),(#4235,#4236)),
 .UNSPECIFIED.,.F.,.F.,.F.,(4,1,1,1,1,1,1,1,1,1,1,1,1,1,1,1,1,1,1,1,1,1,
1,1,1,1,1,1,1,1,1,1,1,1,1,1,1,1,1,1,1,1,1,1,1,1,1,1,1,1,1,1,1,1,4),(2,2),
(0.,0.0625,0.125,0.15625,0.1875,0.21875,0.25,0.28125,0.3125,0.34375,0.359375,
0.375,0.390625,0.40625,0.421875,0.4375,0.4453125,0.453125,0.4609375,0.46875,
0.4765625,0.48046875,0.484375,0.48828125,0.4921875,0.49609375,0.498046875,
0.5,0.501953125,0.50390625,0.5078125,0.51171875,0.515625,0.51953125,0.5234375,
0.53125,0.5390625,0.546875,0.5546875,0.5625,0.578125,0.59375,0.609375,0.625,
0.640625,0.65625,0.6875,0.71875,0.75,0.78125,0.8125,0.84375,0.875,0.9375,
1.),(0.,0.480000000000002),.UNSPECIFIED.);
#64=B_SPLINE_SURFACE_WITH_KNOTS('',3,1,((#4293,#4294),(#4295,#4296),(#4297,
#4298),(#4299,#4300),(#4301,#4302),(#4303,#4304),(#4305,#4306),(#4307,#4308),
(#4309,#4310),(#4311,#4312),(#4313,#4314),(#4315,#4316),(#4317,#4318),(#4319,
#4320),(#4321,#4322),(#4323,#4324),(#4325,#4326),(#4327,#4328),(#4329,#4330),
(#4331,#4332),(#4333,#4334),(#4335,#4336),(#4337,#4338),(#4339,#4340),(#4341,
#4342),(#4343,#4344),(#4345,#4346),(#4347,#4348),(#4349,#4350),(#4351,#4352),
(#4353,#4354),(#4355,#4356),(#4357,#4358),(#4359,#4360),(#4361,#4362),(#4363,
#4364),(#4365,#4366),(#4367,#4368),(#4369,#4370),(#4371,#4372),(#4373,#4374),
(#4375,#4376),(#4377,#4378),(#4379,#4380),(#4381,#4382),(#4383,#4384),(#4385,
#4386),(#4387,#4388),(#4389,#4390),(#4391,#4392),(#4393,#4394),(#4395,#4396),
(#4397,#4398),(#4399,#4400),(#4401,#4402),(#4403,#4404),(#4405,#4406)),
 .UNSPECIFIED.,.F.,.F.,.F.,(4,1,1,1,1,1,1,1,1,1,1,1,1,1,1,1,1,1,1,1,1,1,
1,1,1,1,1,1,1,1,1,1,1,1,1,1,1,1,1,1,1,1,1,1,1,1,1,1,1,1,1,1,1,1,4),(2,2),
(0.,0.0625,0.125,0.15625,0.1875,0.21875,0.25,0.28125,0.3125,0.34375,0.359375,
0.375,0.390625,0.40625,0.421875,0.4375,0.4453125,0.453125,0.4609375,0.46875,
0.4765625,0.48046875,0.484375,0.48828125,0.4921875,0.49609375,0.498046875,
0.5,0.501953125,0.50390625,0.5078125,0.51171875,0.515625,0.51953125,0.5234375,
0.53125,0.5390625,0.546875,0.5546875,0.5625,0.578125,0.59375,0.609375,0.625,
0.640625,0.65625,0.6875,0.71875,0.75,0.78125,0.8125,0.84375,0.875,0.9375,
1.),(0.,0.480000000000009),.UNSPECIFIED.);
#65=B_SPLINE_SURFACE_WITH_KNOTS('',3,1,((#4473,#4474),(#4475,#4476),(#4477,
#4478),(#4479,#4480),(#4481,#4482),(#4483,#4484),(#4485,#4486),(#4487,#4488),
(#4489,#4490),(#4491,#4492),(#4493,#4494),(#4495,#4496),(#4497,#4498),(#4499,
#4500),(#4501,#4502),(#4503,#4504),(#4505,#4506),(#4507,#4508),(#4509,#4510),
(#4511,#4512),(#4513,#4514),(#4515,#4516),(#4517,#4518),(#4519,#4520),(#4521,
#4522),(#4523,#4524),(#4525,#4526),(#4527,#4528),(#4529,#4530),(#4531,#4532),
(#4533,#4534),(#4535,#4536),(#4537,#4538),(#4539,#4540),(#4541,#4542),(#4543,
#4544),(#4545,#4546),(#4547,#4548),(#4549,#4550),(#4551,#4552),(#4553,#4554),
(#4555,#4556),(#4557,#4558),(#4559,#4560),(#4561,#4562),(#4563,#4564),(#4565,
#4566),(#4567,#4568),(#4569,#4570),(#4571,#4572),(#4573,#4574),(#4575,#4576),
(#4577,#4578),(#4579,#4580),(#4581,#4582),(#4583,#4584),(#4585,#4586)),
 .UNSPECIFIED.,.F.,.F.,.F.,(4,1,1,1,1,1,1,1,1,1,1,1,1,1,1,1,1,1,1,1,1,1,
1,1,1,1,1,1,1,1,1,1,1,1,1,1,1,1,1,1,1,1,1,1,1,1,1,1,1,1,1,1,1,1,4),(2,2),
(-1.41541983572281E-16,0.0624999999999999,0.125,0.15625,0.1875,0.21875,
0.25,0.28125,0.3125,0.34375,0.359375,0.375,0.390625,0.40625,0.421875,0.4375,
0.4453125,0.453125,0.4609375,0.46875,0.4765625,0.48046875,0.484375,0.48828125,
0.4921875,0.49609375,0.498046875,0.5,0.501953125,0.50390625,0.5078125,0.51171875,
0.515625,0.51953125,0.5234375,0.53125,0.5390625,0.546875,0.5546875,0.5625,
0.578125,0.59375,0.609375,0.625,0.640625,0.65625,0.6875,0.71875,0.75,0.78125,
0.8125,0.84375,0.875,0.9375,1.),(0.,0.480000000000042),.UNSPECIFIED.);
#66=B_SPLINE_SURFACE_WITH_KNOTS('',3,1,((#4715,#4716),(#4717,#4718),(#4719,
#4720),(#4721,#4722),(#4723,#4724),(#4725,#4726),(#4727,#4728),(#4729,#4730),
(#4731,#4732),(#4733,#4734),(#4735,#4736),(#4737,#4738),(#4739,#4740),(#4741,
#4742),(#4743,#4744)),.UNSPECIFIED.,.F.,.F.,.F.,(4,1,1,1,1,1,1,1,1,1,1,
1,4),(2,2),(0.480150145632388,0.485112609224293,0.490075072816199,0.492556304612152,
0.495037536408105,0.497518768204057,0.50000000000001,0.502481231795963,
0.504962463591916,0.507443695387869,0.509924927183822,0.514887390775727,
0.519849854367633),(0.,2.64),.UNSPECIFIED.);
#67=B_SPLINE_SURFACE_WITH_KNOTS('',3,1,((#4751,#4752),(#4753,#4754),(#4755,
#4756),(#4757,#4758),(#4759,#4760),(#4761,#4762),(#4763,#4764),(#4765,#4766),
(#4767,#4768),(#4769,#4770),(#4771,#4772),(#4773,#4774),(#4775,#4776),(#4777,
#4778),(#4779,#4780)),.UNSPECIFIED.,.F.,.F.,.F.,(4,1,1,1,1,1,1,1,1,1,1,
1,4),(2,2),(0.480150145632388,0.485112609224293,0.490075072816199,0.492556304612152,
0.495037536408105,0.497518768204057,0.50000000000001,0.502481231795963,
0.504962463591916,0.507443695387869,0.509924927183822,0.514887390775727,
0.519849854367633),(0.,2.4),.UNSPECIFIED.);
#68=B_SPLINE_SURFACE_WITH_KNOTS('',3,1,((#4784,#4785),(#4786,#4787),(#4788,
#4789),(#4790,#4791),(#4792,#4793),(#4794,#4795),(#4796,#4797),(#4798,#4799),
(#4800,#4801),(#4802,#4803),(#4804,#4805),(#4806,#4807),(#4808,#4809),(#4810,
#4811),(#4812,#4813)),.UNSPECIFIED.,.F.,.F.,.F.,(4,1,1,1,1,1,1,1,1,1,1,
1,4),(2,2),(0.480150145632388,0.485112609224293,0.490075072816199,0.492556304612152,
0.495037536408105,0.497518768204057,0.50000000000001,0.502481231795963,
0.504962463591916,0.507443695387869,0.509924927183822,0.514887390775727,
0.519849854367633),(0.,2.52),.UNSPECIFIED.);
#69=B_SPLINE_SURFACE_WITH_KNOTS('',3,1,((#4814,#4815),(#4816,#4817),(#4818,
#4819),(#4820,#4821),(#4822,#4823),(#4824,#4825),(#4826,#4827),(#4828,#4829),
(#4830,#4831),(#4832,#4833),(#4834,#4835),(#4836,#4837),(#4838,#4839),(#4840,
#4841),(#4842,#4843)),.UNSPECIFIED.,.F.,.F.,.F.,(4,1,1,1,1,1,1,1,1,1,1,
1,4),(2,2),(0.480150145632388,0.485112609224293,0.490075072816199,0.492556304612152,
0.495037536408105,0.497518768204057,0.50000000000001,0.502481231795963,
0.504962463591916,0.507443695387869,0.509924927183822,0.514887390775727,
0.519849854367633),(0.,2.52),.UNSPECIFIED.);
#70=B_SPLINE_SURFACE_WITH_KNOTS('',3,1,((#4847,#4848),(#4849,#4850),(#4851,
#4852),(#4853,#4854)),.UNSPECIFIED.,.F.,.F.,.F.,(4,4),(2,2),(0.9307323336088,
1.),(0.,2.64),.UNSPECIFIED.);
#71=B_SPLINE_SURFACE_WITH_KNOTS('',3,1,((#4858,#4859),(#4860,#4861),(#4862,
#4863),(#4864,#4865)),.UNSPECIFIED.,.F.,.F.,.F.,(4,4),(2,2),(0.,0.0692677246891453),
(0.,2.64),.UNSPECIFIED.);
#72=B_SPLINE_SURFACE_WITH_KNOTS('',3,1,((#4866,#4867),(#4868,#4869),(#4870,
#4871),(#4872,#4873)),.UNSPECIFIED.,.F.,.F.,.F.,(4,4),(2,2),(0.9307323336088,
1.),(0.,2.40000000000002),.UNSPECIFIED.);
#73=B_SPLINE_SURFACE_WITH_KNOTS('',3,1,((#4877,#4878),(#4879,#4880),(#4881,
#4882),(#4883,#4884)),.UNSPECIFIED.,.F.,.F.,.F.,(4,4),(2,2),(0.,0.0692677246891496),
(0.,2.4),.UNSPECIFIED.);
#74=B_SPLINE_SURFACE_WITH_KNOTS('',3,1,((#4888,#4889),(#4890,#4891),(#4892,
#4893),(#4894,#4895)),.UNSPECIFIED.,.F.,.F.,.F.,(4,4),(2,2),(0.9307323336088,
1.),(0.,2.52),.UNSPECIFIED.);
#75=B_SPLINE_SURFACE_WITH_KNOTS('',3,1,((#4896,#4897),(#4898,#4899),(#4900,
#4901),(#4902,#4903)),.UNSPECIFIED.,.F.,.F.,.F.,(4,4),(2,2),(0.,0.0692677246891496),
(0.,2.52),.UNSPECIFIED.);
#76=B_SPLINE_SURFACE_WITH_KNOTS('',3,1,((#4904,#4905),(#4906,#4907),(#4908,
#4909),(#4910,#4911)),.UNSPECIFIED.,.F.,.F.,.F.,(4,4),(2,2),(0.9307323336088,
1.),(0.,2.52),.UNSPECIFIED.);
#77=B_SPLINE_SURFACE_WITH_KNOTS('',3,1,((#4913,#4914),(#4915,#4916),(#4917,
#4918),(#4919,#4920)),.UNSPECIFIED.,.F.,.F.,.F.,(4,4),(2,2),(0.,0.0692677246891496),
(0.,2.52),.UNSPECIFIED.);
#78=FACE_BOUND('',#355,.T.);
#79=FACE_BOUND('',#356,.T.);
#80=FACE_BOUND('',#357,.T.);
#81=FACE_BOUND('',#358,.T.);
#82=FACE_BOUND('',#359,.T.);
#83=FACE_BOUND('',#360,.T.);
#84=FACE_BOUND('',#361,.T.);
#85=FACE_BOUND('',#362,.T.);
#86=FACE_BOUND('',#369,.T.);
#87=FACE_BOUND('',#370,.T.);
#88=FACE_BOUND('',#371,.T.);
#89=FACE_BOUND('',#372,.T.);
#90=FACE_BOUND('',#373,.T.);
#91=FACE_BOUND('',#374,.T.);
#92=FACE_BOUND('',#375,.T.);
#93=FACE_BOUND('',#376,.T.);
#94=FACE_BOUND('',#377,.T.);
#95=FACE_BOUND('',#379,.T.);
#96=FACE_BOUND('',#380,.T.);
#97=FACE_BOUND('',#381,.T.);
#98=FACE_BOUND('',#382,.T.);
#99=FACE_BOUND('',#383,.T.);
#100=FACE_BOUND('',#384,.T.);
#101=FACE_BOUND('',#385,.T.);
#102=FACE_BOUND('',#386,.T.);
#103=FACE_BOUND('',#387,.T.);
#104=FACE_BOUND('',#389,.T.);
#105=FACE_BOUND('',#390,.T.);
#106=FACE_BOUND('',#391,.T.);
#107=FACE_BOUND('',#392,.T.);
#108=FACE_BOUND('',#393,.T.);
#109=FACE_BOUND('',#394,.T.);
#110=FACE_BOUND('',#395,.T.);
#111=FACE_BOUND('',#396,.T.);
#112=FACE_BOUND('',#397,.T.);
#113=FACE_BOUND('',#399,.T.);
#114=FACE_BOUND('',#400,.T.);
#115=FACE_BOUND('',#401,.T.);
#116=FACE_BOUND('',#402,.T.);
#117=FACE_BOUND('',#403,.T.);
#118=FACE_BOUND('',#404,.T.);
#119=FACE_BOUND('',#405,.T.);
#120=FACE_BOUND('',#406,.T.);
#121=FACE_BOUND('',#407,.T.);
#122=FACE_BOUND('',#409,.T.);
#123=FACE_BOUND('',#410,.T.);
#124=FACE_BOUND('',#411,.T.);
#125=FACE_BOUND('',#412,.T.);
#126=FACE_BOUND('',#413,.T.);
#127=FACE_BOUND('',#414,.T.);
#128=FACE_BOUND('',#415,.T.);
#129=FACE_BOUND('',#416,.T.);
#130=FACE_BOUND('',#417,.T.);
#131=FACE_BOUND('',#419,.T.);
#132=FACE_BOUND('',#420,.T.);
#133=FACE_BOUND('',#421,.T.);
#134=FACE_BOUND('',#422,.T.);
#135=FACE_BOUND('',#423,.T.);
#136=FACE_BOUND('',#424,.T.);
#137=FACE_BOUND('',#425,.T.);
#138=FACE_BOUND('',#427,.T.);
#139=FACE_BOUND('',#428,.T.);
#140=FACE_BOUND('',#429,.T.);
#141=FACE_BOUND('',#430,.T.);
#142=FACE_BOUND('',#431,.T.);
#143=FACE_BOUND('',#432,.T.);
#144=FACE_BOUND('',#433,.T.);
#145=FACE_BOUND('',#434,.T.);
#146=FACE_BOUND('',#435,.T.);
#147=FACE_BOUND('',#451,.T.);
#148=FACE_BOUND('',#452,.T.);
#149=CIRCLE('',#2178,9.89886592735058);
#150=CIRCLE('',#2179,2.5);
#151=CIRCLE('',#2180,2.);
#152=CIRCLE('',#2181,1.61300626894953);
#153=CIRCLE('',#2182,2.5);
#154=CIRCLE('',#2183,2.5);
#155=CIRCLE('',#2184,2.5);
#156=CIRCLE('',#2185,2.5);
#157=CIRCLE('',#2186,2.5);
#158=CIRCLE('',#2187,1.58739008747265);
#159=CIRCLE('',#2189,2.);
#160=CIRCLE('',#2192,0.0882);
#161=CIRCLE('',#2194,1.58739008747265);
#162=CIRCLE('',#2196,9.89886592735058);
#163=CIRCLE('',#2197,2.5);
#164=CIRCLE('',#2198,0.769094517692257);
#165=CIRCLE('',#2199,1.61300626894953);
#166=CIRCLE('',#2200,1.58739008747265);
#167=CIRCLE('',#2201,2.);
#168=CIRCLE('',#2202,2.5);
#169=CIRCLE('',#2203,2.5);
#170=CIRCLE('',#2204,2.5);
#171=CIRCLE('',#2205,2.5);
#172=CIRCLE('',#2206,2.5);
#173=CIRCLE('',#2208,9.89886592735058);
#174=CIRCLE('',#2209,2.5);
#175=CIRCLE('',#2210,0.769094517692257);
#176=CIRCLE('',#2211,1.61300626894953);
#177=CIRCLE('',#2212,1.58739008747265);
#178=CIRCLE('',#2213,2.);
#179=CIRCLE('',#2214,2.5);
#180=CIRCLE('',#2215,2.5);
#181=CIRCLE('',#2216,2.5);
#182=CIRCLE('',#2217,2.5);
#183=CIRCLE('',#2218,2.5);
#184=CIRCLE('',#2220,9.89886592735058);
#185=CIRCLE('',#2221,2.5);
#186=CIRCLE('',#2222,1.58739008747265);
#187=CIRCLE('',#2223,1.61300626894953);
#188=CIRCLE('',#2224,0.769094517692257);
#189=CIRCLE('',#2225,2.5);
#190=CIRCLE('',#2226,2.5);
#191=CIRCLE('',#2227,2.5);
#192=CIRCLE('',#2228,2.5);
#193=CIRCLE('',#2229,2.5);
#194=CIRCLE('',#2230,2.);
#195=CIRCLE('',#2232,9.89886592735058);
#196=CIRCLE('',#2233,2.5);
#197=CIRCLE('',#2234,0.769094517692257);
#198=CIRCLE('',#2235,1.61300626894953);
#199=CIRCLE('',#2236,1.58739008747265);
#200=CIRCLE('',#2237,2.);
#201=CIRCLE('',#2238,2.5);
#202=CIRCLE('',#2239,2.5);
#203=CIRCLE('',#2240,2.5);
#204=CIRCLE('',#2241,2.5);
#205=CIRCLE('',#2242,2.5);
#206=CIRCLE('',#2244,9.89886592735058);
#207=CIRCLE('',#2245,2.5);
#208=CIRCLE('',#2246,1.58739008747265);
#209=CIRCLE('',#2247,1.61300626894953);
#210=CIRCLE('',#2248,0.769094517692257);
#211=CIRCLE('',#2249,2.5);
#212=CIRCLE('',#2250,2.5);
#213=CIRCLE('',#2251,2.5);
#214=CIRCLE('',#2252,2.5);
#215=CIRCLE('',#2253,2.5);
#216=CIRCLE('',#2254,2.);
#217=CIRCLE('',#2256,9.89886592735058);
#218=CIRCLE('',#2257,2.5);
#219=CIRCLE('',#2258,1.61300626894953);
#220=CIRCLE('',#2259,1.58739008747265);
#221=CIRCLE('',#2260,2.5);
#222=CIRCLE('',#2261,2.5);
#223=CIRCLE('',#2262,2.5);
#224=CIRCLE('',#2263,2.5);
#225=CIRCLE('',#2264,2.5);
#226=CIRCLE('',#2266,9.89886592735058);
#227=CIRCLE('',#2267,2.5);
#228=CIRCLE('',#2268,0.769094517692257);
#229=CIRCLE('',#2269,2.5);
#230=CIRCLE('',#2270,2.5);
#231=CIRCLE('',#2271,2.5);
#232=CIRCLE('',#2272,1.61300626894953);
#233=CIRCLE('',#2273,2.5);
#234=CIRCLE('',#2274,2.5);
#235=CIRCLE('',#2275,2.);
#236=CIRCLE('',#2288,0.0882);
#237=CIRCLE('',#2290,2.);
#238=CIRCLE('',#2292,0.769094517692257);
#239=CIRCLE('',#2301,2.);
#240=CIRCLE('',#2304,0.769094517692257);
#241=FACE_OUTER_BOUND('',#353,.T.);
#242=FACE_OUTER_BOUND('',#354,.T.);
#243=FACE_OUTER_BOUND('',#363,.T.);
#244=FACE_OUTER_BOUND('',#364,.T.);
#245=FACE_OUTER_BOUND('',#365,.T.);
#246=FACE_OUTER_BOUND('',#366,.T.);
#247=FACE_OUTER_BOUND('',#367,.T.);
#248=FACE_OUTER_BOUND('',#368,.T.);
#249=FACE_OUTER_BOUND('',#378,.T.);
#250=FACE_OUTER_BOUND('',#388,.T.);
#251=FACE_OUTER_BOUND('',#398,.T.);
#252=FACE_OUTER_BOUND('',#408,.T.);
#253=FACE_OUTER_BOUND('',#418,.T.);
#254=FACE_OUTER_BOUND('',#426,.T.);
#255=FACE_OUTER_BOUND('',#436,.T.);
#256=FACE_OUTER_BOUND('',#437,.T.);
#257=FACE_OUTER_BOUND('',#438,.T.);
#258=FACE_OUTER_BOUND('',#439,.T.);
#259=FACE_OUTER_BOUND('',#440,.T.);
#260=FACE_OUTER_BOUND('',#441,.T.);
#261=FACE_OUTER_BOUND('',#442,.T.);
#262=FACE_OUTER_BOUND('',#443,.T.);
#263=FACE_OUTER_BOUND('',#444,.T.);
#264=FACE_OUTER_BOUND('',#445,.T.);
#265=FACE_OUTER_BOUND('',#446,.T.);
#266=FACE_OUTER_BOUND('',#447,.T.);
#267=FACE_OUTER_BOUND('',#448,.T.);
#268=FACE_OUTER_BOUND('',#449,.T.);
#269=FACE_OUTER_BOUND('',#450,.T.);
#270=FACE_OUTER_BOUND('',#453,.T.);
#271=FACE_OUTER_BOUND('',#454,.T.);
#272=FACE_OUTER_BOUND('',#455,.T.);
#273=FACE_OUTER_BOUND('',#456,.T.);
#274=FACE_OUTER_BOUND('',#457,.T.);
#275=FACE_OUTER_BOUND('',#458,.T.);
#276=FACE_OUTER_BOUND('',#459,.T.);
#277=FACE_OUTER_BOUND('',#460,.T.);
#278=FACE_OUTER_BOUND('',#461,.T.);
#279=FACE_OUTER_BOUND('',#462,.T.);
#280=FACE_OUTER_BOUND('',#463,.T.);
#281=FACE_OUTER_BOUND('',#464,.T.);
#282=FACE_OUTER_BOUND('',#465,.T.);
#283=FACE_OUTER_BOUND('',#466,.T.);
#284=FACE_OUTER_BOUND('',#467,.T.);
#285=FACE_OUTER_BOUND('',#468,.T.);
#286=FACE_OUTER_BOUND('',#469,.T.);
#287=FACE_OUTER_BOUND('',#470,.T.);
#288=FACE_OUTER_BOUND('',#471,.T.);
#289=FACE_OUTER_BOUND('',#472,.T.);
#290=FACE_OUTER_BOUND('',#473,.T.);
#291=FACE_OUTER_BOUND('',#474,.T.);
#292=FACE_OUTER_BOUND('',#475,.T.);
#293=FACE_OUTER_BOUND('',#476,.T.);
#294=FACE_OUTER_BOUND('',#477,.T.);
#295=FACE_OUTER_BOUND('',#478,.T.);
#296=FACE_OUTER_BOUND('',#479,.T.);
#297=FACE_OUTER_BOUND('',#480,.T.);
#298=FACE_OUTER_BOUND('',#481,.T.);
#299=FACE_OUTER_BOUND('',#482,.T.);
#300=FACE_OUTER_BOUND('',#483,.T.);
#301=FACE_OUTER_BOUND('',#484,.T.);
#302=FACE_OUTER_BOUND('',#485,.T.);
#303=FACE_OUTER_BOUND('',#486,.T.);
#304=FACE_OUTER_BOUND('',#487,.T.);
#305=FACE_OUTER_BOUND('',#488,.T.);
#306=FACE_OUTER_BOUND('',#489,.T.);
#307=FACE_OUTER_BOUND('',#490,.T.);
#308=FACE_OUTER_BOUND('',#491,.T.);
#309=FACE_OUTER_BOUND('',#492,.T.);
#310=FACE_OUTER_BOUND('',#493,.T.);
#311=FACE_OUTER_BOUND('',#494,.T.);
#312=FACE_OUTER_BOUND('',#495,.T.);
#313=FACE_OUTER_BOUND('',#496,.T.);
#314=FACE_OUTER_BOUND('',#497,.T.);
#315=FACE_OUTER_BOUND('',#498,.T.);
#316=FACE_OUTER_BOUND('',#499,.T.);
#317=FACE_OUTER_BOUND('',#500,.T.);
#318=FACE_OUTER_BOUND('',#501,.T.);
#319=FACE_OUTER_BOUND('',#502,.T.);
#320=FACE_OUTER_BOUND('',#503,.T.);
#321=FACE_OUTER_BOUND('',#504,.T.);
#322=FACE_OUTER_BOUND('',#505,.T.);
#323=FACE_OUTER_BOUND('',#506,.T.);
#324=FACE_OUTER_BOUND('',#507,.T.);
#325=FACE_OUTER_BOUND('',#508,.T.);
#326=FACE_OUTER_BOUND('',#509,.T.);
#327=FACE_OUTER_BOUND('',#510,.T.);
#328=FACE_OUTER_BOUND('',#511,.T.);
#329=FACE_OUTER_BOUND('',#512,.T.);
#330=FACE_OUTER_BOUND('',#513,.T.);
#331=FACE_OUTER_BOUND('',#514,.T.);
#332=FACE_OUTER_BOUND('',#515,.T.);
#333=FACE_OUTER_BOUND('',#516,.T.);
#334=FACE_OUTER_BOUND('',#517,.T.);
#335=FACE_OUTER_BOUND('',#518,.T.);
#336=FACE_OUTER_BOUND('',#519,.T.);
#337=FACE_OUTER_BOUND('',#520,.T.);
#338=FACE_OUTER_BOUND('',#521,.T.);
#339=FACE_OUTER_BOUND('',#522,.T.);
#340=FACE_OUTER_BOUND('',#523,.T.);
#341=FACE_OUTER_BOUND('',#524,.T.);
#342=FACE_OUTER_BOUND('',#525,.T.);
#343=FACE_OUTER_BOUND('',#526,.T.);
#344=FACE_OUTER_BOUND('',#527,.T.);
#345=FACE_OUTER_BOUND('',#528,.T.);
#346=FACE_OUTER_BOUND('',#529,.T.);
#347=FACE_OUTER_BOUND('',#530,.T.);
#348=FACE_OUTER_BOUND('',#531,.T.);
#349=FACE_OUTER_BOUND('',#532,.T.);
#350=FACE_OUTER_BOUND('',#533,.T.);
#351=FACE_OUTER_BOUND('',#534,.T.);
#352=FACE_OUTER_BOUND('',#535,.T.);
#353=EDGE_LOOP('',(#1391,#1392));
#354=EDGE_LOOP('',(#1393,#1394,#1395,#1396,#1397,#1398));
#355=EDGE_LOOP('',(#1399));
#356=EDGE_LOOP('',(#1400));
#357=EDGE_LOOP('',(#1401,#1402));
#358=EDGE_LOOP('',(#1403,#1404));
#359=EDGE_LOOP('',(#1405,#1406));
#360=EDGE_LOOP('',(#1407,#1408));
#361=EDGE_LOOP('',(#1409,#1410));
#362=EDGE_LOOP('',(#1411));
#363=EDGE_LOOP('',(#1412,#1413,#1414,#1415,#1416,#1417,#1418,#1419,#1420,
#1421));
#364=EDGE_LOOP('',(#1422,#1423,#1424,#1425));
#365=EDGE_LOOP('',(#1426));
#366=EDGE_LOOP('',(#1427,#1428));
#367=EDGE_LOOP('',(#1429,#1430,#1431,#1432));
#368=EDGE_LOOP('',(#1433,#1434,#1435,#1436,#1437,#1438));
#369=EDGE_LOOP('',(#1439));
#370=EDGE_LOOP('',(#1440));
#371=EDGE_LOOP('',(#1441));
#372=EDGE_LOOP('',(#1442));
#373=EDGE_LOOP('',(#1443,#1444));
#374=EDGE_LOOP('',(#1445,#1446));
#375=EDGE_LOOP('',(#1447,#1448));
#376=EDGE_LOOP('',(#1449,#1450));
#377=EDGE_LOOP('',(#1451,#1452));
#378=EDGE_LOOP('',(#1453,#1454,#1455,#1456,#1457,#1458));
#379=EDGE_LOOP('',(#1459));
#380=EDGE_LOOP('',(#1460));
#381=EDGE_LOOP('',(#1461));
#382=EDGE_LOOP('',(#1462));
#383=EDGE_LOOP('',(#1463,#1464));
#384=EDGE_LOOP('',(#1465,#1466));
#385=EDGE_LOOP('',(#1467,#1468));
#386=EDGE_LOOP('',(#1469,#1470));
#387=EDGE_LOOP('',(#1471,#1472));
#388=EDGE_LOOP('',(#1473,#1474,#1475,#1476,#1477,#1478));
#389=EDGE_LOOP('',(#1479));
#390=EDGE_LOOP('',(#1480));
#391=EDGE_LOOP('',(#1481));
#392=EDGE_LOOP('',(#1482,#1483));
#393=EDGE_LOOP('',(#1484,#1485));
#394=EDGE_LOOP('',(#1486,#1487));
#395=EDGE_LOOP('',(#1488,#1489));
#396=EDGE_LOOP('',(#1490,#1491));
#397=EDGE_LOOP('',(#1492));
#398=EDGE_LOOP('',(#1493,#1494,#1495,#1496,#1497,#1498));
#399=EDGE_LOOP('',(#1499));
#400=EDGE_LOOP('',(#1500));
#401=EDGE_LOOP('',(#1501));
#402=EDGE_LOOP('',(#1502));
#403=EDGE_LOOP('',(#1503,#1504));
#404=EDGE_LOOP('',(#1505,#1506));
#405=EDGE_LOOP('',(#1507,#1508));
#406=EDGE_LOOP('',(#1509,#1510));
#407=EDGE_LOOP('',(#1511,#1512));
#408=EDGE_LOOP('',(#1513,#1514,#1515,#1516,#1517,#1518));
#409=EDGE_LOOP('',(#1519));
#410=EDGE_LOOP('',(#1520));
#411=EDGE_LOOP('',(#1521));
#412=EDGE_LOOP('',(#1522,#1523));
#413=EDGE_LOOP('',(#1524,#1525));
#414=EDGE_LOOP('',(#1526,#1527));
#415=EDGE_LOOP('',(#1528,#1529));
#416=EDGE_LOOP('',(#1530,#1531));
#417=EDGE_LOOP('',(#1532));
#418=EDGE_LOOP('',(#1533,#1534,#1535,#1536,#1537,#1538));
#419=EDGE_LOOP('',(#1539));
#420=EDGE_LOOP('',(#1540));
#421=EDGE_LOOP('',(#1541,#1542));
#422=EDGE_LOOP('',(#1543,#1544));
#423=EDGE_LOOP('',(#1545,#1546));
#424=EDGE_LOOP('',(#1547,#1548));
#425=EDGE_LOOP('',(#1549,#1550));
#426=EDGE_LOOP('',(#1551,#1552,#1553,#1554,#1555,#1556));
#427=EDGE_LOOP('',(#1557));
#428=EDGE_LOOP('',(#1558,#1559));
#429=EDGE_LOOP('',(#1560,#1561));
#430=EDGE_LOOP('',(#1562,#1563));
#431=EDGE_LOOP('',(#1564));
#432=EDGE_LOOP('',(#1565));
#433=EDGE_LOOP('',(#1566,#1567));
#434=EDGE_LOOP('',(#1568,#1569));
#435=EDGE_LOOP('',(#1570));
#436=EDGE_LOOP('',(#1571,#1572));
#437=EDGE_LOOP('',(#1573,#1574));
#438=EDGE_LOOP('',(#1575,#1576));
#439=EDGE_LOOP('',(#1577,#1578));
#440=EDGE_LOOP('',(#1579,#1580));
#441=EDGE_LOOP('',(#1581,#1582));
#442=EDGE_LOOP('',(#1583,#1584));
#443=EDGE_LOOP('',(#1585,#1586,#1587,#1588));
#444=EDGE_LOOP('',(#1589,#1590,#1591,#1592));
#445=EDGE_LOOP('',(#1593,#1594,#1595,#1596));
#446=EDGE_LOOP('',(#1597,#1598,#1599,#1600));
#447=EDGE_LOOP('',(#1601,#1602,#1603,#1604,#1605,#1606,#1607,#1608,#1609,
#1610));
#448=EDGE_LOOP('',(#1611,#1612,#1613,#1614,#1615,#1616,#1617,#1618,#1619,
#1620,#1621,#1622,#1623,#1624,#1625,#1626,#1627,#1628,#1629,#1630));
#449=EDGE_LOOP('',(#1631,#1632,#1633,#1634));
#450=EDGE_LOOP('',(#1635,#1636));
#451=EDGE_LOOP('',(#1637));
#452=EDGE_LOOP('',(#1638));
#453=EDGE_LOOP('',(#1639,#1640,#1641,#1642,#1643,#1644,#1645,#1646,#1647,
#1648,#1649,#1650,#1651,#1652,#1653,#1654));
#454=EDGE_LOOP('',(#1655,#1656,#1657,#1658));
#455=EDGE_LOOP('',(#1659,#1660,#1661,#1662,#1663,#1664,#1665,#1666,#1667,
#1668,#1669,#1670,#1671,#1672,#1673,#1674));
#456=EDGE_LOOP('',(#1675,#1676,#1677,#1678));
#457=EDGE_LOOP('',(#1679,#1680,#1681,#1682));
#458=EDGE_LOOP('',(#1683,#1684,#1685,#1686));
#459=EDGE_LOOP('',(#1687,#1688,#1689,#1690));
#460=EDGE_LOOP('',(#1691,#1692,#1693,#1694));
#461=EDGE_LOOP('',(#1695,#1696,#1697,#1698));
#462=EDGE_LOOP('',(#1699,#1700,#1701,#1702,#1703,#1704,#1705,#1706,#1707,
#1708,#1709,#1710,#1711,#1712,#1713,#1714));
#463=EDGE_LOOP('',(#1715));
#464=EDGE_LOOP('',(#1716,#1717,#1718,#1719));
#465=EDGE_LOOP('',(#1720));
#466=EDGE_LOOP('',(#1721,#1722,#1723,#1724));
#467=EDGE_LOOP('',(#1725,#1726,#1727,#1728));
#468=EDGE_LOOP('',(#1729,#1730,#1731,#1732));
#469=EDGE_LOOP('',(#1733,#1734,#1735,#1736));
#470=EDGE_LOOP('',(#1737,#1738,#1739,#1740));
#471=EDGE_LOOP('',(#1741,#1742,#1743,#1744));
#472=EDGE_LOOP('',(#1745,#1746,#1747,#1748));
#473=EDGE_LOOP('',(#1749,#1750,#1751,#1752));
#474=EDGE_LOOP('',(#1753,#1754,#1755,#1756));
#475=EDGE_LOOP('',(#1757,#1758,#1759,#1760));
#476=EDGE_LOOP('',(#1761,#1762,#1763,#1764));
#477=EDGE_LOOP('',(#1765,#1766,#1767,#1768));
#478=EDGE_LOOP('',(#1769,#1770,#1771,#1772));
#479=EDGE_LOOP('',(#1773,#1774,#1775,#1776));
#480=EDGE_LOOP('',(#1777,#1778,#1779,#1780));
#481=EDGE_LOOP('',(#1781,#1782,#1783,#1784));
#482=EDGE_LOOP('',(#1785,#1786,#1787,#1788));
#483=EDGE_LOOP('',(#1789,#1790,#1791,#1792));
#484=EDGE_LOOP('',(#1793,#1794,#1795,#1796));
#485=EDGE_LOOP('',(#1797,#1798,#1799,#1800));
#486=EDGE_LOOP('',(#1801,#1802,#1803,#1804));
#487=EDGE_LOOP('',(#1805,#1806,#1807,#1808));
#488=EDGE_LOOP('',(#1809,#1810,#1811,#1812));
#489=EDGE_LOOP('',(#1813,#1814,#1815,#1816));
#490=EDGE_LOOP('',(#1817,#1818,#1819,#1820));
#491=EDGE_LOOP('',(#1821,#1822,#1823,#1824));
#492=EDGE_LOOP('',(#1825,#1826,#1827,#1828));
#493=EDGE_LOOP('',(#1829,#1830,#1831,#1832));
#494=EDGE_LOOP('',(#1833,#1834,#1835,#1836));
#495=EDGE_LOOP('',(#1837,#1838,#1839,#1840));
#496=EDGE_LOOP('',(#1841,#1842,#1843,#1844));
#497=EDGE_LOOP('',(#1845,#1846,#1847,#1848));
#498=EDGE_LOOP('',(#1849,#1850,#1851,#1852));
#499=EDGE_LOOP('',(#1853,#1854,#1855,#1856));
#500=EDGE_LOOP('',(#1857,#1858,#1859,#1860));
#501=EDGE_LOOP('',(#1861,#1862,#1863,#1864));
#502=EDGE_LOOP('',(#1865,#1866,#1867,#1868));
#503=EDGE_LOOP('',(#1869,#1870,#1871,#1872));
#504=EDGE_LOOP('',(#1873,#1874,#1875,#1876));
#505=EDGE_LOOP('',(#1877,#1878,#1879,#1880));
#506=EDGE_LOOP('',(#1881,#1882,#1883,#1884));
#507=EDGE_LOOP('',(#1885,#1886,#1887,#1888));
#508=EDGE_LOOP('',(#1889,#1890,#1891,#1892));
#509=EDGE_LOOP('',(#1893,#1894,#1895,#1896));
#510=EDGE_LOOP('',(#1897,#1898,#1899,#1900));
#511=EDGE_LOOP('',(#1901,#1902,#1903,#1904));
#512=EDGE_LOOP('',(#1905,#1906,#1907,#1908));
#513=EDGE_LOOP('',(#1909,#1910,#1911,#1912));
#514=EDGE_LOOP('',(#1913,#1914,#1915,#1916));
#515=EDGE_LOOP('',(#1917,#1918,#1919,#1920));
#516=EDGE_LOOP('',(#1921,#1922,#1923,#1924));
#517=EDGE_LOOP('',(#1925,#1926,#1927,#1928));
#518=EDGE_LOOP('',(#1929,#1930,#1931,#1932));
#519=EDGE_LOOP('',(#1933,#1934,#1935,#1936));
#520=EDGE_LOOP('',(#1937,#1938,#1939,#1940));
#521=EDGE_LOOP('',(#1941,#1942,#1943,#1944));
#522=EDGE_LOOP('',(#1945,#1946,#1947,#1948));
#523=EDGE_LOOP('',(#1949,#1950,#1951,#1952));
#524=EDGE_LOOP('',(#1953,#1954,#1955,#1956));
#525=EDGE_LOOP('',(#1957,#1958,#1959,#1960));
#526=EDGE_LOOP('',(#1961,#1962,#1963,#1964));
#527=EDGE_LOOP('',(#1965,#1966,#1967,#1968));
#528=EDGE_LOOP('',(#1969,#1970,#1971,#1972));
#529=EDGE_LOOP('',(#1973,#1974,#1975,#1976));
#530=EDGE_LOOP('',(#1977,#1978,#1979,#1980));
#531=EDGE_LOOP('',(#1981,#1982,#1983,#1984));
#532=EDGE_LOOP('',(#1985,#1986,#1987,#1988));
#533=EDGE_LOOP('',(#1989,#1990,#1991,#1992));
#534=EDGE_LOOP('',(#1993,#1994,#1995,#1996));
#535=EDGE_LOOP('',(#1997,#1998,#1999,#2000));
#536=B_SPLINE_CURVE_WITH_KNOTS('',3,(#2899,#2900,#2901,#2902,#2903,#2904),
 .UNSPECIFIED.,.F.,.F.,(4,1,1,4),(0.407135746737212,0.421875,0.4375,0.442163477762999),
 .UNSPECIFIED.);
#537=B_SPLINE_CURVE_WITH_KNOTS('',3,(#2910,#2911,#2912,#2913,#2914,#2915,
#2916,#2917,#2918,#2919,#2920,#2921,#2922,#2923,#2924,#2925,#2926,#2927,
#2928,#2929,#2930,#2931,#2932),.UNSPECIFIED.,.F.,.F.,(4,1,1,1,1,1,1,1,1,
1,1,1,1,1,1,1,1,1,1,1,4),(0.51984986567725,0.5234375,0.53125,0.5390625,
0.546875,0.5546875,0.5625,0.578125,0.59375,0.609375,0.625,0.640625,0.65625,
0.6875,0.71875,0.75,0.78125,0.8125,0.84375,0.875,0.930732346939141),
 .UNSPECIFIED.);
#538=B_SPLINE_CURVE_WITH_KNOTS('',3,(#2935,#2936,#2937,#2938,#2939,#2940,
#2941,#2942,#2943,#2944,#2945,#2946,#2947,#2948,#2949,#2950),
 .UNSPECIFIED.,.F.,.F.,(4,1,1,1,1,1,1,1,1,1,1,1,1,4),(0.0692677056049354,
0.125,0.15625,0.1875,0.21875,0.25,0.28125,0.3125,0.34375,0.359375,0.375,
0.390625,0.40625,0.407135746737212),.UNSPECIFIED.);
#539=B_SPLINE_CURVE_WITH_KNOTS('',3,(#2952,#2953,#2954,#2955,#2956,#2957,
#2958,#2959,#2960),.UNSPECIFIED.,.F.,.F.,(4,1,1,1,1,1,4),(0.442166157643767,
0.4453125,0.453125,0.4609375,0.46875,0.4765625,0.48015013432034),
 .UNSPECIFIED.);
#540=B_SPLINE_CURVE_WITH_KNOTS('',3,(#3104,#3105,#3106,#3107,#3108,#3109),
 .UNSPECIFIED.,.F.,.F.,(4,2,4),(0.,0.494367467042157,0.988736672174326),
 .UNSPECIFIED.);
#541=B_SPLINE_CURVE_WITH_KNOTS('',3,(#3110,#3111,#3112,#3113,#3114,#3115,
#3116,#3117,#3118,#3119,#3120,#3121,#3122,#3123,#3124,#3125,#3126,#3127,
#3128,#3129,#3130,#3131,#3132,#3133,#3134,#3135,#3136,#3137,#3138,#3139,
#3140,#3141,#3142,#3143,#3144,#3145,#3146),.UNSPECIFIED.,.F.,.F.,(4,3,3,
3,3,3,3,3,3,3,3,3,4),(0.,0.0990751381634245,0.19815027632685,0.247687845408563,
0.297225414490276,0.346762983571989,0.396300552653702,0.445838121735414,
0.495375690817127,0.54491325989884,0.594450828980553,0.693525967143978,
0.792601105307404),.UNSPECIFIED.);
#542=B_SPLINE_CURVE_WITH_KNOTS('',3,(#3148,#3149,#3150,#3151,#3152,#3153),
 .UNSPECIFIED.,.F.,.F.,(4,2,4),(0.,0.494369594458226,0.988736764811244),
 .UNSPECIFIED.);
#543=B_SPLINE_CURVE_WITH_KNOTS('',3,(#3156,#3157,#3158,#3159,#3160,#3161,
#3162,#3163,#3164,#3165,#3166,#3167,#3168,#3169,#3170,#3171,#3172,#3173,
#3174,#3175,#3176,#3177,#3178,#3179,#3180,#3181,#3182,#3183,#3184,#3185,
#3186,#3187,#3188,#3189,#3190,#3191,#3192,#3193,#3194,#3195,#3196,#3197,
#3198,#3199,#3200,#3201,#3202,#3203,#3204,#3205,#3206,#3207,#3208,#3209,
#3210,#3211,#3212),.UNSPECIFIED.,.F.,.F.,(4,1,1,1,1,1,1,1,1,1,1,1,1,1,1,
1,1,1,1,1,1,1,1,1,1,1,1,1,1,1,1,1,1,1,1,1,1,1,1,1,1,1,1,1,1,1,1,1,1,1,1,
1,1,1,4),(-1.,-0.9375,-0.875,-0.84375,-0.8125,-0.78125,-0.75,-0.71875,-0.6875,
-0.65625,-0.640625,-0.625,-0.609375,-0.59375,-0.578125,-0.5625,-0.5546875,
-0.546875,-0.5390625,-0.53125,-0.5234375,-0.51953125,-0.515625,-0.51171875,
-0.5078125,-0.50390625,-0.501953125,-0.5,-0.498046875,-0.49609375,-0.4921875,
-0.48828125,-0.484375,-0.48046875,-0.4765625,-0.46875,-0.4609375,-0.453125,
-0.4453125,-0.4375,-0.421875,-0.40625,-0.390625,-0.375,-0.359375,-0.34375,
-0.3125,-0.28125,-0.25,-0.21875,-0.1875,-0.15625,-0.125,-0.0625,0.),
 .UNSPECIFIED.);
#544=B_SPLINE_CURVE_WITH_KNOTS('',3,(#3229,#3230,#3231,#3232,#3233,#3234,
#3235,#3236,#3237,#3238,#3239,#3240,#3241,#3242,#3243,#3244,#3245,#3246,
#3247,#3248,#3249,#3250,#3251),.UNSPECIFIED.,.F.,.F.,(4,1,1,1,1,1,1,1,1,
1,1,1,1,1,1,1,1,1,1,1,4),(0.519849867318335,0.5234375,0.53125,0.5390625,
0.546875,0.5546875,0.5625,0.578125,0.59375,0.609375,0.625,0.640625,0.65625,
0.6875,0.71875,0.75,0.78125,0.8125,0.84375,0.875,0.930732345031902),
 .UNSPECIFIED.);
#545=B_SPLINE_CURVE_WITH_KNOTS('',3,(#3255,#3256,#3257,#3258,#3259,#3260,
#3261,#3262,#3263),.UNSPECIFIED.,.F.,.F.,(4,1,1,1,1,1,4),(0.442166156794328,
0.4453125,0.453125,0.4609375,0.46875,0.4765625,0.480150132684893),
 .UNSPECIFIED.);
#546=B_SPLINE_CURVE_WITH_KNOTS('',3,(#3266,#3267,#3268,#3269,#3270,#3271,
#3272,#3273,#3274,#3275,#3276,#3277,#3278,#3279,#3280,#3281),
 .UNSPECIFIED.,.F.,.F.,(4,1,1,1,1,1,1,1,1,1,1,1,1,4),(0.0692677071199664,
0.125,0.15625,0.1875,0.21875,0.25,0.28125,0.3125,0.34375,0.359375,0.375,
0.390625,0.40625,0.407135746737212),.UNSPECIFIED.);
#547=B_SPLINE_CURVE_WITH_KNOTS('',3,(#3315,#3316,#3317,#3318,#3319,#3320,
#3321,#3322,#3323,#3324,#3325,#3326,#3327,#3328,#3329,#3330,#3331,#3332,
#3333,#3334,#3335,#3336,#3337),.UNSPECIFIED.,.F.,.F.,(4,1,1,1,1,1,1,1,1,
1,1,1,1,1,1,1,1,1,1,1,4),(0.519849867318335,0.5234375,0.53125,0.5390625,
0.546875,0.5546875,0.5625,0.578125,0.59375,0.609375,0.625,0.640625,0.65625,
0.6875,0.71875,0.75,0.78125,0.8125,0.84375,0.875,0.930732345031902),
 .UNSPECIFIED.);
#548=B_SPLINE_CURVE_WITH_KNOTS('',3,(#3341,#3342,#3343,#3344,#3345,#3346,
#3347,#3348,#3349),.UNSPECIFIED.,.F.,.F.,(4,1,1,1,1,1,4),(0.442166156794328,
0.4453125,0.453125,0.4609375,0.46875,0.4765625,0.480150132684894),
 .UNSPECIFIED.);
#549=B_SPLINE_CURVE_WITH_KNOTS('',3,(#3352,#3353,#3354,#3355,#3356,#3357,
#3358,#3359,#3360,#3361,#3362,#3363,#3364,#3365,#3366,#3367),
 .UNSPECIFIED.,.F.,.F.,(4,1,1,1,1,1,1,1,1,1,1,1,1,4),(0.0692677071199664,
0.125,0.15625,0.1875,0.21875,0.25,0.28125,0.3125,0.34375,0.359375,0.375,
0.390625,0.40625,0.407135746737212),.UNSPECIFIED.);
#550=B_SPLINE_CURVE_WITH_KNOTS('',3,(#3399,#3400,#3401,#3402,#3403,#3404,
#3405,#3406,#3407,#3408,#3409,#3410,#3411,#3412,#3413,#3414,#3415,#3416,
#3417,#3418,#3419,#3420,#3421),.UNSPECIFIED.,.F.,.F.,(4,1,1,1,1,1,1,1,1,
1,1,1,1,1,1,1,1,1,1,1,4),(0.519849867318335,0.5234375,0.53125,0.5390625,
0.546875,0.5546875,0.5625,0.578125,0.59375,0.609375,0.625,0.640625,0.65625,
0.6875,0.71875,0.75,0.78125,0.8125,0.84375,0.875,0.930732345031902),
 .UNSPECIFIED.);
#551=B_SPLINE_CURVE_WITH_KNOTS('',3,(#3425,#3426,#3427,#3428,#3429,#3430,
#3431,#3432,#3433,#3434,#3435,#3436,#3437,#3438,#3439,#3440),
 .UNSPECIFIED.,.F.,.F.,(4,1,1,1,1,1,1,1,1,1,1,1,1,4),(0.0692677071199663,
0.125,0.15625,0.1875,0.21875,0.25,0.28125,0.3125,0.34375,0.359375,0.375,
0.390625,0.40625,0.407135746737212),.UNSPECIFIED.);
#552=B_SPLINE_CURVE_WITH_KNOTS('',3,(#3444,#3445,#3446,#3447,#3448,#3449,
#3450,#3451,#3452),.UNSPECIFIED.,.F.,.F.,(4,1,1,1,1,1,4),(0.442166156794328,
0.4453125,0.453125,0.4609375,0.46875,0.4765625,0.480150132684893),
 .UNSPECIFIED.);
#553=B_SPLINE_CURVE_WITH_KNOTS('',3,(#3487,#3488,#3489,#3490,#3491,#3492,
#3493,#3494,#3495,#3496,#3497,#3498,#3499,#3500,#3501,#3502,#3503,#3504,
#3505,#3506,#3507,#3508,#3509),.UNSPECIFIED.,.F.,.F.,(4,1,1,1,1,1,1,1,1,
1,1,1,1,1,1,1,1,1,1,1,4),(0.519849867318335,0.5234375,0.53125,0.5390625,
0.546875,0.5546875,0.5625,0.578125,0.59375,0.609375,0.625,0.640625,0.65625,
0.6875,0.71875,0.75,0.78125,0.8125,0.84375,0.875,0.930732345031902),
 .UNSPECIFIED.);
#554=B_SPLINE_CURVE_WITH_KNOTS('',3,(#3513,#3514,#3515,#3516,#3517,#3518,
#3519,#3520,#3521),.UNSPECIFIED.,.F.,.F.,(4,1,1,1,1,1,4),(0.442166156794328,
0.4453125,0.453125,0.4609375,0.46875,0.4765625,0.480150132684894),
 .UNSPECIFIED.);
#555=B_SPLINE_CURVE_WITH_KNOTS('',3,(#3524,#3525,#3526,#3527,#3528,#3529,
#3530,#3531,#3532,#3533,#3534,#3535,#3536,#3537,#3538,#3539),
 .UNSPECIFIED.,.F.,.F.,(4,1,1,1,1,1,1,1,1,1,1,1,1,4),(0.0692677071199664,
0.125,0.15625,0.1875,0.21875,0.25,0.28125,0.3125,0.34375,0.359375,0.375,
0.390625,0.40625,0.407135746737212),.UNSPECIFIED.);
#556=B_SPLINE_CURVE_WITH_KNOTS('',3,(#3571,#3572,#3573,#3574,#3575,#3576,
#3577,#3578,#3579,#3580,#3581,#3582,#3583,#3584,#3585,#3586,#3587,#3588,
#3589,#3590,#3591,#3592,#3593),.UNSPECIFIED.,.F.,.F.,(4,1,1,1,1,1,1,1,1,
1,1,1,1,1,1,1,1,1,1,1,4),(0.519849867318334,0.5234375,0.53125,0.5390625,
0.546875,0.5546875,0.5625,0.578125,0.59375,0.609375,0.625,0.640625,0.65625,
0.6875,0.71875,0.75,0.78125,0.8125,0.84375,0.875,0.930732345031902),
 .UNSPECIFIED.);
#557=B_SPLINE_CURVE_WITH_KNOTS('',3,(#3597,#3598,#3599,#3600,#3601,#3602,
#3603,#3604,#3605,#3606,#3607,#3608,#3609,#3610,#3611,#3612),
 .UNSPECIFIED.,.F.,.F.,(4,1,1,1,1,1,1,1,1,1,1,1,1,4),(0.0692677071199663,
0.125,0.15625,0.1875,0.21875,0.25,0.28125,0.3125,0.34375,0.359375,0.375,
0.390625,0.40625,0.407135746737212),.UNSPECIFIED.);
#558=B_SPLINE_CURVE_WITH_KNOTS('',3,(#3616,#3617,#3618,#3619,#3620,#3621,
#3622,#3623,#3624),.UNSPECIFIED.,.F.,.F.,(4,1,1,1,1,1,4),(0.442166156794328,
0.4453125,0.453125,0.4609375,0.46875,0.4765625,0.480150132684894),
 .UNSPECIFIED.);
#559=B_SPLINE_CURVE_WITH_KNOTS('',3,(#3657,#3658,#3659,#3660,#3661,#3662,
#3663,#3664,#3665,#3666,#3667,#3668,#3669,#3670,#3671,#3672,#3673,#3674,
#3675,#3676,#3677,#3678,#3679),.UNSPECIFIED.,.F.,.F.,(4,1,1,1,1,1,1,1,1,
1,1,1,1,1,1,1,1,1,1,1,4),(0.519849867318335,0.5234375,0.53125,0.5390625,
0.546875,0.5546875,0.5625,0.578125,0.59375,0.609375,0.625,0.640625,0.65625,
0.6875,0.71875,0.75,0.78125,0.8125,0.84375,0.875,0.930732345031902),
 .UNSPECIFIED.);
#560=B_SPLINE_CURVE_WITH_KNOTS('',3,(#3683,#3684,#3685,#3686,#3687,#3688,
#3689,#3690,#3691,#3692,#3693,#3694,#3695,#3696,#3697,#3698),
 .UNSPECIFIED.,.F.,.F.,(4,1,1,1,1,1,1,1,1,1,1,1,1,4),(0.0692677071199661,
0.125,0.15625,0.1875,0.21875,0.25,0.28125,0.3125,0.34375,0.359375,0.375,
0.390625,0.40625,0.407135746737211),.UNSPECIFIED.);
#561=B_SPLINE_CURVE_WITH_KNOTS('',3,(#3702,#3703,#3704,#3705,#3706,#3707,
#3708,#3709,#3710),.UNSPECIFIED.,.F.,.F.,(4,1,1,1,1,1,4),(0.442166156794328,
0.4453125,0.453125,0.4609375,0.46875,0.4765625,0.480150132684893),
 .UNSPECIFIED.);
#562=B_SPLINE_CURVE_WITH_KNOTS('',3,(#3739,#3740,#3741,#3742,#3743,#3744,
#3745,#3746,#3747,#3748,#3749,#3750,#3751,#3752,#3753,#3754),
 .UNSPECIFIED.,.F.,.F.,(4,1,1,1,1,1,1,1,1,1,1,1,1,4),(-0.407135746737212,
-0.40625,-0.390625,-0.375,-0.359375,-0.34375,-0.3125,-0.28125,-0.25,-0.21875,
-0.1875,-0.15625,-0.125,-0.0692677071199662),.UNSPECIFIED.);
#563=B_SPLINE_CURVE_WITH_KNOTS('',3,(#3758,#3759,#3760,#3761,#3762,#3763,
#3764,#3765,#3766,#3767,#3768,#3769,#3770,#3771,#3772,#3773,#3774,#3775,
#3776,#3777,#3778,#3779,#3780),.UNSPECIFIED.,.F.,.F.,(4,1,1,1,1,1,1,1,1,
1,1,1,1,1,1,1,1,1,1,1,4),(-0.930732345031902,-0.875,-0.84375,-0.8125,-0.78125,
-0.75,-0.71875,-0.6875,-0.65625,-0.640625,-0.625,-0.609375,-0.59375,-0.578125,
-0.5625,-0.5546875,-0.546875,-0.5390625,-0.53125,-0.5234375,-0.519849867318335),
 .UNSPECIFIED.);
#564=B_SPLINE_CURVE_WITH_KNOTS('',3,(#3784,#3785,#3786,#3787,#3788,#3789,
#3790,#3791,#3792),.UNSPECIFIED.,.F.,.F.,(4,1,1,1,1,1,4),(-0.480150132684893,
-0.4765625,-0.46875,-0.4609375,-0.453125,-0.4453125,-0.442166156794328),
 .UNSPECIFIED.);
#565=B_SPLINE_CURVE_WITH_KNOTS('',3,(#3821,#3822,#3823,#3824,#3825,#3826),
 .UNSPECIFIED.,.F.,.F.,(4,1,1,4),(0.407135746737212,0.421875,0.4375,0.442163477762999),
 .UNSPECIFIED.);
#566=B_SPLINE_CURVE_WITH_KNOTS('',3,(#3829,#3830,#3831,#3832,#3833,#3834),
 .UNSPECIFIED.,.F.,.F.,(4,1,1,4),(0.407135746737212,0.421875,0.4375,0.442163477762999),
 .UNSPECIFIED.);
#567=B_SPLINE_CURVE_WITH_KNOTS('',3,(#3838,#3839,#3840,#3841,#3842,#3843),
 .UNSPECIFIED.,.F.,.F.,(4,1,1,4),(0.407135746737212,0.421875,0.4375,0.442163477763003),
 .UNSPECIFIED.);
#568=B_SPLINE_CURVE_WITH_KNOTS('',3,(#3845,#3846,#3847,#3848,#3849,#3850),
 .UNSPECIFIED.,.F.,.F.,(4,1,1,4),(0.407135746737212,0.421875,0.4375,0.442163477762999),
 .UNSPECIFIED.);
#569=B_SPLINE_CURVE_WITH_KNOTS('',3,(#3854,#3855,#3856,#3857,#3858,#3859),
 .UNSPECIFIED.,.F.,.F.,(4,1,1,4),(0.407135746737212,0.421875,0.4375,0.442163477762994),
 .UNSPECIFIED.);
#570=B_SPLINE_CURVE_WITH_KNOTS('',3,(#3862,#3863,#3864,#3865,#3866,#3867),
 .UNSPECIFIED.,.F.,.F.,(4,1,1,4),(0.407135746737211,0.421875,0.4375,0.442163477762994),
 .UNSPECIFIED.);
#571=B_SPLINE_CURVE_WITH_KNOTS('',3,(#3870,#3871,#3872,#3873,#3874,#3875),
 .UNSPECIFIED.,.F.,.F.,(4,1,1,4),(-0.442163477762994,-0.4375,-0.421875,
-0.407135746737211),.UNSPECIFIED.);
#572=B_SPLINE_CURVE_WITH_KNOTS('',3,(#4002,#4003,#4004,#4005,#4006,#4007,
#4008,#4009,#4010,#4011,#4012,#4013,#4014,#4015,#4016,#4017,#4018,#4019,
#4020,#4021,#4022,#4023,#4024,#4025,#4026,#4027,#4028,#4029,#4030,#4031,
#4032,#4033,#4034,#4035,#4036,#4037,#4038,#4039,#4040,#4041,#4042,#4043,
#4044,#4045,#4046,#4047,#4048,#4049,#4050,#4051,#4052,#4053,#4054,#4055,
#4056,#4057,#4058),.UNSPECIFIED.,.F.,.F.,(4,1,1,1,1,1,1,1,1,1,1,1,1,1,1,
1,1,1,1,1,1,1,1,1,1,1,1,1,1,1,1,1,1,1,1,1,1,1,1,1,1,1,1,1,1,1,1,1,1,1,1,
1,1,1,4),(0.,0.0625,0.125,0.15625,0.1875,0.21875,0.25,0.28125,0.3125,0.34375,
0.359375,0.375,0.390625,0.40625,0.421875,0.4375,0.4453125,0.453125,0.4609375,
0.46875,0.4765625,0.48046875,0.484375,0.48828125,0.4921875,0.49609375,0.498046875,
0.5,0.501953125,0.50390625,0.5078125,0.51171875,0.515625,0.51953125,0.5234375,
0.53125,0.5390625,0.546875,0.5546875,0.5625,0.578125,0.59375,0.609375,0.625,
0.640625,0.65625,0.6875,0.71875,0.75,0.78125,0.8125,0.84375,0.875,0.9375,
1.),.UNSPECIFIED.);
#573=B_SPLINE_CURVE_WITH_KNOTS('',3,(#4061,#4062,#4063,#4064,#4065),
 .UNSPECIFIED.,.F.,.F.,(4,1,4),(0.,0.0625,0.0692677056048829),
 .UNSPECIFIED.);
#574=B_SPLINE_CURVE_WITH_KNOTS('',3,(#4066,#4067,#4068,#4069,#4070,#4071,
#4072,#4073,#4074,#4075,#4076,#4077,#4078,#4079,#4080,#4081,#4082),
 .UNSPECIFIED.,.F.,.F.,(4,1,1,1,1,1,1,1,1,1,1,1,1,1,4),(0.480150145632388,
0.483636857140142,0.487250262770082,0.490431337960153,0.493218828079602,
0.495674085869199,0.497891368316545,0.5,0.502108631683455,0.504325914130801,
0.506781171920398,0.509568662039847,0.512749737229917,0.516363142859858,
0.519849854367633),.UNSPECIFIED.);
#575=B_SPLINE_CURVE_WITH_KNOTS('',3,(#4083,#4084,#4085,#4086,#4087),
 .UNSPECIFIED.,.F.,.F.,(4,1,4),(0.930732346939427,0.9375,1.),
 .UNSPECIFIED.);
#576=B_SPLINE_CURVE_WITH_KNOTS('',3,(#4237,#4238,#4239,#4240,#4241),
 .UNSPECIFIED.,.F.,.F.,(4,1,4),(0.930732346939427,0.9375,1.),
 .UNSPECIFIED.);
#577=B_SPLINE_CURVE_WITH_KNOTS('',3,(#4242,#4243,#4244,#4245,#4246,#4247,
#4248,#4249,#4250,#4251,#4252,#4253,#4254,#4255,#4256,#4257,#4258),
 .UNSPECIFIED.,.F.,.F.,(4,1,1,1,1,1,1,1,1,1,1,1,1,1,4),(0.480150145632388,
0.483636857140163,0.487250262770103,0.490431337960174,0.493218828079623,
0.49567408586922,0.497891368316566,0.500000000000021,0.502108631683476,
0.504325914130822,0.506781171920419,0.509568662039868,0.512749737229938,
0.516363142859878,0.519849854367633),.UNSPECIFIED.);
#578=B_SPLINE_CURVE_WITH_KNOTS('',3,(#4259,#4260,#4261,#4262,#4263),
 .UNSPECIFIED.,.F.,.F.,(4,1,4),(0.,0.0625,0.0692677056048409),
 .UNSPECIFIED.);
#579=B_SPLINE_CURVE_WITH_KNOTS('',3,(#4264,#4265,#4266,#4267,#4268),
 .UNSPECIFIED.,.F.,.F.,(4,1,4),(0.,0.0625,0.0692677056048829),
 .UNSPECIFIED.);
#580=B_SPLINE_CURVE_WITH_KNOTS('',3,(#4269,#4270,#4271,#4272,#4273,#4274,
#4275,#4276,#4277,#4278,#4279,#4280,#4281,#4282,#4283,#4284,#4285),
 .UNSPECIFIED.,.F.,.F.,(4,1,1,1,1,1,1,1,1,1,1,1,1,1,4),(0.480150134320383,
0.48046875,0.484375,0.48828125,0.4921875,0.49609375,0.498046875,0.5,0.501953125,
0.50390625,0.5078125,0.51171875,0.515625,0.51953125,0.519849865677214),
 .UNSPECIFIED.);
#581=B_SPLINE_CURVE_WITH_KNOTS('',3,(#4286,#4287,#4288,#4289,#4290),
 .UNSPECIFIED.,.F.,.F.,(4,1,4),(0.930732346939427,0.9375,1.),
 .UNSPECIFIED.);
#582=B_SPLINE_CURVE_WITH_KNOTS('',3,(#4407,#4408,#4409,#4410,#4411),
 .UNSPECIFIED.,.F.,.F.,(4,1,4),(0.930732346939427,0.9375,1.),
 .UNSPECIFIED.);
#583=B_SPLINE_CURVE_WITH_KNOTS('',3,(#4412,#4413,#4414,#4415,#4416,#4417,
#4418,#4419,#4420,#4421,#4422,#4423,#4424,#4425,#4426,#4427,#4428),
 .UNSPECIFIED.,.F.,.F.,(4,1,1,1,1,1,1,1,1,1,1,1,1,1,4),(0.48015013432034,
0.48046875,0.484375,0.48828125,0.4921875,0.49609375,0.498046875,0.5,0.501953125,
0.50390625,0.5078125,0.51171875,0.515625,0.51953125,0.519849865677237),
 .UNSPECIFIED.);
#584=B_SPLINE_CURVE_WITH_KNOTS('',3,(#4429,#4430,#4431,#4432,#4433),
 .UNSPECIFIED.,.F.,.F.,(4,1,4),(0.,0.0625,0.0692677056048409),
 .UNSPECIFIED.);
#585=B_SPLINE_CURVE_WITH_KNOTS('',3,(#4434,#4435,#4436,#4437,#4438),
 .UNSPECIFIED.,.F.,.F.,(4,1,4),(0.,0.0625,0.0692677056048829),
 .UNSPECIFIED.);
#586=B_SPLINE_CURVE_WITH_KNOTS('',3,(#4439,#4440,#4441,#4442,#4443,#4444,
#4445,#4446,#4447,#4448,#4449,#4450,#4451,#4452,#4453,#4454,#4455),
 .UNSPECIFIED.,.F.,.F.,(4,1,1,1,1,1,1,1,1,1,1,1,1,1,4),(0.480150134320383,
0.48046875,0.484375,0.48828125,0.4921875,0.49609375,0.498046875,0.5,0.501953125,
0.50390625,0.5078125,0.51171875,0.515625,0.51953125,0.519849865677214),
 .UNSPECIFIED.);
#587=B_SPLINE_CURVE_WITH_KNOTS('',3,(#4456,#4457,#4458,#4459,#4460),
 .UNSPECIFIED.,.F.,.F.,(4,1,4),(0.930732346939427,0.9375,1.),
 .UNSPECIFIED.);
#588=B_SPLINE_CURVE_WITH_KNOTS('',3,(#4587,#4588,#4589,#4590,#4591),
 .UNSPECIFIED.,.F.,.F.,(4,1,4),(0.930732346939427,0.9375,1.),
 .UNSPECIFIED.);
#589=B_SPLINE_CURVE_WITH_KNOTS('',3,(#4592,#4593,#4594,#4595,#4596,#4597,
#4598,#4599,#4600,#4601,#4602,#4603,#4604,#4605,#4606,#4607,#4608),
 .UNSPECIFIED.,.F.,.F.,(4,1,1,1,1,1,1,1,1,1,1,1,1,1,4),(0.48015013432034,
0.48046875,0.484375,0.48828125,0.4921875,0.49609375,0.498046875,0.5,0.501953125,
0.50390625,0.5078125,0.51171875,0.515625,0.51953125,0.519849865677237),
 .UNSPECIFIED.);
#590=B_SPLINE_CURVE_WITH_KNOTS('',3,(#4609,#4610,#4611,#4612,#4613),
 .UNSPECIFIED.,.F.,.F.,(4,1,4),(-1.41541983572281E-16,0.0624999999999999,
0.0692677056048213),.UNSPECIFIED.);
#591=B_SPLINE_CURVE_WITH_KNOTS('',3,(#4614,#4615,#4616,#4617,#4618),
 .UNSPECIFIED.,.F.,.F.,(4,1,4),(-0.0692677056048212,-0.0624999999999999,
1.41541983572281E-16),.UNSPECIFIED.);
#592=B_SPLINE_CURVE_WITH_KNOTS('',3,(#4619,#4620,#4621,#4622,#4623,#4624,
#4625,#4626,#4627,#4628,#4629,#4630,#4631,#4632,#4633,#4634,#4635),
 .UNSPECIFIED.,.F.,.F.,(4,1,1,1,1,1,1,1,1,1,1,1,1,1,4),(-0.519849865677237,
-0.51953125,-0.515625,-0.51171875,-0.5078125,-0.50390625,-0.501953125,-0.5,
-0.498046875,-0.49609375,-0.4921875,-0.48828125,-0.484375,-0.48046875,-0.48015013432034),
 .UNSPECIFIED.);
#593=B_SPLINE_CURVE_WITH_KNOTS('',3,(#4636,#4637,#4638,#4639,#4640),
 .UNSPECIFIED.,.F.,.F.,(4,1,4),(-1.,-0.9375,-0.930732346939427),
 .UNSPECIFIED.);
#594=LINE('',#2898,#749);
#595=LINE('',#2908,#750);
#596=LINE('',#2968,#751);
#597=LINE('',#2972,#752);
#598=LINE('',#2976,#753);
#599=LINE('',#2980,#754);
#600=LINE('',#2984,#755);
#601=LINE('',#3103,#756);
#602=LINE('',#3155,#757);
#603=LINE('',#3216,#758);
#604=LINE('',#3223,#759);
#605=LINE('',#3253,#760);
#606=LINE('',#3293,#761);
#607=LINE('',#3297,#762);
#608=LINE('',#3301,#763);
#609=LINE('',#3305,#764);
#610=LINE('',#3309,#765);
#611=LINE('',#3339,#766);
#612=LINE('',#3379,#767);
#613=LINE('',#3383,#768);
#614=LINE('',#3387,#769);
#615=LINE('',#3391,#770);
#616=LINE('',#3395,#771);
#617=LINE('',#3453,#772);
#618=LINE('',#3462,#773);
#619=LINE('',#3466,#774);
#620=LINE('',#3470,#775);
#621=LINE('',#3474,#776);
#622=LINE('',#3478,#777);
#623=LINE('',#3511,#778);
#624=LINE('',#3551,#779);
#625=LINE('',#3555,#780);
#626=LINE('',#3559,#781);
#627=LINE('',#3563,#782);
#628=LINE('',#3567,#783);
#629=LINE('',#3625,#784);
#630=LINE('',#3634,#785);
#631=LINE('',#3638,#786);
#632=LINE('',#3642,#787);
#633=LINE('',#3646,#788);
#634=LINE('',#3650,#789);
#635=LINE('',#3711,#790);
#636=LINE('',#3718,#791);
#637=LINE('',#3722,#792);
#638=LINE('',#3726,#793);
#639=LINE('',#3730,#794);
#640=LINE('',#3734,#795);
#641=LINE('',#3782,#796);
#642=LINE('',#3798,#797);
#643=LINE('',#3802,#798);
#644=LINE('',#3806,#799);
#645=LINE('',#3812,#800);
#646=LINE('',#3816,#801);
#647=LINE('',#3827,#802);
#648=LINE('',#3835,#803);
#649=LINE('',#3837,#804);
#650=LINE('',#3851,#805);
#651=LINE('',#3853,#806);
#652=LINE('',#3861,#807);
#653=LINE('',#3869,#808);
#654=LINE('',#3877,#809);
#655=LINE('',#3879,#810);
#656=LINE('',#3881,#811);
#657=LINE('',#3883,#812);
#658=LINE('',#4000,#813);
#659=LINE('',#4060,#814);
#660=LINE('',#4091,#815);
#661=LINE('',#4093,#816);
#662=LINE('',#4095,#817);
#663=LINE('',#4097,#818);
#664=LINE('',#4099,#819);
#665=LINE('',#4101,#820);
#666=LINE('',#4102,#821);
#667=LINE('',#4104,#822);
#668=LINE('',#4106,#823);
#669=LINE('',#4108,#824);
#670=LINE('',#4110,#825);
#671=LINE('',#4112,#826);
#672=LINE('',#4114,#827);
#673=LINE('',#4115,#828);
#674=LINE('',#4118,#829);
#675=LINE('',#4292,#830);
#676=LINE('',#4462,#831);
#677=LINE('',#4464,#832);
#678=LINE('',#4466,#833);
#679=LINE('',#4468,#834);
#680=LINE('',#4470,#835);
#681=LINE('',#4472,#836);
#682=LINE('',#4645,#837);
#683=LINE('',#4650,#838);
#684=LINE('',#4652,#839);
#685=LINE('',#4653,#840);
#686=LINE('',#4656,#841);
#687=LINE('',#4657,#842);
#688=LINE('',#4660,#843);
#689=LINE('',#4661,#844);
#690=LINE('',#4664,#845);
#691=LINE('',#4665,#846);
#692=LINE('',#4668,#847);
#693=LINE('',#4669,#848);
#694=LINE('',#4672,#849);
#695=LINE('',#4673,#850);
#696=LINE('',#4676,#851);
#697=LINE('',#4677,#852);
#698=LINE('',#4680,#853);
#699=LINE('',#4681,#854);
#700=LINE('',#4684,#855);
#701=LINE('',#4685,#856);
#702=LINE('',#4688,#857);
#703=LINE('',#4689,#858);
#704=LINE('',#4692,#859);
#705=LINE('',#4693,#860);
#706=LINE('',#4696,#861);
#707=LINE('',#4697,#862);
#708=LINE('',#4700,#863);
#709=LINE('',#4701,#864);
#710=LINE('',#4704,#865);
#711=LINE('',#4705,#866);
#712=LINE('',#4708,#867);
#713=LINE('',#4709,#868);
#714=LINE('',#4712,#869);
#715=LINE('',#4713,#870);
#716=LINE('',#4745,#871);
#717=LINE('',#4746,#872);
#718=LINE('',#4749,#873);
#719=LINE('',#4750,#874);
#720=LINE('',#4782,#875);
#721=LINE('',#4783,#876);
#722=LINE('',#4844,#877);
#723=LINE('',#4845,#878);
#724=LINE('',#4855,#879);
#725=LINE('',#4857,#880);
#726=LINE('',#4874,#881);
#727=LINE('',#4876,#882);
#728=LINE('',#4886,#883);
#729=LINE('',#4887,#884);
#730=LINE('',#4912,#885);
#731=LINE('',#4921,#886);
#732=LINE('',#4924,#887);
#733=LINE('',#4925,#888);
#734=LINE('',#4928,#889);
#735=LINE('',#4929,#890);
#736=LINE('',#4932,#891);
#737=LINE('',#4933,#892);
#738=LINE('',#4936,#893);
#739=LINE('',#4937,#894);
#740=LINE('',#4940,#895);
#741=LINE('',#4941,#896);
#742=LINE('',#4944,#897);
#743=LINE('',#4945,#898);
#744=LINE('',#4948,#899);
#745=LINE('',#4949,#900);
#746=LINE('',#4952,#901);
#747=LINE('',#4953,#902);
#748=LINE('',#4956,#903);
#749=VECTOR('',#2367,4.99891999374723);
#750=VECTOR('',#2370,3.80790097893103);
#751=VECTOR('',#2381,4.99891999374723);
#752=VECTOR('',#2384,4.99891999374723);
#753=VECTOR('',#2387,4.99891999374723);
#754=VECTOR('',#2390,4.99891999374723);
#755=VECTOR('',#2393,4.99891999374723);
#756=VECTOR('',#2396,5.);
#757=VECTOR('',#2397,5.);
#758=VECTOR('',#2402,2.);
#759=VECTOR('',#2413,1.58739008747265);
#760=VECTOR('',#2418,3.80790097893103);
#761=VECTOR('',#2431,4.99891999374723);
#762=VECTOR('',#2434,4.99891999374723);
#763=VECTOR('',#2437,4.99891999374723);
#764=VECTOR('',#2440,4.99891999374723);
#765=VECTOR('',#2443,4.99891999374723);
#766=VECTOR('',#2448,3.80790097893103);
#767=VECTOR('',#2461,4.99891999374723);
#768=VECTOR('',#2464,4.99891999374723);
#769=VECTOR('',#2467,4.99891999374723);
#770=VECTOR('',#2470,4.99891999374723);
#771=VECTOR('',#2473,4.99891999374723);
#772=VECTOR('',#2480,3.80790097893103);
#773=VECTOR('',#2487,4.99891999374723);
#774=VECTOR('',#2490,4.99891999374723);
#775=VECTOR('',#2493,4.99891999374723);
#776=VECTOR('',#2496,4.99891999374724);
#777=VECTOR('',#2499,4.99891999374723);
#778=VECTOR('',#2508,3.80790097893103);
#779=VECTOR('',#2521,4.99891999374723);
#780=VECTOR('',#2524,4.99891999374723);
#781=VECTOR('',#2527,4.99891999374723);
#782=VECTOR('',#2530,4.99891999374723);
#783=VECTOR('',#2533,4.99891999374723);
#784=VECTOR('',#2540,3.80790097893103);
#785=VECTOR('',#2547,4.99891999374723);
#786=VECTOR('',#2550,4.99891999374723);
#787=VECTOR('',#2553,4.99891999374723);
#788=VECTOR('',#2556,4.99891999374724);
#789=VECTOR('',#2559,4.99891999374723);
#790=VECTOR('',#2570,3.80790097893103);
#791=VECTOR('',#2575,4.99891999374723);
#792=VECTOR('',#2578,4.99891999374723);
#793=VECTOR('',#2581,4.99891999374723);
#794=VECTOR('',#2584,4.99891999374724);
#795=VECTOR('',#2587,4.99891999374723);
#796=VECTOR('',#2594,3.80790097893103);
#797=VECTOR('',#2599,4.99891999374723);
#798=VECTOR('',#2602,4.99891999374723);
#799=VECTOR('',#2605,4.99891999374723);
#800=VECTOR('',#2610,4.99891999374723);
#801=VECTOR('',#2613,4.99891999374723);
#802=VECTOR('',#2620,4.99891999374723);
#803=VECTOR('',#2623,4.99891999374723);
#804=VECTOR('',#2626,4.99891999374722);
#805=VECTOR('',#2629,4.99891999374723);
#806=VECTOR('',#2632,4.99891999374722);
#807=VECTOR('',#2635,4.99891999374722);
#808=VECTOR('',#2638,4.99891999374722);
#809=VECTOR('',#2641,1.58739008747265);
#810=VECTOR('',#2644,1.61300626894953);
#811=VECTOR('',#2647,1.58739008747265);
#812=VECTOR('',#2650,1.58739008747265);
#813=VECTOR('',#2651,4.);
#814=VECTOR('',#2652,4.);
#815=VECTOR('',#2657,21.);
#816=VECTOR('',#2658,3.99999999999999);
#817=VECTOR('',#2659,21.);
#818=VECTOR('',#2660,4.);
#819=VECTOR('',#2661,20.);
#820=VECTOR('',#2662,4.);
#821=VECTOR('',#2663,22.);
#822=VECTOR('',#2664,22.);
#823=VECTOR('',#2665,4.);
#824=VECTOR('',#2666,20.);
#825=VECTOR('',#2667,4.);
#826=VECTOR('',#2668,21.);
#827=VECTOR('',#2669,3.99999999999999);
#828=VECTOR('',#2670,21.);
#829=VECTOR('',#2673,2.);
#830=VECTOR('',#2682,2.);
#831=VECTOR('',#2685,2.);
#832=VECTOR('',#2688,1.61300626894953);
#833=VECTOR('',#2691,1.61300626894953);
#834=VECTOR('',#2694,0.769094517692257);
#835=VECTOR('',#2697,0.769094517692258);
#836=VECTOR('',#2700,0.769094517692258);
#837=VECTOR('',#2707,2.);
#838=VECTOR('',#2714,0.769094517692257);
#839=VECTOR('',#2717,22.);
#840=VECTOR('',#2718,22.);
#841=VECTOR('',#2723,20.);
#842=VECTOR('',#2724,20.);
#843=VECTOR('',#2729,21.);
#844=VECTOR('',#2730,21.);
#845=VECTOR('',#2735,21.);
#846=VECTOR('',#2736,21.);
#847=VECTOR('',#2741,22.);
#848=VECTOR('',#2742,22.);
#849=VECTOR('',#2747,20.);
#850=VECTOR('',#2748,20.);
#851=VECTOR('',#2753,21.);
#852=VECTOR('',#2754,21.);
#853=VECTOR('',#2759,21.);
#854=VECTOR('',#2760,21.);
#855=VECTOR('',#2765,22.);
#856=VECTOR('',#2766,22.);
#857=VECTOR('',#2771,22.);
#858=VECTOR('',#2772,22.);
#859=VECTOR('',#2777,20.);
#860=VECTOR('',#2778,20.);
#861=VECTOR('',#2783,20.);
#862=VECTOR('',#2784,20.);
#863=VECTOR('',#2789,21.);
#864=VECTOR('',#2790,21.);
#865=VECTOR('',#2795,21.);
#866=VECTOR('',#2796,21.);
#867=VECTOR('',#2801,21.);
#868=VECTOR('',#2802,21.);
#869=VECTOR('',#2807,21.);
#870=VECTOR('',#2808,21.);
#871=VECTOR('',#2811,22.);
#872=VECTOR('',#2812,22.);
#873=VECTOR('',#2817,20.);
#874=VECTOR('',#2818,20.);
#875=VECTOR('',#2821,21.);
#876=VECTOR('',#2822,21.);
#877=VECTOR('',#2823,21.);
#878=VECTOR('',#2824,21.);
#879=VECTOR('',#2827,22.);
#880=VECTOR('',#2830,22.);
#881=VECTOR('',#2831,20.);
#882=VECTOR('',#2834,20.);
#883=VECTOR('',#2837,21.);
#884=VECTOR('',#2838,21.);
#885=VECTOR('',#2839,21.);
#886=VECTOR('',#2840,21.);
#887=VECTOR('',#2845,22.);
#888=VECTOR('',#2846,22.);
#889=VECTOR('',#2851,20.);
#890=VECTOR('',#2852,20.);
#891=VECTOR('',#2857,21.);
#892=VECTOR('',#2858,21.);
#893=VECTOR('',#2863,21.);
#894=VECTOR('',#2864,21.);
#895=VECTOR('',#2869,22.);
#896=VECTOR('',#2870,22.);
#897=VECTOR('',#2875,20.);
#898=VECTOR('',#2876,20.);
#899=VECTOR('',#2881,21.);
#900=VECTOR('',#2882,21.);
#901=VECTOR('',#2887,21.);
#902=VECTOR('',#2888,21.);
#903=VECTOR('',#2893,1.61300626894953);
#904=VERTEX_POINT('',#2896);
#905=VERTEX_POINT('',#2897);
#906=VERTEX_POINT('',#2906);
#907=VERTEX_POINT('',#2907);
#908=VERTEX_POINT('',#2909);
#909=VERTEX_POINT('',#2933);
#910=VERTEX_POINT('',#2961);
#911=VERTEX_POINT('',#2963);
#912=VERTEX_POINT('',#2965);
#913=VERTEX_POINT('',#2966);
#914=VERTEX_POINT('',#2969);
#915=VERTEX_POINT('',#2970);
#916=VERTEX_POINT('',#2973);
#917=VERTEX_POINT('',#2974);
#918=VERTEX_POINT('',#2977);
#919=VERTEX_POINT('',#2978);
#920=VERTEX_POINT('',#2981);
#921=VERTEX_POINT('',#2982);
#922=VERTEX_POINT('',#2985);
#923=VERTEX_POINT('',#3101);
#924=VERTEX_POINT('',#3102);
#925=VERTEX_POINT('',#3147);
#926=VERTEX_POINT('',#3154);
#927=VERTEX_POINT('',#3214);
#928=VERTEX_POINT('',#3221);
#929=VERTEX_POINT('',#3225);
#930=VERTEX_POINT('',#3226);
#931=VERTEX_POINT('',#3228);
#932=VERTEX_POINT('',#3252);
#933=VERTEX_POINT('',#3254);
#934=VERTEX_POINT('',#3264);
#935=VERTEX_POINT('',#3282);
#936=VERTEX_POINT('',#3284);
#937=VERTEX_POINT('',#3286);
#938=VERTEX_POINT('',#3288);
#939=VERTEX_POINT('',#3290);
#940=VERTEX_POINT('',#3291);
#941=VERTEX_POINT('',#3294);
#942=VERTEX_POINT('',#3295);
#943=VERTEX_POINT('',#3298);
#944=VERTEX_POINT('',#3299);
#945=VERTEX_POINT('',#3302);
#946=VERTEX_POINT('',#3303);
#947=VERTEX_POINT('',#3306);
#948=VERTEX_POINT('',#3307);
#949=VERTEX_POINT('',#3311);
#950=VERTEX_POINT('',#3312);
#951=VERTEX_POINT('',#3314);
#952=VERTEX_POINT('',#3338);
#953=VERTEX_POINT('',#3340);
#954=VERTEX_POINT('',#3350);
#955=VERTEX_POINT('',#3368);
#956=VERTEX_POINT('',#3370);
#957=VERTEX_POINT('',#3372);
#958=VERTEX_POINT('',#3374);
#959=VERTEX_POINT('',#3376);
#960=VERTEX_POINT('',#3377);
#961=VERTEX_POINT('',#3380);
#962=VERTEX_POINT('',#3381);
#963=VERTEX_POINT('',#3384);
#964=VERTEX_POINT('',#3385);
#965=VERTEX_POINT('',#3388);
#966=VERTEX_POINT('',#3389);
#967=VERTEX_POINT('',#3392);
#968=VERTEX_POINT('',#3393);
#969=VERTEX_POINT('',#3397);
#970=VERTEX_POINT('',#3398);
#971=VERTEX_POINT('',#3422);
#972=VERTEX_POINT('',#3424);
#973=VERTEX_POINT('',#3441);
#974=VERTEX_POINT('',#3443);
#975=VERTEX_POINT('',#3454);
#976=VERTEX_POINT('',#3456);
#977=VERTEX_POINT('',#3458);
#978=VERTEX_POINT('',#3460);
#979=VERTEX_POINT('',#3461);
#980=VERTEX_POINT('',#3464);
#981=VERTEX_POINT('',#3465);
#982=VERTEX_POINT('',#3468);
#983=VERTEX_POINT('',#3469);
#984=VERTEX_POINT('',#3472);
#985=VERTEX_POINT('',#3473);
#986=VERTEX_POINT('',#3476);
#987=VERTEX_POINT('',#3477);
#988=VERTEX_POINT('',#3480);
#989=VERTEX_POINT('',#3483);
#990=VERTEX_POINT('',#3484);
#991=VERTEX_POINT('',#3486);
#992=VERTEX_POINT('',#3510);
#993=VERTEX_POINT('',#3512);
#994=VERTEX_POINT('',#3522);
#995=VERTEX_POINT('',#3540);
#996=VERTEX_POINT('',#3542);
#997=VERTEX_POINT('',#3544);
#998=VERTEX_POINT('',#3546);
#999=VERTEX_POINT('',#3548);
#1000=VERTEX_POINT('',#3549);
#1001=VERTEX_POINT('',#3552);
#1002=VERTEX_POINT('',#3553);
#1003=VERTEX_POINT('',#3556);
#1004=VERTEX_POINT('',#3557);
#1005=VERTEX_POINT('',#3560);
#1006=VERTEX_POINT('',#3561);
#1007=VERTEX_POINT('',#3564);
#1008=VERTEX_POINT('',#3565);
#1009=VERTEX_POINT('',#3569);
#1010=VERTEX_POINT('',#3570);
#1011=VERTEX_POINT('',#3594);
#1012=VERTEX_POINT('',#3596);
#1013=VERTEX_POINT('',#3613);
#1014=VERTEX_POINT('',#3615);
#1015=VERTEX_POINT('',#3626);
#1016=VERTEX_POINT('',#3628);
#1017=VERTEX_POINT('',#3630);
#1018=VERTEX_POINT('',#3632);
#1019=VERTEX_POINT('',#3633);
#1020=VERTEX_POINT('',#3636);
#1021=VERTEX_POINT('',#3637);
#1022=VERTEX_POINT('',#3640);
#1023=VERTEX_POINT('',#3641);
#1024=VERTEX_POINT('',#3644);
#1025=VERTEX_POINT('',#3645);
#1026=VERTEX_POINT('',#3648);
#1027=VERTEX_POINT('',#3649);
#1028=VERTEX_POINT('',#3652);
#1029=VERTEX_POINT('',#3655);
#1030=VERTEX_POINT('',#3656);
#1031=VERTEX_POINT('',#3680);
#1032=VERTEX_POINT('',#3682);
#1033=VERTEX_POINT('',#3699);
#1034=VERTEX_POINT('',#3701);
#1035=VERTEX_POINT('',#3712);
#1036=VERTEX_POINT('',#3714);
#1037=VERTEX_POINT('',#3716);
#1038=VERTEX_POINT('',#3717);
#1039=VERTEX_POINT('',#3720);
#1040=VERTEX_POINT('',#3721);
#1041=VERTEX_POINT('',#3724);
#1042=VERTEX_POINT('',#3725);
#1043=VERTEX_POINT('',#3728);
#1044=VERTEX_POINT('',#3729);
#1045=VERTEX_POINT('',#3732);
#1046=VERTEX_POINT('',#3733);
#1047=VERTEX_POINT('',#3737);
#1048=VERTEX_POINT('',#3738);
#1049=VERTEX_POINT('',#3755);
#1050=VERTEX_POINT('',#3757);
#1051=VERTEX_POINT('',#3781);
#1052=VERTEX_POINT('',#3783);
#1053=VERTEX_POINT('',#3794);
#1054=VERTEX_POINT('',#3796);
#1055=VERTEX_POINT('',#3797);
#1056=VERTEX_POINT('',#3800);
#1057=VERTEX_POINT('',#3801);
#1058=VERTEX_POINT('',#3804);
#1059=VERTEX_POINT('',#3805);
#1060=VERTEX_POINT('',#3808);
#1061=VERTEX_POINT('',#3810);
#1062=VERTEX_POINT('',#3811);
#1063=VERTEX_POINT('',#3814);
#1064=VERTEX_POINT('',#3815);
#1065=VERTEX_POINT('',#3818);
#1066=VERTEX_POINT('',#3998);
#1067=VERTEX_POINT('',#3999);
#1068=VERTEX_POINT('',#4001);
#1069=VERTEX_POINT('',#4059);
#1070=VERTEX_POINT('',#4090);
#1071=VERTEX_POINT('',#4092);
#1072=VERTEX_POINT('',#4094);
#1073=VERTEX_POINT('',#4096);
#1074=VERTEX_POINT('',#4098);
#1075=VERTEX_POINT('',#4100);
#1076=VERTEX_POINT('',#4103);
#1077=VERTEX_POINT('',#4105);
#1078=VERTEX_POINT('',#4107);
#1079=VERTEX_POINT('',#4109);
#1080=VERTEX_POINT('',#4111);
#1081=VERTEX_POINT('',#4113);
#1082=VERTEX_POINT('',#4117);
#1083=VERTEX_POINT('',#4121);
#1084=VERTEX_POINT('',#4642);
#1085=VERTEX_POINT('',#4647);
#1086=EDGE_CURVE('',#904,#905,#594,.T.);
#1087=EDGE_CURVE('',#905,#904,#536,.T.);
#1088=EDGE_CURVE('',#906,#907,#595,.T.);
#1089=EDGE_CURVE('',#907,#908,#537,.T.);
#1090=EDGE_CURVE('',#909,#908,#149,.F.);
#1091=EDGE_CURVE('',#909,#905,#538,.T.);
#1092=EDGE_CURVE('',#904,#905,#150,.T.);
#1093=EDGE_CURVE('',#904,#906,#539,.T.);
#1094=EDGE_CURVE('',#910,#910,#151,.T.);
#1095=EDGE_CURVE('',#911,#911,#152,.F.);
#1096=EDGE_CURVE('',#912,#913,#153,.T.);
#1097=EDGE_CURVE('',#912,#913,#596,.T.);
#1098=EDGE_CURVE('',#914,#915,#154,.T.);
#1099=EDGE_CURVE('',#914,#915,#597,.T.);
#1100=EDGE_CURVE('',#916,#917,#155,.T.);
#1101=EDGE_CURVE('',#916,#917,#598,.T.);
#1102=EDGE_CURVE('',#918,#919,#156,.T.);
#1103=EDGE_CURVE('',#918,#919,#599,.T.);
#1104=EDGE_CURVE('',#920,#921,#157,.T.);
#1105=EDGE_CURVE('',#920,#921,#600,.T.);
#1106=EDGE_CURVE('',#922,#922,#158,.F.);
#1107=EDGE_CURVE('',#923,#924,#601,.T.);
#1108=EDGE_CURVE('',#908,#924,#540,.T.);
#1109=EDGE_CURVE('',#907,#906,#541,.T.);
#1110=EDGE_CURVE('',#925,#909,#542,.T.);
#1111=EDGE_CURVE('',#926,#925,#602,.T.);
#1112=EDGE_CURVE('',#923,#926,#543,.T.);
#1113=EDGE_CURVE('',#927,#927,#159,.T.);
#1114=EDGE_CURVE('',#927,#910,#603,.T.);
#1115=EDGE_CURVE('',#926,#923,#160,.T.);
#1116=EDGE_CURVE('',#928,#928,#161,.T.);
#1117=EDGE_CURVE('',#928,#922,#604,.T.);
#1118=EDGE_CURVE('',#929,#930,#162,.T.);
#1119=EDGE_CURVE('',#931,#929,#544,.T.);
#1120=EDGE_CURVE('',#931,#932,#605,.T.);
#1121=EDGE_CURVE('',#933,#932,#545,.T.);
#1122=EDGE_CURVE('',#934,#933,#163,.T.);
#1123=EDGE_CURVE('',#930,#934,#546,.T.);
#1124=EDGE_CURVE('',#935,#935,#164,.T.);
#1125=EDGE_CURVE('',#936,#936,#165,.T.);
#1126=EDGE_CURVE('',#937,#937,#166,.T.);
#1127=EDGE_CURVE('',#938,#938,#167,.T.);
#1128=EDGE_CURVE('',#939,#940,#168,.T.);
#1129=EDGE_CURVE('',#939,#940,#606,.T.);
#1130=EDGE_CURVE('',#941,#942,#169,.T.);
#1131=EDGE_CURVE('',#941,#942,#607,.T.);
#1132=EDGE_CURVE('',#943,#944,#170,.T.);
#1133=EDGE_CURVE('',#943,#944,#608,.T.);
#1134=EDGE_CURVE('',#945,#946,#171,.T.);
#1135=EDGE_CURVE('',#945,#946,#609,.T.);
#1136=EDGE_CURVE('',#947,#948,#172,.T.);
#1137=EDGE_CURVE('',#947,#948,#610,.T.);
#1138=EDGE_CURVE('',#949,#950,#173,.T.);
#1139=EDGE_CURVE('',#951,#949,#547,.T.);
#1140=EDGE_CURVE('',#952,#951,#611,.T.);
#1141=EDGE_CURVE('',#953,#952,#548,.T.);
#1142=EDGE_CURVE('',#954,#953,#174,.T.);
#1143=EDGE_CURVE('',#950,#954,#549,.T.);
#1144=EDGE_CURVE('',#955,#955,#175,.T.);
#1145=EDGE_CURVE('',#956,#956,#176,.T.);
#1146=EDGE_CURVE('',#957,#957,#177,.F.);
#1147=EDGE_CURVE('',#958,#958,#178,.T.);
#1148=EDGE_CURVE('',#959,#960,#179,.T.);
#1149=EDGE_CURVE('',#959,#960,#612,.T.);
#1150=EDGE_CURVE('',#961,#962,#180,.T.);
#1151=EDGE_CURVE('',#961,#962,#613,.T.);
#1152=EDGE_CURVE('',#963,#964,#181,.T.);
#1153=EDGE_CURVE('',#963,#964,#614,.T.);
#1154=EDGE_CURVE('',#965,#966,#182,.T.);
#1155=EDGE_CURVE('',#965,#966,#615,.T.);
#1156=EDGE_CURVE('',#967,#968,#183,.T.);
#1157=EDGE_CURVE('',#967,#968,#616,.T.);
#1158=EDGE_CURVE('',#969,#970,#550,.T.);
#1159=EDGE_CURVE('',#970,#971,#184,.T.);
#1160=EDGE_CURVE('',#971,#972,#551,.T.);
#1161=EDGE_CURVE('',#972,#973,#185,.T.);
#1162=EDGE_CURVE('',#973,#974,#552,.T.);
#1163=EDGE_CURVE('',#974,#969,#617,.T.);
#1164=EDGE_CURVE('',#975,#975,#186,.F.);
#1165=EDGE_CURVE('',#976,#976,#187,.T.);
#1166=EDGE_CURVE('',#977,#977,#188,.T.);
#1167=EDGE_CURVE('',#978,#979,#618,.T.);
#1168=EDGE_CURVE('',#978,#979,#189,.T.);
#1169=EDGE_CURVE('',#980,#981,#619,.T.);
#1170=EDGE_CURVE('',#980,#981,#190,.T.);
#1171=EDGE_CURVE('',#982,#983,#620,.T.);
#1172=EDGE_CURVE('',#982,#983,#191,.T.);
#1173=EDGE_CURVE('',#984,#985,#621,.T.);
#1174=EDGE_CURVE('',#984,#985,#192,.T.);
#1175=EDGE_CURVE('',#986,#987,#622,.T.);
#1176=EDGE_CURVE('',#986,#987,#193,.T.);
#1177=EDGE_CURVE('',#988,#988,#194,.T.);
#1178=EDGE_CURVE('',#989,#990,#195,.T.);
#1179=EDGE_CURVE('',#991,#989,#553,.T.);
#1180=EDGE_CURVE('',#992,#991,#623,.T.);
#1181=EDGE_CURVE('',#993,#992,#554,.T.);
#1182=EDGE_CURVE('',#994,#993,#196,.T.);
#1183=EDGE_CURVE('',#990,#994,#555,.T.);
#1184=EDGE_CURVE('',#995,#995,#197,.T.);
#1185=EDGE_CURVE('',#996,#996,#198,.T.);
#1186=EDGE_CURVE('',#997,#997,#199,.F.);
#1187=EDGE_CURVE('',#998,#998,#200,.T.);
#1188=EDGE_CURVE('',#999,#1000,#201,.T.);
#1189=EDGE_CURVE('',#999,#1000,#624,.T.);
#1190=EDGE_CURVE('',#1001,#1002,#202,.T.);
#1191=EDGE_CURVE('',#1001,#1002,#625,.T.);
#1192=EDGE_CURVE('',#1003,#1004,#203,.T.);
#1193=EDGE_CURVE('',#1003,#1004,#626,.T.);
#1194=EDGE_CURVE('',#1005,#1006,#204,.T.);
#1195=EDGE_CURVE('',#1005,#1006,#627,.T.);
#1196=EDGE_CURVE('',#1007,#1008,#205,.T.);
#1197=EDGE_CURVE('',#1007,#1008,#628,.T.);
#1198=EDGE_CURVE('',#1009,#1010,#556,.T.);
#1199=EDGE_CURVE('',#1010,#1011,#206,.T.);
#1200=EDGE_CURVE('',#1011,#1012,#557,.T.);
#1201=EDGE_CURVE('',#1012,#1013,#207,.T.);
#1202=EDGE_CURVE('',#1013,#1014,#558,.T.);
#1203=EDGE_CURVE('',#1014,#1009,#629,.T.);
#1204=EDGE_CURVE('',#1015,#1015,#208,.F.);
#1205=EDGE_CURVE('',#1016,#1016,#209,.T.);
#1206=EDGE_CURVE('',#1017,#1017,#210,.T.);
#1207=EDGE_CURVE('',#1018,#1019,#630,.T.);
#1208=EDGE_CURVE('',#1018,#1019,#211,.T.);
#1209=EDGE_CURVE('',#1020,#1021,#631,.T.);
#1210=EDGE_CURVE('',#1020,#1021,#212,.T.);
#1211=EDGE_CURVE('',#1022,#1023,#632,.T.);
#1212=EDGE_CURVE('',#1022,#1023,#213,.T.);
#1213=EDGE_CURVE('',#1024,#1025,#633,.T.);
#1214=EDGE_CURVE('',#1024,#1025,#214,.T.);
#1215=EDGE_CURVE('',#1026,#1027,#634,.T.);
#1216=EDGE_CURVE('',#1026,#1027,#215,.T.);
#1217=EDGE_CURVE('',#1028,#1028,#216,.T.);
#1218=EDGE_CURVE('',#1029,#1030,#559,.T.);
#1219=EDGE_CURVE('',#1030,#1031,#217,.T.);
#1220=EDGE_CURVE('',#1031,#1032,#560,.T.);
#1221=EDGE_CURVE('',#1032,#1033,#218,.T.);
#1222=EDGE_CURVE('',#1033,#1034,#561,.T.);
#1223=EDGE_CURVE('',#1034,#1029,#635,.T.);
#1224=EDGE_CURVE('',#1035,#1035,#219,.F.);
#1225=EDGE_CURVE('',#1036,#1036,#220,.F.);
#1226=EDGE_CURVE('',#1037,#1038,#636,.T.);
#1227=EDGE_CURVE('',#1037,#1038,#221,.T.);
#1228=EDGE_CURVE('',#1039,#1040,#637,.T.);
#1229=EDGE_CURVE('',#1039,#1040,#222,.T.);
#1230=EDGE_CURVE('',#1041,#1042,#638,.T.);
#1231=EDGE_CURVE('',#1041,#1042,#223,.T.);
#1232=EDGE_CURVE('',#1043,#1044,#639,.T.);
#1233=EDGE_CURVE('',#1043,#1044,#224,.T.);
#1234=EDGE_CURVE('',#1045,#1046,#640,.T.);
#1235=EDGE_CURVE('',#1045,#1046,#225,.T.);
#1236=EDGE_CURVE('',#1047,#1048,#562,.T.);
#1237=EDGE_CURVE('',#1048,#1049,#226,.T.);
#1238=EDGE_CURVE('',#1049,#1050,#563,.T.);
#1239=EDGE_CURVE('',#1050,#1051,#641,.T.);
#1240=EDGE_CURVE('',#1051,#1052,#564,.T.);
#1241=EDGE_CURVE('',#1052,#1047,#227,.T.);
#1242=EDGE_CURVE('',#1053,#1053,#228,.F.);
#1243=EDGE_CURVE('',#1054,#1055,#642,.T.);
#1244=EDGE_CURVE('',#1054,#1055,#229,.T.);
#1245=EDGE_CURVE('',#1056,#1057,#643,.T.);
#1246=EDGE_CURVE('',#1056,#1057,#230,.T.);
#1247=EDGE_CURVE('',#1058,#1059,#644,.T.);
#1248=EDGE_CURVE('',#1058,#1059,#231,.T.);
#1249=EDGE_CURVE('',#1060,#1060,#232,.F.);
#1250=EDGE_CURVE('',#1061,#1062,#645,.T.);
#1251=EDGE_CURVE('',#1061,#1062,#233,.T.);
#1252=EDGE_CURVE('',#1063,#1064,#646,.T.);
#1253=EDGE_CURVE('',#1063,#1064,#234,.T.);
#1254=EDGE_CURVE('',#1065,#1065,#235,.F.);
#1255=EDGE_CURVE('',#934,#933,#565,.T.);
#1256=EDGE_CURVE('',#934,#933,#647,.T.);
#1257=EDGE_CURVE('',#954,#953,#566,.T.);
#1258=EDGE_CURVE('',#954,#953,#648,.T.);
#1259=EDGE_CURVE('',#972,#973,#649,.T.);
#1260=EDGE_CURVE('',#972,#973,#567,.T.);
#1261=EDGE_CURVE('',#994,#993,#568,.T.);
#1262=EDGE_CURVE('',#994,#993,#650,.T.);
#1263=EDGE_CURVE('',#1012,#1013,#651,.T.);
#1264=EDGE_CURVE('',#1012,#1013,#569,.T.);
#1265=EDGE_CURVE('',#1032,#1033,#652,.T.);
#1266=EDGE_CURVE('',#1032,#1033,#570,.T.);
#1267=EDGE_CURVE('',#1052,#1047,#653,.T.);
#1268=EDGE_CURVE('',#1052,#1047,#571,.T.);
#1269=EDGE_CURVE('',#997,#1036,#654,.T.);
#1270=EDGE_CURVE('',#996,#1035,#655,.T.);
#1271=EDGE_CURVE('',#957,#1015,#656,.T.);
#1272=EDGE_CURVE('',#937,#975,#657,.T.);
#1273=EDGE_CURVE('',#1066,#1067,#658,.T.);
#1274=EDGE_CURVE('',#1068,#1067,#572,.T.);
#1275=EDGE_CURVE('',#1069,#1068,#659,.T.);
#1276=EDGE_CURVE('',#1069,#930,#573,.T.);
#1277=EDGE_CURVE('',#932,#931,#574,.F.);
#1278=EDGE_CURVE('',#929,#1066,#575,.T.);
#1279=EDGE_CURVE('',#1067,#1068,#236,.T.);
#1280=EDGE_CURVE('',#1070,#1066,#660,.T.);
#1281=EDGE_CURVE('',#1071,#1070,#661,.T.);
#1282=EDGE_CURVE('',#1072,#1071,#662,.T.);
#1283=EDGE_CURVE('',#1073,#1072,#663,.T.);
#1284=EDGE_CURVE('',#1074,#1073,#664,.T.);
#1285=EDGE_CURVE('',#1075,#1074,#665,.T.);
#1286=EDGE_CURVE('',#924,#1075,#666,.T.);
#1287=EDGE_CURVE('',#925,#1076,#667,.T.);
#1288=EDGE_CURVE('',#1076,#1077,#668,.T.);
#1289=EDGE_CURVE('',#1077,#1078,#669,.T.);
#1290=EDGE_CURVE('',#1078,#1079,#670,.T.);
#1291=EDGE_CURVE('',#1079,#1080,#671,.T.);
#1292=EDGE_CURVE('',#1080,#1081,#672,.T.);
#1293=EDGE_CURVE('',#1081,#1069,#673,.T.);
#1294=EDGE_CURVE('',#938,#1082,#674,.T.);
#1295=EDGE_CURVE('',#1082,#1082,#237,.T.);
#1296=EDGE_CURVE('',#1083,#1083,#238,.T.);
#1297=EDGE_CURVE('',#970,#1070,#576,.T.);
#1298=EDGE_CURVE('',#974,#969,#577,.T.);
#1299=EDGE_CURVE('',#1081,#971,#578,.T.);
#1300=EDGE_CURVE('',#1080,#950,#579,.T.);
#1301=EDGE_CURVE('',#952,#951,#580,.T.);
#1302=EDGE_CURVE('',#949,#1071,#581,.T.);
#1303=EDGE_CURVE('',#958,#988,#675,.T.);
#1304=EDGE_CURVE('',#1010,#1072,#582,.T.);
#1305=EDGE_CURVE('',#1014,#1009,#583,.T.);
#1306=EDGE_CURVE('',#1079,#1011,#584,.T.);
#1307=EDGE_CURVE('',#1078,#990,#585,.T.);
#1308=EDGE_CURVE('',#992,#991,#586,.T.);
#1309=EDGE_CURVE('',#989,#1073,#587,.T.);
#1310=EDGE_CURVE('',#998,#1028,#676,.T.);
#1311=EDGE_CURVE('',#956,#1016,#677,.T.);
#1312=EDGE_CURVE('',#936,#976,#678,.T.);
#1313=EDGE_CURVE('',#995,#1017,#679,.T.);
#1314=EDGE_CURVE('',#955,#977,#680,.T.);
#1315=EDGE_CURVE('',#935,#1083,#681,.T.);
#1316=EDGE_CURVE('',#1030,#1074,#588,.T.);
#1317=EDGE_CURVE('',#1034,#1029,#589,.T.);
#1318=EDGE_CURVE('',#1077,#1031,#590,.T.);
#1319=EDGE_CURVE('',#1048,#1076,#591,.T.);
#1320=EDGE_CURVE('',#1050,#1051,#592,.T.);
#1321=EDGE_CURVE('',#1075,#1049,#593,.T.);
#1322=EDGE_CURVE('',#1084,#1084,#239,.F.);
#1323=EDGE_CURVE('',#1065,#1084,#682,.T.);
#1324=EDGE_CURVE('',#1085,#1085,#240,.T.);
#1325=EDGE_CURVE('',#1053,#1085,#683,.T.);
#1326=EDGE_CURVE('',#904,#1052,#684,.T.);
#1327=EDGE_CURVE('',#905,#1047,#685,.T.);
#1328=EDGE_CURVE('',#1032,#994,#686,.T.);
#1329=EDGE_CURVE('',#1033,#993,#687,.T.);
#1330=EDGE_CURVE('',#1012,#954,#688,.T.);
#1331=EDGE_CURVE('',#1013,#953,#689,.T.);
#1332=EDGE_CURVE('',#972,#934,#690,.T.);
#1333=EDGE_CURVE('',#973,#933,#691,.T.);
#1334=EDGE_CURVE('',#920,#1054,#692,.T.);
#1335=EDGE_CURVE('',#921,#1055,#693,.T.);
#1336=EDGE_CURVE('',#1037,#999,#694,.T.);
#1337=EDGE_CURVE('',#1038,#1000,#695,.T.);
#1338=EDGE_CURVE('',#1018,#959,#696,.T.);
#1339=EDGE_CURVE('',#1019,#960,#697,.T.);
#1340=EDGE_CURVE('',#978,#939,#698,.T.);
#1341=EDGE_CURVE('',#979,#940,#699,.T.);
#1342=EDGE_CURVE('',#918,#1063,#700,.T.);
#1343=EDGE_CURVE('',#919,#1064,#701,.T.);
#1344=EDGE_CURVE('',#916,#1056,#702,.T.);
#1345=EDGE_CURVE('',#917,#1057,#703,.T.);
#1346=EDGE_CURVE('',#1045,#1001,#704,.T.);
#1347=EDGE_CURVE('',#1046,#1002,#705,.T.);
#1348=EDGE_CURVE('',#1039,#1003,#706,.T.);
#1349=EDGE_CURVE('',#1040,#1004,#707,.T.);
#1350=EDGE_CURVE('',#1026,#961,#708,.T.);
#1351=EDGE_CURVE('',#1027,#962,#709,.T.);
#1352=EDGE_CURVE('',#1020,#963,#710,.T.);
#1353=EDGE_CURVE('',#1021,#964,#711,.T.);
#1354=EDGE_CURVE('',#986,#941,#712,.T.);
#1355=EDGE_CURVE('',#987,#942,#713,.T.);
#1356=EDGE_CURVE('',#980,#943,#714,.T.);
#1357=EDGE_CURVE('',#981,#944,#715,.T.);
#1358=EDGE_CURVE('',#1050,#907,#716,.T.);
#1359=EDGE_CURVE('',#1051,#906,#717,.T.);
#1360=EDGE_CURVE('',#992,#1034,#718,.T.);
#1361=EDGE_CURVE('',#991,#1029,#719,.T.);
#1362=EDGE_CURVE('',#952,#1014,#720,.T.);
#1363=EDGE_CURVE('',#951,#1009,#721,.T.);
#1364=EDGE_CURVE('',#932,#974,#722,.T.);
#1365=EDGE_CURVE('',#931,#969,#723,.T.);
#1366=EDGE_CURVE('',#908,#1049,#724,.T.);
#1367=EDGE_CURVE('',#909,#1048,#725,.T.);
#1368=EDGE_CURVE('',#1030,#989,#726,.T.);
#1369=EDGE_CURVE('',#1031,#990,#727,.T.);
#1370=EDGE_CURVE('',#1010,#949,#728,.T.);
#1371=EDGE_CURVE('',#1011,#950,#729,.T.);
#1372=EDGE_CURVE('',#970,#929,#730,.T.);
#1373=EDGE_CURVE('',#971,#930,#731,.T.);
#1374=EDGE_CURVE('',#914,#1061,#732,.T.);
#1375=EDGE_CURVE('',#915,#1062,#733,.T.);
#1376=EDGE_CURVE('',#1043,#1005,#734,.T.);
#1377=EDGE_CURVE('',#1044,#1006,#735,.T.);
#1378=EDGE_CURVE('',#1024,#965,#736,.T.);
#1379=EDGE_CURVE('',#1025,#966,#737,.T.);
#1380=EDGE_CURVE('',#984,#945,#738,.T.);
#1381=EDGE_CURVE('',#985,#946,#739,.T.);
#1382=EDGE_CURVE('',#912,#1058,#740,.T.);
#1383=EDGE_CURVE('',#913,#1059,#741,.T.);
#1384=EDGE_CURVE('',#1041,#1007,#742,.T.);
#1385=EDGE_CURVE('',#1042,#1008,#743,.T.);
#1386=EDGE_CURVE('',#1022,#967,#744,.T.);
#1387=EDGE_CURVE('',#1023,#968,#745,.T.);
#1388=EDGE_CURVE('',#982,#947,#746,.T.);
#1389=EDGE_CURVE('',#983,#948,#747,.T.);
#1390=EDGE_CURVE('',#911,#1060,#748,.T.);
#1391=ORIENTED_EDGE('',*,*,#1086,.T.);
#1392=ORIENTED_EDGE('',*,*,#1087,.T.);
#1393=ORIENTED_EDGE('',*,*,#1088,.T.);
#1394=ORIENTED_EDGE('',*,*,#1089,.T.);
#1395=ORIENTED_EDGE('',*,*,#1090,.F.);
#1396=ORIENTED_EDGE('',*,*,#1091,.T.);
#1397=ORIENTED_EDGE('',*,*,#1092,.F.);
#1398=ORIENTED_EDGE('',*,*,#1093,.T.);
#1399=ORIENTED_EDGE('',*,*,#1094,.F.);
#1400=ORIENTED_EDGE('',*,*,#1095,.F.);
#1401=ORIENTED_EDGE('',*,*,#1096,.F.);
#1402=ORIENTED_EDGE('',*,*,#1097,.T.);
#1403=ORIENTED_EDGE('',*,*,#1098,.F.);
#1404=ORIENTED_EDGE('',*,*,#1099,.T.);
#1405=ORIENTED_EDGE('',*,*,#1100,.F.);
#1406=ORIENTED_EDGE('',*,*,#1101,.T.);
#1407=ORIENTED_EDGE('',*,*,#1102,.F.);
#1408=ORIENTED_EDGE('',*,*,#1103,.T.);
#1409=ORIENTED_EDGE('',*,*,#1104,.F.);
#1410=ORIENTED_EDGE('',*,*,#1105,.T.);
#1411=ORIENTED_EDGE('',*,*,#1106,.F.);
#1412=ORIENTED_EDGE('',*,*,#1107,.T.);
#1413=ORIENTED_EDGE('',*,*,#1108,.F.);
#1414=ORIENTED_EDGE('',*,*,#1089,.F.);
#1415=ORIENTED_EDGE('',*,*,#1109,.T.);
#1416=ORIENTED_EDGE('',*,*,#1093,.F.);
#1417=ORIENTED_EDGE('',*,*,#1087,.F.);
#1418=ORIENTED_EDGE('',*,*,#1091,.F.);
#1419=ORIENTED_EDGE('',*,*,#1110,.F.);
#1420=ORIENTED_EDGE('',*,*,#1111,.F.);
#1421=ORIENTED_EDGE('',*,*,#1112,.F.);
#1422=ORIENTED_EDGE('',*,*,#1113,.F.);
#1423=ORIENTED_EDGE('',*,*,#1114,.T.);
#1424=ORIENTED_EDGE('',*,*,#1094,.T.);
#1425=ORIENTED_EDGE('',*,*,#1114,.F.);
#1426=ORIENTED_EDGE('',*,*,#1113,.T.);
#1427=ORIENTED_EDGE('',*,*,#1112,.T.);
#1428=ORIENTED_EDGE('',*,*,#1115,.T.);
#1429=ORIENTED_EDGE('',*,*,#1116,.F.);
#1430=ORIENTED_EDGE('',*,*,#1117,.T.);
#1431=ORIENTED_EDGE('',*,*,#1106,.T.);
#1432=ORIENTED_EDGE('',*,*,#1117,.F.);
#1433=ORIENTED_EDGE('',*,*,#1118,.F.);
#1434=ORIENTED_EDGE('',*,*,#1119,.F.);
#1435=ORIENTED_EDGE('',*,*,#1120,.T.);
#1436=ORIENTED_EDGE('',*,*,#1121,.F.);
#1437=ORIENTED_EDGE('',*,*,#1122,.F.);
#1438=ORIENTED_EDGE('',*,*,#1123,.F.);
#1439=ORIENTED_EDGE('',*,*,#1124,.F.);
#1440=ORIENTED_EDGE('',*,*,#1125,.F.);
#1441=ORIENTED_EDGE('',*,*,#1126,.F.);
#1442=ORIENTED_EDGE('',*,*,#1127,.T.);
#1443=ORIENTED_EDGE('',*,*,#1128,.F.);
#1444=ORIENTED_EDGE('',*,*,#1129,.T.);
#1445=ORIENTED_EDGE('',*,*,#1130,.F.);
#1446=ORIENTED_EDGE('',*,*,#1131,.T.);
#1447=ORIENTED_EDGE('',*,*,#1132,.F.);
#1448=ORIENTED_EDGE('',*,*,#1133,.T.);
#1449=ORIENTED_EDGE('',*,*,#1134,.F.);
#1450=ORIENTED_EDGE('',*,*,#1135,.T.);
#1451=ORIENTED_EDGE('',*,*,#1136,.F.);
#1452=ORIENTED_EDGE('',*,*,#1137,.T.);
#1453=ORIENTED_EDGE('',*,*,#1138,.F.);
#1454=ORIENTED_EDGE('',*,*,#1139,.F.);
#1455=ORIENTED_EDGE('',*,*,#1140,.F.);
#1456=ORIENTED_EDGE('',*,*,#1141,.F.);
#1457=ORIENTED_EDGE('',*,*,#1142,.F.);
#1458=ORIENTED_EDGE('',*,*,#1143,.F.);
#1459=ORIENTED_EDGE('',*,*,#1144,.F.);
#1460=ORIENTED_EDGE('',*,*,#1145,.F.);
#1461=ORIENTED_EDGE('',*,*,#1146,.T.);
#1462=ORIENTED_EDGE('',*,*,#1147,.T.);
#1463=ORIENTED_EDGE('',*,*,#1148,.F.);
#1464=ORIENTED_EDGE('',*,*,#1149,.T.);
#1465=ORIENTED_EDGE('',*,*,#1150,.F.);
#1466=ORIENTED_EDGE('',*,*,#1151,.T.);
#1467=ORIENTED_EDGE('',*,*,#1152,.F.);
#1468=ORIENTED_EDGE('',*,*,#1153,.T.);
#1469=ORIENTED_EDGE('',*,*,#1154,.F.);
#1470=ORIENTED_EDGE('',*,*,#1155,.T.);
#1471=ORIENTED_EDGE('',*,*,#1156,.F.);
#1472=ORIENTED_EDGE('',*,*,#1157,.T.);
#1473=ORIENTED_EDGE('',*,*,#1158,.T.);
#1474=ORIENTED_EDGE('',*,*,#1159,.T.);
#1475=ORIENTED_EDGE('',*,*,#1160,.T.);
#1476=ORIENTED_EDGE('',*,*,#1161,.T.);
#1477=ORIENTED_EDGE('',*,*,#1162,.T.);
#1478=ORIENTED_EDGE('',*,*,#1163,.T.);
#1479=ORIENTED_EDGE('',*,*,#1164,.F.);
#1480=ORIENTED_EDGE('',*,*,#1165,.T.);
#1481=ORIENTED_EDGE('',*,*,#1166,.T.);
#1482=ORIENTED_EDGE('',*,*,#1167,.F.);
#1483=ORIENTED_EDGE('',*,*,#1168,.T.);
#1484=ORIENTED_EDGE('',*,*,#1169,.F.);
#1485=ORIENTED_EDGE('',*,*,#1170,.T.);
#1486=ORIENTED_EDGE('',*,*,#1171,.F.);
#1487=ORIENTED_EDGE('',*,*,#1172,.T.);
#1488=ORIENTED_EDGE('',*,*,#1173,.F.);
#1489=ORIENTED_EDGE('',*,*,#1174,.T.);
#1490=ORIENTED_EDGE('',*,*,#1175,.F.);
#1491=ORIENTED_EDGE('',*,*,#1176,.T.);
#1492=ORIENTED_EDGE('',*,*,#1177,.F.);
#1493=ORIENTED_EDGE('',*,*,#1178,.F.);
#1494=ORIENTED_EDGE('',*,*,#1179,.F.);
#1495=ORIENTED_EDGE('',*,*,#1180,.F.);
#1496=ORIENTED_EDGE('',*,*,#1181,.F.);
#1497=ORIENTED_EDGE('',*,*,#1182,.F.);
#1498=ORIENTED_EDGE('',*,*,#1183,.F.);
#1499=ORIENTED_EDGE('',*,*,#1184,.F.);
#1500=ORIENTED_EDGE('',*,*,#1185,.F.);
#1501=ORIENTED_EDGE('',*,*,#1186,.T.);
#1502=ORIENTED_EDGE('',*,*,#1187,.T.);
#1503=ORIENTED_EDGE('',*,*,#1188,.F.);
#1504=ORIENTED_EDGE('',*,*,#1189,.T.);
#1505=ORIENTED_EDGE('',*,*,#1190,.F.);
#1506=ORIENTED_EDGE('',*,*,#1191,.T.);
#1507=ORIENTED_EDGE('',*,*,#1192,.F.);
#1508=ORIENTED_EDGE('',*,*,#1193,.T.);
#1509=ORIENTED_EDGE('',*,*,#1194,.F.);
#1510=ORIENTED_EDGE('',*,*,#1195,.T.);
#1511=ORIENTED_EDGE('',*,*,#1196,.F.);
#1512=ORIENTED_EDGE('',*,*,#1197,.T.);
#1513=ORIENTED_EDGE('',*,*,#1198,.T.);
#1514=ORIENTED_EDGE('',*,*,#1199,.T.);
#1515=ORIENTED_EDGE('',*,*,#1200,.T.);
#1516=ORIENTED_EDGE('',*,*,#1201,.T.);
#1517=ORIENTED_EDGE('',*,*,#1202,.T.);
#1518=ORIENTED_EDGE('',*,*,#1203,.T.);
#1519=ORIENTED_EDGE('',*,*,#1204,.F.);
#1520=ORIENTED_EDGE('',*,*,#1205,.T.);
#1521=ORIENTED_EDGE('',*,*,#1206,.T.);
#1522=ORIENTED_EDGE('',*,*,#1207,.F.);
#1523=ORIENTED_EDGE('',*,*,#1208,.T.);
#1524=ORIENTED_EDGE('',*,*,#1209,.F.);
#1525=ORIENTED_EDGE('',*,*,#1210,.T.);
#1526=ORIENTED_EDGE('',*,*,#1211,.F.);
#1527=ORIENTED_EDGE('',*,*,#1212,.T.);
#1528=ORIENTED_EDGE('',*,*,#1213,.F.);
#1529=ORIENTED_EDGE('',*,*,#1214,.T.);
#1530=ORIENTED_EDGE('',*,*,#1215,.F.);
#1531=ORIENTED_EDGE('',*,*,#1216,.T.);
#1532=ORIENTED_EDGE('',*,*,#1217,.F.);
#1533=ORIENTED_EDGE('',*,*,#1218,.T.);
#1534=ORIENTED_EDGE('',*,*,#1219,.T.);
#1535=ORIENTED_EDGE('',*,*,#1220,.T.);
#1536=ORIENTED_EDGE('',*,*,#1221,.T.);
#1537=ORIENTED_EDGE('',*,*,#1222,.T.);
#1538=ORIENTED_EDGE('',*,*,#1223,.T.);
#1539=ORIENTED_EDGE('',*,*,#1224,.F.);
#1540=ORIENTED_EDGE('',*,*,#1225,.F.);
#1541=ORIENTED_EDGE('',*,*,#1226,.F.);
#1542=ORIENTED_EDGE('',*,*,#1227,.T.);
#1543=ORIENTED_EDGE('',*,*,#1228,.F.);
#1544=ORIENTED_EDGE('',*,*,#1229,.T.);
#1545=ORIENTED_EDGE('',*,*,#1230,.F.);
#1546=ORIENTED_EDGE('',*,*,#1231,.T.);
#1547=ORIENTED_EDGE('',*,*,#1232,.F.);
#1548=ORIENTED_EDGE('',*,*,#1233,.T.);
#1549=ORIENTED_EDGE('',*,*,#1234,.F.);
#1550=ORIENTED_EDGE('',*,*,#1235,.T.);
#1551=ORIENTED_EDGE('',*,*,#1236,.T.);
#1552=ORIENTED_EDGE('',*,*,#1237,.T.);
#1553=ORIENTED_EDGE('',*,*,#1238,.T.);
#1554=ORIENTED_EDGE('',*,*,#1239,.T.);
#1555=ORIENTED_EDGE('',*,*,#1240,.T.);
#1556=ORIENTED_EDGE('',*,*,#1241,.T.);
#1557=ORIENTED_EDGE('',*,*,#1242,.F.);
#1558=ORIENTED_EDGE('',*,*,#1243,.F.);
#1559=ORIENTED_EDGE('',*,*,#1244,.T.);
#1560=ORIENTED_EDGE('',*,*,#1245,.F.);
#1561=ORIENTED_EDGE('',*,*,#1246,.T.);
#1562=ORIENTED_EDGE('',*,*,#1247,.F.);
#1563=ORIENTED_EDGE('',*,*,#1248,.T.);
#1564=ORIENTED_EDGE('',*,*,#1116,.T.);
#1565=ORIENTED_EDGE('',*,*,#1249,.F.);
#1566=ORIENTED_EDGE('',*,*,#1250,.F.);
#1567=ORIENTED_EDGE('',*,*,#1251,.T.);
#1568=ORIENTED_EDGE('',*,*,#1252,.F.);
#1569=ORIENTED_EDGE('',*,*,#1253,.T.);
#1570=ORIENTED_EDGE('',*,*,#1254,.F.);
#1571=ORIENTED_EDGE('',*,*,#1255,.F.);
#1572=ORIENTED_EDGE('',*,*,#1256,.T.);
#1573=ORIENTED_EDGE('',*,*,#1257,.F.);
#1574=ORIENTED_EDGE('',*,*,#1258,.T.);
#1575=ORIENTED_EDGE('',*,*,#1259,.F.);
#1576=ORIENTED_EDGE('',*,*,#1260,.T.);
#1577=ORIENTED_EDGE('',*,*,#1261,.F.);
#1578=ORIENTED_EDGE('',*,*,#1262,.T.);
#1579=ORIENTED_EDGE('',*,*,#1263,.F.);
#1580=ORIENTED_EDGE('',*,*,#1264,.T.);
#1581=ORIENTED_EDGE('',*,*,#1265,.F.);
#1582=ORIENTED_EDGE('',*,*,#1266,.T.);
#1583=ORIENTED_EDGE('',*,*,#1267,.F.);
#1584=ORIENTED_EDGE('',*,*,#1268,.T.);
#1585=ORIENTED_EDGE('',*,*,#1186,.F.);
#1586=ORIENTED_EDGE('',*,*,#1269,.T.);
#1587=ORIENTED_EDGE('',*,*,#1225,.T.);
#1588=ORIENTED_EDGE('',*,*,#1269,.F.);
#1589=ORIENTED_EDGE('',*,*,#1185,.T.);
#1590=ORIENTED_EDGE('',*,*,#1270,.T.);
#1591=ORIENTED_EDGE('',*,*,#1224,.T.);
#1592=ORIENTED_EDGE('',*,*,#1270,.F.);
#1593=ORIENTED_EDGE('',*,*,#1146,.F.);
#1594=ORIENTED_EDGE('',*,*,#1271,.T.);
#1595=ORIENTED_EDGE('',*,*,#1204,.T.);
#1596=ORIENTED_EDGE('',*,*,#1271,.F.);
#1597=ORIENTED_EDGE('',*,*,#1126,.T.);
#1598=ORIENTED_EDGE('',*,*,#1272,.T.);
#1599=ORIENTED_EDGE('',*,*,#1164,.T.);
#1600=ORIENTED_EDGE('',*,*,#1272,.F.);
#1601=ORIENTED_EDGE('',*,*,#1273,.T.);
#1602=ORIENTED_EDGE('',*,*,#1274,.F.);
#1603=ORIENTED_EDGE('',*,*,#1275,.F.);
#1604=ORIENTED_EDGE('',*,*,#1276,.T.);
#1605=ORIENTED_EDGE('',*,*,#1123,.T.);
#1606=ORIENTED_EDGE('',*,*,#1255,.T.);
#1607=ORIENTED_EDGE('',*,*,#1121,.T.);
#1608=ORIENTED_EDGE('',*,*,#1277,.T.);
#1609=ORIENTED_EDGE('',*,*,#1119,.T.);
#1610=ORIENTED_EDGE('',*,*,#1278,.T.);
#1611=ORIENTED_EDGE('',*,*,#1275,.T.);
#1612=ORIENTED_EDGE('',*,*,#1279,.F.);
#1613=ORIENTED_EDGE('',*,*,#1273,.F.);
#1614=ORIENTED_EDGE('',*,*,#1280,.F.);
#1615=ORIENTED_EDGE('',*,*,#1281,.F.);
#1616=ORIENTED_EDGE('',*,*,#1282,.F.);
#1617=ORIENTED_EDGE('',*,*,#1283,.F.);
#1618=ORIENTED_EDGE('',*,*,#1284,.F.);
#1619=ORIENTED_EDGE('',*,*,#1285,.F.);
#1620=ORIENTED_EDGE('',*,*,#1286,.F.);
#1621=ORIENTED_EDGE('',*,*,#1107,.F.);
#1622=ORIENTED_EDGE('',*,*,#1115,.F.);
#1623=ORIENTED_EDGE('',*,*,#1111,.T.);
#1624=ORIENTED_EDGE('',*,*,#1287,.T.);
#1625=ORIENTED_EDGE('',*,*,#1288,.T.);
#1626=ORIENTED_EDGE('',*,*,#1289,.T.);
#1627=ORIENTED_EDGE('',*,*,#1290,.T.);
#1628=ORIENTED_EDGE('',*,*,#1291,.T.);
#1629=ORIENTED_EDGE('',*,*,#1292,.T.);
#1630=ORIENTED_EDGE('',*,*,#1293,.T.);
#1631=ORIENTED_EDGE('',*,*,#1127,.F.);
#1632=ORIENTED_EDGE('',*,*,#1294,.T.);
#1633=ORIENTED_EDGE('',*,*,#1295,.T.);
#1634=ORIENTED_EDGE('',*,*,#1294,.F.);
#1635=ORIENTED_EDGE('',*,*,#1274,.T.);
#1636=ORIENTED_EDGE('',*,*,#1279,.T.);
#1637=ORIENTED_EDGE('',*,*,#1295,.F.);
#1638=ORIENTED_EDGE('',*,*,#1296,.F.);
#1639=ORIENTED_EDGE('',*,*,#1297,.F.);
#1640=ORIENTED_EDGE('',*,*,#1158,.F.);
#1641=ORIENTED_EDGE('',*,*,#1298,.F.);
#1642=ORIENTED_EDGE('',*,*,#1162,.F.);
#1643=ORIENTED_EDGE('',*,*,#1260,.F.);
#1644=ORIENTED_EDGE('',*,*,#1160,.F.);
#1645=ORIENTED_EDGE('',*,*,#1299,.F.);
#1646=ORIENTED_EDGE('',*,*,#1292,.F.);
#1647=ORIENTED_EDGE('',*,*,#1300,.T.);
#1648=ORIENTED_EDGE('',*,*,#1143,.T.);
#1649=ORIENTED_EDGE('',*,*,#1257,.T.);
#1650=ORIENTED_EDGE('',*,*,#1141,.T.);
#1651=ORIENTED_EDGE('',*,*,#1301,.T.);
#1652=ORIENTED_EDGE('',*,*,#1139,.T.);
#1653=ORIENTED_EDGE('',*,*,#1302,.T.);
#1654=ORIENTED_EDGE('',*,*,#1281,.T.);
#1655=ORIENTED_EDGE('',*,*,#1147,.F.);
#1656=ORIENTED_EDGE('',*,*,#1303,.T.);
#1657=ORIENTED_EDGE('',*,*,#1177,.T.);
#1658=ORIENTED_EDGE('',*,*,#1303,.F.);
#1659=ORIENTED_EDGE('',*,*,#1304,.F.);
#1660=ORIENTED_EDGE('',*,*,#1198,.F.);
#1661=ORIENTED_EDGE('',*,*,#1305,.F.);
#1662=ORIENTED_EDGE('',*,*,#1202,.F.);
#1663=ORIENTED_EDGE('',*,*,#1264,.F.);
#1664=ORIENTED_EDGE('',*,*,#1200,.F.);
#1665=ORIENTED_EDGE('',*,*,#1306,.F.);
#1666=ORIENTED_EDGE('',*,*,#1290,.F.);
#1667=ORIENTED_EDGE('',*,*,#1307,.T.);
#1668=ORIENTED_EDGE('',*,*,#1183,.T.);
#1669=ORIENTED_EDGE('',*,*,#1261,.T.);
#1670=ORIENTED_EDGE('',*,*,#1181,.T.);
#1671=ORIENTED_EDGE('',*,*,#1308,.T.);
#1672=ORIENTED_EDGE('',*,*,#1179,.T.);
#1673=ORIENTED_EDGE('',*,*,#1309,.T.);
#1674=ORIENTED_EDGE('',*,*,#1283,.T.);
#1675=ORIENTED_EDGE('',*,*,#1187,.F.);
#1676=ORIENTED_EDGE('',*,*,#1310,.T.);
#1677=ORIENTED_EDGE('',*,*,#1217,.T.);
#1678=ORIENTED_EDGE('',*,*,#1310,.F.);
#1679=ORIENTED_EDGE('',*,*,#1145,.T.);
#1680=ORIENTED_EDGE('',*,*,#1311,.T.);
#1681=ORIENTED_EDGE('',*,*,#1205,.F.);
#1682=ORIENTED_EDGE('',*,*,#1311,.F.);
#1683=ORIENTED_EDGE('',*,*,#1125,.T.);
#1684=ORIENTED_EDGE('',*,*,#1312,.T.);
#1685=ORIENTED_EDGE('',*,*,#1165,.F.);
#1686=ORIENTED_EDGE('',*,*,#1312,.F.);
#1687=ORIENTED_EDGE('',*,*,#1184,.T.);
#1688=ORIENTED_EDGE('',*,*,#1313,.T.);
#1689=ORIENTED_EDGE('',*,*,#1206,.F.);
#1690=ORIENTED_EDGE('',*,*,#1313,.F.);
#1691=ORIENTED_EDGE('',*,*,#1144,.T.);
#1692=ORIENTED_EDGE('',*,*,#1314,.T.);
#1693=ORIENTED_EDGE('',*,*,#1166,.F.);
#1694=ORIENTED_EDGE('',*,*,#1314,.F.);
#1695=ORIENTED_EDGE('',*,*,#1124,.T.);
#1696=ORIENTED_EDGE('',*,*,#1315,.T.);
#1697=ORIENTED_EDGE('',*,*,#1296,.T.);
#1698=ORIENTED_EDGE('',*,*,#1315,.F.);
#1699=ORIENTED_EDGE('',*,*,#1316,.F.);
#1700=ORIENTED_EDGE('',*,*,#1218,.F.);
#1701=ORIENTED_EDGE('',*,*,#1317,.F.);
#1702=ORIENTED_EDGE('',*,*,#1222,.F.);
#1703=ORIENTED_EDGE('',*,*,#1266,.F.);
#1704=ORIENTED_EDGE('',*,*,#1220,.F.);
#1705=ORIENTED_EDGE('',*,*,#1318,.F.);
#1706=ORIENTED_EDGE('',*,*,#1288,.F.);
#1707=ORIENTED_EDGE('',*,*,#1319,.F.);
#1708=ORIENTED_EDGE('',*,*,#1236,.F.);
#1709=ORIENTED_EDGE('',*,*,#1268,.F.);
#1710=ORIENTED_EDGE('',*,*,#1240,.F.);
#1711=ORIENTED_EDGE('',*,*,#1320,.F.);
#1712=ORIENTED_EDGE('',*,*,#1238,.F.);
#1713=ORIENTED_EDGE('',*,*,#1321,.F.);
#1714=ORIENTED_EDGE('',*,*,#1285,.T.);
#1715=ORIENTED_EDGE('',*,*,#1322,.F.);
#1716=ORIENTED_EDGE('',*,*,#1254,.T.);
#1717=ORIENTED_EDGE('',*,*,#1323,.T.);
#1718=ORIENTED_EDGE('',*,*,#1322,.T.);
#1719=ORIENTED_EDGE('',*,*,#1323,.F.);
#1720=ORIENTED_EDGE('',*,*,#1324,.T.);
#1721=ORIENTED_EDGE('',*,*,#1242,.T.);
#1722=ORIENTED_EDGE('',*,*,#1325,.T.);
#1723=ORIENTED_EDGE('',*,*,#1324,.F.);
#1724=ORIENTED_EDGE('',*,*,#1325,.F.);
#1725=ORIENTED_EDGE('',*,*,#1241,.F.);
#1726=ORIENTED_EDGE('',*,*,#1326,.F.);
#1727=ORIENTED_EDGE('',*,*,#1092,.T.);
#1728=ORIENTED_EDGE('',*,*,#1327,.T.);
#1729=ORIENTED_EDGE('',*,*,#1326,.T.);
#1730=ORIENTED_EDGE('',*,*,#1267,.T.);
#1731=ORIENTED_EDGE('',*,*,#1327,.F.);
#1732=ORIENTED_EDGE('',*,*,#1086,.F.);
#1733=ORIENTED_EDGE('',*,*,#1328,.T.);
#1734=ORIENTED_EDGE('',*,*,#1182,.T.);
#1735=ORIENTED_EDGE('',*,*,#1329,.F.);
#1736=ORIENTED_EDGE('',*,*,#1221,.F.);
#1737=ORIENTED_EDGE('',*,*,#1262,.F.);
#1738=ORIENTED_EDGE('',*,*,#1328,.F.);
#1739=ORIENTED_EDGE('',*,*,#1265,.T.);
#1740=ORIENTED_EDGE('',*,*,#1329,.T.);
#1741=ORIENTED_EDGE('',*,*,#1330,.T.);
#1742=ORIENTED_EDGE('',*,*,#1142,.T.);
#1743=ORIENTED_EDGE('',*,*,#1331,.F.);
#1744=ORIENTED_EDGE('',*,*,#1201,.F.);
#1745=ORIENTED_EDGE('',*,*,#1258,.F.);
#1746=ORIENTED_EDGE('',*,*,#1330,.F.);
#1747=ORIENTED_EDGE('',*,*,#1263,.T.);
#1748=ORIENTED_EDGE('',*,*,#1331,.T.);
#1749=ORIENTED_EDGE('',*,*,#1256,.F.);
#1750=ORIENTED_EDGE('',*,*,#1332,.F.);
#1751=ORIENTED_EDGE('',*,*,#1259,.T.);
#1752=ORIENTED_EDGE('',*,*,#1333,.T.);
#1753=ORIENTED_EDGE('',*,*,#1332,.T.);
#1754=ORIENTED_EDGE('',*,*,#1122,.T.);
#1755=ORIENTED_EDGE('',*,*,#1333,.F.);
#1756=ORIENTED_EDGE('',*,*,#1161,.F.);
#1757=ORIENTED_EDGE('',*,*,#1244,.F.);
#1758=ORIENTED_EDGE('',*,*,#1334,.F.);
#1759=ORIENTED_EDGE('',*,*,#1104,.T.);
#1760=ORIENTED_EDGE('',*,*,#1335,.T.);
#1761=ORIENTED_EDGE('',*,*,#1334,.T.);
#1762=ORIENTED_EDGE('',*,*,#1243,.T.);
#1763=ORIENTED_EDGE('',*,*,#1335,.F.);
#1764=ORIENTED_EDGE('',*,*,#1105,.F.);
#1765=ORIENTED_EDGE('',*,*,#1336,.T.);
#1766=ORIENTED_EDGE('',*,*,#1188,.T.);
#1767=ORIENTED_EDGE('',*,*,#1337,.F.);
#1768=ORIENTED_EDGE('',*,*,#1227,.F.);
#1769=ORIENTED_EDGE('',*,*,#1189,.F.);
#1770=ORIENTED_EDGE('',*,*,#1336,.F.);
#1771=ORIENTED_EDGE('',*,*,#1226,.T.);
#1772=ORIENTED_EDGE('',*,*,#1337,.T.);
#1773=ORIENTED_EDGE('',*,*,#1338,.T.);
#1774=ORIENTED_EDGE('',*,*,#1148,.T.);
#1775=ORIENTED_EDGE('',*,*,#1339,.F.);
#1776=ORIENTED_EDGE('',*,*,#1208,.F.);
#1777=ORIENTED_EDGE('',*,*,#1149,.F.);
#1778=ORIENTED_EDGE('',*,*,#1338,.F.);
#1779=ORIENTED_EDGE('',*,*,#1207,.T.);
#1780=ORIENTED_EDGE('',*,*,#1339,.T.);
#1781=ORIENTED_EDGE('',*,*,#1129,.F.);
#1782=ORIENTED_EDGE('',*,*,#1340,.F.);
#1783=ORIENTED_EDGE('',*,*,#1167,.T.);
#1784=ORIENTED_EDGE('',*,*,#1341,.T.);
#1785=ORIENTED_EDGE('',*,*,#1340,.T.);
#1786=ORIENTED_EDGE('',*,*,#1128,.T.);
#1787=ORIENTED_EDGE('',*,*,#1341,.F.);
#1788=ORIENTED_EDGE('',*,*,#1168,.F.);
#1789=ORIENTED_EDGE('',*,*,#1253,.F.);
#1790=ORIENTED_EDGE('',*,*,#1342,.F.);
#1791=ORIENTED_EDGE('',*,*,#1102,.T.);
#1792=ORIENTED_EDGE('',*,*,#1343,.T.);
#1793=ORIENTED_EDGE('',*,*,#1342,.T.);
#1794=ORIENTED_EDGE('',*,*,#1252,.T.);
#1795=ORIENTED_EDGE('',*,*,#1343,.F.);
#1796=ORIENTED_EDGE('',*,*,#1103,.F.);
#1797=ORIENTED_EDGE('',*,*,#1246,.F.);
#1798=ORIENTED_EDGE('',*,*,#1344,.F.);
#1799=ORIENTED_EDGE('',*,*,#1100,.T.);
#1800=ORIENTED_EDGE('',*,*,#1345,.T.);
#1801=ORIENTED_EDGE('',*,*,#1344,.T.);
#1802=ORIENTED_EDGE('',*,*,#1245,.T.);
#1803=ORIENTED_EDGE('',*,*,#1345,.F.);
#1804=ORIENTED_EDGE('',*,*,#1101,.F.);
#1805=ORIENTED_EDGE('',*,*,#1346,.T.);
#1806=ORIENTED_EDGE('',*,*,#1190,.T.);
#1807=ORIENTED_EDGE('',*,*,#1347,.F.);
#1808=ORIENTED_EDGE('',*,*,#1235,.F.);
#1809=ORIENTED_EDGE('',*,*,#1191,.F.);
#1810=ORIENTED_EDGE('',*,*,#1346,.F.);
#1811=ORIENTED_EDGE('',*,*,#1234,.T.);
#1812=ORIENTED_EDGE('',*,*,#1347,.T.);
#1813=ORIENTED_EDGE('',*,*,#1348,.T.);
#1814=ORIENTED_EDGE('',*,*,#1192,.T.);
#1815=ORIENTED_EDGE('',*,*,#1349,.F.);
#1816=ORIENTED_EDGE('',*,*,#1229,.F.);
#1817=ORIENTED_EDGE('',*,*,#1193,.F.);
#1818=ORIENTED_EDGE('',*,*,#1348,.F.);
#1819=ORIENTED_EDGE('',*,*,#1228,.T.);
#1820=ORIENTED_EDGE('',*,*,#1349,.T.);
#1821=ORIENTED_EDGE('',*,*,#1350,.T.);
#1822=ORIENTED_EDGE('',*,*,#1150,.T.);
#1823=ORIENTED_EDGE('',*,*,#1351,.F.);
#1824=ORIENTED_EDGE('',*,*,#1216,.F.);
#1825=ORIENTED_EDGE('',*,*,#1151,.F.);
#1826=ORIENTED_EDGE('',*,*,#1350,.F.);
#1827=ORIENTED_EDGE('',*,*,#1215,.T.);
#1828=ORIENTED_EDGE('',*,*,#1351,.T.);
#1829=ORIENTED_EDGE('',*,*,#1352,.T.);
#1830=ORIENTED_EDGE('',*,*,#1152,.T.);
#1831=ORIENTED_EDGE('',*,*,#1353,.F.);
#1832=ORIENTED_EDGE('',*,*,#1210,.F.);
#1833=ORIENTED_EDGE('',*,*,#1153,.F.);
#1834=ORIENTED_EDGE('',*,*,#1352,.F.);
#1835=ORIENTED_EDGE('',*,*,#1209,.T.);
#1836=ORIENTED_EDGE('',*,*,#1353,.T.);
#1837=ORIENTED_EDGE('',*,*,#1131,.F.);
#1838=ORIENTED_EDGE('',*,*,#1354,.F.);
#1839=ORIENTED_EDGE('',*,*,#1175,.T.);
#1840=ORIENTED_EDGE('',*,*,#1355,.T.);
#1841=ORIENTED_EDGE('',*,*,#1354,.T.);
#1842=ORIENTED_EDGE('',*,*,#1130,.T.);
#1843=ORIENTED_EDGE('',*,*,#1355,.F.);
#1844=ORIENTED_EDGE('',*,*,#1176,.F.);
#1845=ORIENTED_EDGE('',*,*,#1133,.F.);
#1846=ORIENTED_EDGE('',*,*,#1356,.F.);
#1847=ORIENTED_EDGE('',*,*,#1169,.T.);
#1848=ORIENTED_EDGE('',*,*,#1357,.T.);
#1849=ORIENTED_EDGE('',*,*,#1356,.T.);
#1850=ORIENTED_EDGE('',*,*,#1132,.T.);
#1851=ORIENTED_EDGE('',*,*,#1357,.F.);
#1852=ORIENTED_EDGE('',*,*,#1170,.F.);
#1853=ORIENTED_EDGE('',*,*,#1358,.F.);
#1854=ORIENTED_EDGE('',*,*,#1320,.T.);
#1855=ORIENTED_EDGE('',*,*,#1359,.T.);
#1856=ORIENTED_EDGE('',*,*,#1109,.F.);
#1857=ORIENTED_EDGE('',*,*,#1239,.F.);
#1858=ORIENTED_EDGE('',*,*,#1358,.T.);
#1859=ORIENTED_EDGE('',*,*,#1088,.F.);
#1860=ORIENTED_EDGE('',*,*,#1359,.F.);
#1861=ORIENTED_EDGE('',*,*,#1360,.F.);
#1862=ORIENTED_EDGE('',*,*,#1180,.T.);
#1863=ORIENTED_EDGE('',*,*,#1361,.T.);
#1864=ORIENTED_EDGE('',*,*,#1223,.F.);
#1865=ORIENTED_EDGE('',*,*,#1308,.F.);
#1866=ORIENTED_EDGE('',*,*,#1360,.T.);
#1867=ORIENTED_EDGE('',*,*,#1317,.T.);
#1868=ORIENTED_EDGE('',*,*,#1361,.F.);
#1869=ORIENTED_EDGE('',*,*,#1362,.F.);
#1870=ORIENTED_EDGE('',*,*,#1140,.T.);
#1871=ORIENTED_EDGE('',*,*,#1363,.T.);
#1872=ORIENTED_EDGE('',*,*,#1203,.F.);
#1873=ORIENTED_EDGE('',*,*,#1301,.F.);
#1874=ORIENTED_EDGE('',*,*,#1362,.T.);
#1875=ORIENTED_EDGE('',*,*,#1305,.T.);
#1876=ORIENTED_EDGE('',*,*,#1363,.F.);
#1877=ORIENTED_EDGE('',*,*,#1364,.T.);
#1878=ORIENTED_EDGE('',*,*,#1298,.T.);
#1879=ORIENTED_EDGE('',*,*,#1365,.F.);
#1880=ORIENTED_EDGE('',*,*,#1277,.F.);
#1881=ORIENTED_EDGE('',*,*,#1163,.F.);
#1882=ORIENTED_EDGE('',*,*,#1364,.F.);
#1883=ORIENTED_EDGE('',*,*,#1120,.F.);
#1884=ORIENTED_EDGE('',*,*,#1365,.T.);
#1885=ORIENTED_EDGE('',*,*,#1321,.T.);
#1886=ORIENTED_EDGE('',*,*,#1366,.F.);
#1887=ORIENTED_EDGE('',*,*,#1108,.T.);
#1888=ORIENTED_EDGE('',*,*,#1286,.T.);
#1889=ORIENTED_EDGE('',*,*,#1237,.F.);
#1890=ORIENTED_EDGE('',*,*,#1367,.F.);
#1891=ORIENTED_EDGE('',*,*,#1090,.T.);
#1892=ORIENTED_EDGE('',*,*,#1366,.T.);
#1893=ORIENTED_EDGE('',*,*,#1319,.T.);
#1894=ORIENTED_EDGE('',*,*,#1287,.F.);
#1895=ORIENTED_EDGE('',*,*,#1110,.T.);
#1896=ORIENTED_EDGE('',*,*,#1367,.T.);
#1897=ORIENTED_EDGE('',*,*,#1309,.F.);
#1898=ORIENTED_EDGE('',*,*,#1368,.F.);
#1899=ORIENTED_EDGE('',*,*,#1316,.T.);
#1900=ORIENTED_EDGE('',*,*,#1284,.T.);
#1901=ORIENTED_EDGE('',*,*,#1368,.T.);
#1902=ORIENTED_EDGE('',*,*,#1178,.T.);
#1903=ORIENTED_EDGE('',*,*,#1369,.F.);
#1904=ORIENTED_EDGE('',*,*,#1219,.F.);
#1905=ORIENTED_EDGE('',*,*,#1307,.F.);
#1906=ORIENTED_EDGE('',*,*,#1289,.F.);
#1907=ORIENTED_EDGE('',*,*,#1318,.T.);
#1908=ORIENTED_EDGE('',*,*,#1369,.T.);
#1909=ORIENTED_EDGE('',*,*,#1370,.T.);
#1910=ORIENTED_EDGE('',*,*,#1138,.T.);
#1911=ORIENTED_EDGE('',*,*,#1371,.F.);
#1912=ORIENTED_EDGE('',*,*,#1199,.F.);
#1913=ORIENTED_EDGE('',*,*,#1302,.F.);
#1914=ORIENTED_EDGE('',*,*,#1370,.F.);
#1915=ORIENTED_EDGE('',*,*,#1304,.T.);
#1916=ORIENTED_EDGE('',*,*,#1282,.T.);
#1917=ORIENTED_EDGE('',*,*,#1300,.F.);
#1918=ORIENTED_EDGE('',*,*,#1291,.F.);
#1919=ORIENTED_EDGE('',*,*,#1306,.T.);
#1920=ORIENTED_EDGE('',*,*,#1371,.T.);
#1921=ORIENTED_EDGE('',*,*,#1278,.F.);
#1922=ORIENTED_EDGE('',*,*,#1372,.F.);
#1923=ORIENTED_EDGE('',*,*,#1297,.T.);
#1924=ORIENTED_EDGE('',*,*,#1280,.T.);
#1925=ORIENTED_EDGE('',*,*,#1276,.F.);
#1926=ORIENTED_EDGE('',*,*,#1293,.F.);
#1927=ORIENTED_EDGE('',*,*,#1299,.T.);
#1928=ORIENTED_EDGE('',*,*,#1373,.T.);
#1929=ORIENTED_EDGE('',*,*,#1372,.T.);
#1930=ORIENTED_EDGE('',*,*,#1118,.T.);
#1931=ORIENTED_EDGE('',*,*,#1373,.F.);
#1932=ORIENTED_EDGE('',*,*,#1159,.F.);
#1933=ORIENTED_EDGE('',*,*,#1251,.F.);
#1934=ORIENTED_EDGE('',*,*,#1374,.F.);
#1935=ORIENTED_EDGE('',*,*,#1098,.T.);
#1936=ORIENTED_EDGE('',*,*,#1375,.T.);
#1937=ORIENTED_EDGE('',*,*,#1374,.T.);
#1938=ORIENTED_EDGE('',*,*,#1250,.T.);
#1939=ORIENTED_EDGE('',*,*,#1375,.F.);
#1940=ORIENTED_EDGE('',*,*,#1099,.F.);
#1941=ORIENTED_EDGE('',*,*,#1376,.T.);
#1942=ORIENTED_EDGE('',*,*,#1194,.T.);
#1943=ORIENTED_EDGE('',*,*,#1377,.F.);
#1944=ORIENTED_EDGE('',*,*,#1233,.F.);
#1945=ORIENTED_EDGE('',*,*,#1195,.F.);
#1946=ORIENTED_EDGE('',*,*,#1376,.F.);
#1947=ORIENTED_EDGE('',*,*,#1232,.T.);
#1948=ORIENTED_EDGE('',*,*,#1377,.T.);
#1949=ORIENTED_EDGE('',*,*,#1378,.T.);
#1950=ORIENTED_EDGE('',*,*,#1154,.T.);
#1951=ORIENTED_EDGE('',*,*,#1379,.F.);
#1952=ORIENTED_EDGE('',*,*,#1214,.F.);
#1953=ORIENTED_EDGE('',*,*,#1155,.F.);
#1954=ORIENTED_EDGE('',*,*,#1378,.F.);
#1955=ORIENTED_EDGE('',*,*,#1213,.T.);
#1956=ORIENTED_EDGE('',*,*,#1379,.T.);
#1957=ORIENTED_EDGE('',*,*,#1135,.F.);
#1958=ORIENTED_EDGE('',*,*,#1380,.F.);
#1959=ORIENTED_EDGE('',*,*,#1173,.T.);
#1960=ORIENTED_EDGE('',*,*,#1381,.T.);
#1961=ORIENTED_EDGE('',*,*,#1380,.T.);
#1962=ORIENTED_EDGE('',*,*,#1134,.T.);
#1963=ORIENTED_EDGE('',*,*,#1381,.F.);
#1964=ORIENTED_EDGE('',*,*,#1174,.F.);
#1965=ORIENTED_EDGE('',*,*,#1248,.F.);
#1966=ORIENTED_EDGE('',*,*,#1382,.F.);
#1967=ORIENTED_EDGE('',*,*,#1096,.T.);
#1968=ORIENTED_EDGE('',*,*,#1383,.T.);
#1969=ORIENTED_EDGE('',*,*,#1382,.T.);
#1970=ORIENTED_EDGE('',*,*,#1247,.T.);
#1971=ORIENTED_EDGE('',*,*,#1383,.F.);
#1972=ORIENTED_EDGE('',*,*,#1097,.F.);
#1973=ORIENTED_EDGE('',*,*,#1384,.T.);
#1974=ORIENTED_EDGE('',*,*,#1196,.T.);
#1975=ORIENTED_EDGE('',*,*,#1385,.F.);
#1976=ORIENTED_EDGE('',*,*,#1231,.F.);
#1977=ORIENTED_EDGE('',*,*,#1197,.F.);
#1978=ORIENTED_EDGE('',*,*,#1384,.F.);
#1979=ORIENTED_EDGE('',*,*,#1230,.T.);
#1980=ORIENTED_EDGE('',*,*,#1385,.T.);
#1981=ORIENTED_EDGE('',*,*,#1386,.T.);
#1982=ORIENTED_EDGE('',*,*,#1156,.T.);
#1983=ORIENTED_EDGE('',*,*,#1387,.F.);
#1984=ORIENTED_EDGE('',*,*,#1212,.F.);
#1985=ORIENTED_EDGE('',*,*,#1157,.F.);
#1986=ORIENTED_EDGE('',*,*,#1386,.F.);
#1987=ORIENTED_EDGE('',*,*,#1211,.T.);
#1988=ORIENTED_EDGE('',*,*,#1387,.T.);
#1989=ORIENTED_EDGE('',*,*,#1137,.F.);
#1990=ORIENTED_EDGE('',*,*,#1388,.F.);
#1991=ORIENTED_EDGE('',*,*,#1171,.T.);
#1992=ORIENTED_EDGE('',*,*,#1389,.T.);
#1993=ORIENTED_EDGE('',*,*,#1388,.T.);
#1994=ORIENTED_EDGE('',*,*,#1136,.T.);
#1995=ORIENTED_EDGE('',*,*,#1389,.F.);
#1996=ORIENTED_EDGE('',*,*,#1172,.F.);
#1997=ORIENTED_EDGE('',*,*,#1095,.T.);
#1998=ORIENTED_EDGE('',*,*,#1390,.T.);
#1999=ORIENTED_EDGE('',*,*,#1249,.T.);
#2000=ORIENTED_EDGE('',*,*,#1390,.F.);
#2001=PLANE('',#2176);
#2002=PLANE('',#2177);
#2003=PLANE('',#2190);
#2004=PLANE('',#2191);
#2005=PLANE('',#2195);
#2006=PLANE('',#2207);
#2007=PLANE('',#2219);
#2008=PLANE('',#2231);
#2009=PLANE('',#2243);
#2010=PLANE('',#2255);
#2011=PLANE('',#2265);
#2012=PLANE('',#2276);
#2013=PLANE('',#2277);
#2014=PLANE('',#2278);
#2015=PLANE('',#2279);
#2016=PLANE('',#2280);
#2017=PLANE('',#2281);
#2018=PLANE('',#2282);
#2019=PLANE('',#2291);
#2020=PLANE('',#2300);
#2021=PLANE('',#2303);
#2022=PLANE('',#2307);
#2023=PLANE('',#2309);
#2024=PLANE('',#2311);
#2025=PLANE('',#2312);
#2026=PLANE('',#2315);
#2027=PLANE('',#2317);
#2028=PLANE('',#2319);
#2029=PLANE('',#2320);
#2030=PLANE('',#2323);
#2031=PLANE('',#2325);
#2032=PLANE('',#2327);
#2033=PLANE('',#2329);
#2034=PLANE('',#2331);
#2035=PLANE('',#2333);
#2036=PLANE('',#2334);
#2037=PLANE('',#2336);
#2038=PLANE('',#2338);
#2039=PLANE('',#2339);
#2040=PLANE('',#2340);
#2041=PLANE('',#2341);
#2042=PLANE('',#2347);
#2043=PLANE('',#2349);
#2044=PLANE('',#2351);
#2045=PLANE('',#2352);
#2046=PLANE('',#2355);
#2047=PLANE('',#2357);
#2048=PLANE('',#2359);
#2049=PLANE('',#2360);
#2050=ADVANCED_FACE('',(#241),#2001,.F.);
#2051=ADVANCED_FACE('',(#242,#78,#79,#80,#81,#82,#83,#84,#85),#2002,.F.);
#2052=ADVANCED_FACE('',(#243),#61,.T.);
#2053=ADVANCED_FACE('',(#244),#15,.F.);
#2054=ADVANCED_FACE('',(#245),#2003,.T.);
#2055=ADVANCED_FACE('',(#246),#2004,.F.);
#2056=ADVANCED_FACE('',(#247),#16,.T.);
#2057=ADVANCED_FACE('',(#248,#86,#87,#88,#89,#90,#91,#92,#93,#94),#2005,
 .T.);
#2058=ADVANCED_FACE('',(#249,#95,#96,#97,#98,#99,#100,#101,#102,#103),#2006,
 .T.);
#2059=ADVANCED_FACE('',(#250,#104,#105,#106,#107,#108,#109,#110,#111,#112),
#2007,.F.);
#2060=ADVANCED_FACE('',(#251,#113,#114,#115,#116,#117,#118,#119,#120,#121),
#2008,.T.);
#2061=ADVANCED_FACE('',(#252,#122,#123,#124,#125,#126,#127,#128,#129,#130),
#2009,.F.);
#2062=ADVANCED_FACE('',(#253,#131,#132,#133,#134,#135,#136,#137),#2010,
 .F.);
#2063=ADVANCED_FACE('',(#254,#138,#139,#140,#141,#142,#143,#144,#145,#146),
#2011,.F.);
#2064=ADVANCED_FACE('',(#255),#2012,.T.);
#2065=ADVANCED_FACE('',(#256),#2013,.T.);
#2066=ADVANCED_FACE('',(#257),#2014,.F.);
#2067=ADVANCED_FACE('',(#258),#2015,.T.);
#2068=ADVANCED_FACE('',(#259),#2016,.F.);
#2069=ADVANCED_FACE('',(#260),#2017,.F.);
#2070=ADVANCED_FACE('',(#261),#2018,.F.);
#2071=ADVANCED_FACE('',(#262),#17,.T.);
#2072=ADVANCED_FACE('',(#263),#18,.T.);
#2073=ADVANCED_FACE('',(#264),#19,.T.);
#2074=ADVANCED_FACE('',(#265),#20,.T.);
#2075=ADVANCED_FACE('',(#266),#62,.T.);
#2076=ADVANCED_FACE('',(#267),#21,.T.);
#2077=ADVANCED_FACE('',(#268),#22,.F.);
#2078=ADVANCED_FACE('',(#269,#147,#148),#2019,.F.);
#2079=ADVANCED_FACE('',(#270),#63,.T.);
#2080=ADVANCED_FACE('',(#271),#23,.F.);
#2081=ADVANCED_FACE('',(#272),#64,.T.);
#2082=ADVANCED_FACE('',(#273),#24,.F.);
#2083=ADVANCED_FACE('',(#274),#25,.T.);
#2084=ADVANCED_FACE('',(#275),#26,.T.);
#2085=ADVANCED_FACE('',(#276),#27,.F.);
#2086=ADVANCED_FACE('',(#277),#28,.F.);
#2087=ADVANCED_FACE('',(#278),#29,.F.);
#2088=ADVANCED_FACE('',(#279),#65,.T.);
#2089=ADVANCED_FACE('',(#280),#2020,.T.);
#2090=ADVANCED_FACE('',(#281),#30,.F.);
#2091=ADVANCED_FACE('',(#282),#2021,.T.);
#2092=ADVANCED_FACE('',(#283),#31,.F.);
#2093=ADVANCED_FACE('',(#284),#32,.T.);
#2094=ADVANCED_FACE('',(#285),#2022,.F.);
#2095=ADVANCED_FACE('',(#286),#33,.T.);
#2096=ADVANCED_FACE('',(#287),#2023,.F.);
#2097=ADVANCED_FACE('',(#288),#34,.T.);
#2098=ADVANCED_FACE('',(#289),#2024,.F.);
#2099=ADVANCED_FACE('',(#290),#2025,.F.);
#2100=ADVANCED_FACE('',(#291),#35,.T.);
#2101=ADVANCED_FACE('',(#292),#36,.T.);
#2102=ADVANCED_FACE('',(#293),#2026,.F.);
#2103=ADVANCED_FACE('',(#294),#37,.T.);
#2104=ADVANCED_FACE('',(#295),#2027,.F.);
#2105=ADVANCED_FACE('',(#296),#38,.T.);
#2106=ADVANCED_FACE('',(#297),#2028,.F.);
#2107=ADVANCED_FACE('',(#298),#2029,.F.);
#2108=ADVANCED_FACE('',(#299),#39,.T.);
#2109=ADVANCED_FACE('',(#300),#40,.T.);
#2110=ADVANCED_FACE('',(#301),#2030,.F.);
#2111=ADVANCED_FACE('',(#302),#41,.T.);
#2112=ADVANCED_FACE('',(#303),#2031,.F.);
#2113=ADVANCED_FACE('',(#304),#42,.T.);
#2114=ADVANCED_FACE('',(#305),#2032,.F.);
#2115=ADVANCED_FACE('',(#306),#43,.T.);
#2116=ADVANCED_FACE('',(#307),#2033,.F.);
#2117=ADVANCED_FACE('',(#308),#44,.T.);
#2118=ADVANCED_FACE('',(#309),#2034,.F.);
#2119=ADVANCED_FACE('',(#310),#45,.T.);
#2120=ADVANCED_FACE('',(#311),#2035,.F.);
#2121=ADVANCED_FACE('',(#312),#2036,.F.);
#2122=ADVANCED_FACE('',(#313),#46,.T.);
#2123=ADVANCED_FACE('',(#314),#2037,.F.);
#2124=ADVANCED_FACE('',(#315),#47,.T.);
#2125=ADVANCED_FACE('',(#316),#66,.T.);
#2126=ADVANCED_FACE('',(#317),#2038,.T.);
#2127=ADVANCED_FACE('',(#318),#2039,.T.);
#2128=ADVANCED_FACE('',(#319),#67,.T.);
#2129=ADVANCED_FACE('',(#320),#2040,.T.);
#2130=ADVANCED_FACE('',(#321),#68,.T.);
#2131=ADVANCED_FACE('',(#322),#69,.T.);
#2132=ADVANCED_FACE('',(#323),#2041,.T.);
#2133=ADVANCED_FACE('',(#324),#70,.T.);
#2134=ADVANCED_FACE('',(#325),#48,.T.);
#2135=ADVANCED_FACE('',(#326),#71,.T.);
#2136=ADVANCED_FACE('',(#327),#72,.T.);
#2137=ADVANCED_FACE('',(#328),#49,.T.);
#2138=ADVANCED_FACE('',(#329),#73,.T.);
#2139=ADVANCED_FACE('',(#330),#50,.T.);
#2140=ADVANCED_FACE('',(#331),#74,.T.);
#2141=ADVANCED_FACE('',(#332),#75,.T.);
#2142=ADVANCED_FACE('',(#333),#76,.T.);
#2143=ADVANCED_FACE('',(#334),#77,.T.);
#2144=ADVANCED_FACE('',(#335),#51,.T.);
#2145=ADVANCED_FACE('',(#336),#52,.T.);
#2146=ADVANCED_FACE('',(#337),#2042,.F.);
#2147=ADVANCED_FACE('',(#338),#53,.T.);
#2148=ADVANCED_FACE('',(#339),#2043,.F.);
#2149=ADVANCED_FACE('',(#340),#54,.T.);
#2150=ADVANCED_FACE('',(#341),#2044,.F.);
#2151=ADVANCED_FACE('',(#342),#2045,.F.);
#2152=ADVANCED_FACE('',(#343),#55,.T.);
#2153=ADVANCED_FACE('',(#344),#56,.T.);
#2154=ADVANCED_FACE('',(#345),#2046,.F.);
#2155=ADVANCED_FACE('',(#346),#57,.T.);
#2156=ADVANCED_FACE('',(#347),#2047,.F.);
#2157=ADVANCED_FACE('',(#348),#58,.T.);
#2158=ADVANCED_FACE('',(#349),#2048,.F.);
#2159=ADVANCED_FACE('',(#350),#2049,.F.);
#2160=ADVANCED_FACE('',(#351),#59,.T.);
#2161=ADVANCED_FACE('',(#352),#60,.T.);
#2162=CLOSED_SHELL('',(#2050,#2051,#2052,#2053,#2054,#2055,#2056,#2057,
#2058,#2059,#2060,#2061,#2062,#2063,#2064,#2065,#2066,#2067,#2068,#2069,
#2070,#2071,#2072,#2073,#2074,#2075,#2076,#2077,#2078,#2079,#2080,#2081,
#2082,#2083,#2084,#2085,#2086,#2087,#2088,#2089,#2090,#2091,#2092,#2093,
#2094,#2095,#2096,#2097,#2098,#2099,#2100,#2101,#2102,#2103,#2104,#2105,
#2106,#2107,#2108,#2109,#2110,#2111,#2112,#2113,#2114,#2115,#2116,#2117,
#2118,#2119,#2120,#2121,#2122,#2123,#2124,#2125,#2126,#2127,#2128,#2129,
#2130,#2131,#2132,#2133,#2134,#2135,#2136,#2137,#2138,#2139,#2140,#2141,
#2142,#2143,#2144,#2145,#2146,#2147,#2148,#2149,#2150,#2151,#2152,#2153,
#2154,#2155,#2156,#2157,#2158,#2159,#2160,#2161));
#2163=DERIVED_UNIT_ELEMENT(#2165,1.);
#2164=DERIVED_UNIT_ELEMENT(#4962,-3.);
#2165=(
MASS_UNIT()
NAMED_UNIT(*)
SI_UNIT(.KILO.,.GRAM.)
);
#2166=DERIVED_UNIT((#2163,#2164));
#2167=MEASURE_REPRESENTATION_ITEM('density measure',
POSITIVE_RATIO_MEASURE(7850.),#2166);
#2168=PROPERTY_DEFINITION_REPRESENTATION(#2173,#2170);
#2169=PROPERTY_DEFINITION_REPRESENTATION(#2174,#2171);
#2170=REPRESENTATION('material name',(#2172),#4959);
#2171=REPRESENTATION('density',(#2167),#4959);
#2172=DESCRIPTIVE_REPRESENTATION_ITEM('Steel','Steel');
#2173=PROPERTY_DEFINITION('material property','material name',#4969);
#2174=PROPERTY_DEFINITION('material property','density of part',#4969);
#2175=AXIS2_PLACEMENT_3D('',#2894,#2363,#2364);
#2176=AXIS2_PLACEMENT_3D('',#2895,#2365,#2366);
#2177=AXIS2_PLACEMENT_3D('',#2905,#2368,#2369);
#2178=AXIS2_PLACEMENT_3D('',#2934,#2371,#2372);
#2179=AXIS2_PLACEMENT_3D('',#2951,#2373,#2374);
#2180=AXIS2_PLACEMENT_3D('',#2962,#2375,#2376);
#2181=AXIS2_PLACEMENT_3D('',#2964,#2377,#2378);
#2182=AXIS2_PLACEMENT_3D('',#2967,#2379,#2380);
#2183=AXIS2_PLACEMENT_3D('',#2971,#2382,#2383);
#2184=AXIS2_PLACEMENT_3D('',#2975,#2385,#2386);
#2185=AXIS2_PLACEMENT_3D('',#2979,#2388,#2389);
#2186=AXIS2_PLACEMENT_3D('',#2983,#2391,#2392);
#2187=AXIS2_PLACEMENT_3D('',#2986,#2394,#2395);
#2188=AXIS2_PLACEMENT_3D('',#3213,#2398,#2399);
#2189=AXIS2_PLACEMENT_3D('',#3215,#2400,#2401);
#2190=AXIS2_PLACEMENT_3D('',#3217,#2403,#2404);
#2191=AXIS2_PLACEMENT_3D('',#3218,#2405,#2406);
#2192=AXIS2_PLACEMENT_3D('',#3219,#2407,#2408);
#2193=AXIS2_PLACEMENT_3D('',#3220,#2409,#2410);
#2194=AXIS2_PLACEMENT_3D('',#3222,#2411,#2412);
#2195=AXIS2_PLACEMENT_3D('',#3224,#2414,#2415);
#2196=AXIS2_PLACEMENT_3D('',#3227,#2416,#2417);
#2197=AXIS2_PLACEMENT_3D('',#3265,#2419,#2420);
#2198=AXIS2_PLACEMENT_3D('',#3283,#2421,#2422);
#2199=AXIS2_PLACEMENT_3D('',#3285,#2423,#2424);
#2200=AXIS2_PLACEMENT_3D('',#3287,#2425,#2426);
#2201=AXIS2_PLACEMENT_3D('',#3289,#2427,#2428);
#2202=AXIS2_PLACEMENT_3D('',#3292,#2429,#2430);
#2203=AXIS2_PLACEMENT_3D('',#3296,#2432,#2433);
#2204=AXIS2_PLACEMENT_3D('',#3300,#2435,#2436);
#2205=AXIS2_PLACEMENT_3D('',#3304,#2438,#2439);
#2206=AXIS2_PLACEMENT_3D('',#3308,#2441,#2442);
#2207=AXIS2_PLACEMENT_3D('',#3310,#2444,#2445);
#2208=AXIS2_PLACEMENT_3D('',#3313,#2446,#2447);
#2209=AXIS2_PLACEMENT_3D('',#3351,#2449,#2450);
#2210=AXIS2_PLACEMENT_3D('',#3369,#2451,#2452);
#2211=AXIS2_PLACEMENT_3D('',#3371,#2453,#2454);
#2212=AXIS2_PLACEMENT_3D('',#3373,#2455,#2456);
#2213=AXIS2_PLACEMENT_3D('',#3375,#2457,#2458);
#2214=AXIS2_PLACEMENT_3D('',#3378,#2459,#2460);
#2215=AXIS2_PLACEMENT_3D('',#3382,#2462,#2463);
#2216=AXIS2_PLACEMENT_3D('',#3386,#2465,#2466);
#2217=AXIS2_PLACEMENT_3D('',#3390,#2468,#2469);
#2218=AXIS2_PLACEMENT_3D('',#3394,#2471,#2472);
#2219=AXIS2_PLACEMENT_3D('',#3396,#2474,#2475);
#2220=AXIS2_PLACEMENT_3D('',#3423,#2476,#2477);
#2221=AXIS2_PLACEMENT_3D('',#3442,#2478,#2479);
#2222=AXIS2_PLACEMENT_3D('',#3455,#2481,#2482);
#2223=AXIS2_PLACEMENT_3D('',#3457,#2483,#2484);
#2224=AXIS2_PLACEMENT_3D('',#3459,#2485,#2486);
#2225=AXIS2_PLACEMENT_3D('',#3463,#2488,#2489);
#2226=AXIS2_PLACEMENT_3D('',#3467,#2491,#2492);
#2227=AXIS2_PLACEMENT_3D('',#3471,#2494,#2495);
#2228=AXIS2_PLACEMENT_3D('',#3475,#2497,#2498);
#2229=AXIS2_PLACEMENT_3D('',#3479,#2500,#2501);
#2230=AXIS2_PLACEMENT_3D('',#3481,#2502,#2503);
#2231=AXIS2_PLACEMENT_3D('',#3482,#2504,#2505);
#2232=AXIS2_PLACEMENT_3D('',#3485,#2506,#2507);
#2233=AXIS2_PLACEMENT_3D('',#3523,#2509,#2510);
#2234=AXIS2_PLACEMENT_3D('',#3541,#2511,#2512);
#2235=AXIS2_PLACEMENT_3D('',#3543,#2513,#2514);
#2236=AXIS2_PLACEMENT_3D('',#3545,#2515,#2516);
#2237=AXIS2_PLACEMENT_3D('',#3547,#2517,#2518);
#2238=AXIS2_PLACEMENT_3D('',#3550,#2519,#2520);
#2239=AXIS2_PLACEMENT_3D('',#3554,#2522,#2523);
#2240=AXIS2_PLACEMENT_3D('',#3558,#2525,#2526);
#2241=AXIS2_PLACEMENT_3D('',#3562,#2528,#2529);
#2242=AXIS2_PLACEMENT_3D('',#3566,#2531,#2532);
#2243=AXIS2_PLACEMENT_3D('',#3568,#2534,#2535);
#2244=AXIS2_PLACEMENT_3D('',#3595,#2536,#2537);
#2245=AXIS2_PLACEMENT_3D('',#3614,#2538,#2539);
#2246=AXIS2_PLACEMENT_3D('',#3627,#2541,#2542);
#2247=AXIS2_PLACEMENT_3D('',#3629,#2543,#2544);
#2248=AXIS2_PLACEMENT_3D('',#3631,#2545,#2546);
#2249=AXIS2_PLACEMENT_3D('',#3635,#2548,#2549);
#2250=AXIS2_PLACEMENT_3D('',#3639,#2551,#2552);
#2251=AXIS2_PLACEMENT_3D('',#3643,#2554,#2555);
#2252=AXIS2_PLACEMENT_3D('',#3647,#2557,#2558);
#2253=AXIS2_PLACEMENT_3D('',#3651,#2560,#2561);
#2254=AXIS2_PLACEMENT_3D('',#3653,#2562,#2563);
#2255=AXIS2_PLACEMENT_3D('',#3654,#2564,#2565);
#2256=AXIS2_PLACEMENT_3D('',#3681,#2566,#2567);
#2257=AXIS2_PLACEMENT_3D('',#3700,#2568,#2569);
#2258=AXIS2_PLACEMENT_3D('',#3713,#2571,#2572);
#2259=AXIS2_PLACEMENT_3D('',#3715,#2573,#2574);
#2260=AXIS2_PLACEMENT_3D('',#3719,#2576,#2577);
#2261=AXIS2_PLACEMENT_3D('',#3723,#2579,#2580);
#2262=AXIS2_PLACEMENT_3D('',#3727,#2582,#2583);
#2263=AXIS2_PLACEMENT_3D('',#3731,#2585,#2586);
#2264=AXIS2_PLACEMENT_3D('',#3735,#2588,#2589);
#2265=AXIS2_PLACEMENT_3D('',#3736,#2590,#2591);
#2266=AXIS2_PLACEMENT_3D('',#3756,#2592,#2593);
#2267=AXIS2_PLACEMENT_3D('',#3793,#2595,#2596);
#2268=AXIS2_PLACEMENT_3D('',#3795,#2597,#2598);
#2269=AXIS2_PLACEMENT_3D('',#3799,#2600,#2601);
#2270=AXIS2_PLACEMENT_3D('',#3803,#2603,#2604);
#2271=AXIS2_PLACEMENT_3D('',#3807,#2606,#2607);
#2272=AXIS2_PLACEMENT_3D('',#3809,#2608,#2609);
#2273=AXIS2_PLACEMENT_3D('',#3813,#2611,#2612);
#2274=AXIS2_PLACEMENT_3D('',#3817,#2614,#2615);
#2275=AXIS2_PLACEMENT_3D('',#3819,#2616,#2617);
#2276=AXIS2_PLACEMENT_3D('',#3820,#2618,#2619);
#2277=AXIS2_PLACEMENT_3D('',#3828,#2621,#2622);
#2278=AXIS2_PLACEMENT_3D('',#3836,#2624,#2625);
#2279=AXIS2_PLACEMENT_3D('',#3844,#2627,#2628);
#2280=AXIS2_PLACEMENT_3D('',#3852,#2630,#2631);
#2281=AXIS2_PLACEMENT_3D('',#3860,#2633,#2634);
#2282=AXIS2_PLACEMENT_3D('',#3868,#2636,#2637);
#2283=AXIS2_PLACEMENT_3D('',#3876,#2639,#2640);
#2284=AXIS2_PLACEMENT_3D('',#3878,#2642,#2643);
#2285=AXIS2_PLACEMENT_3D('',#3880,#2645,#2646);
#2286=AXIS2_PLACEMENT_3D('',#3882,#2648,#2649);
#2287=AXIS2_PLACEMENT_3D('',#4088,#2653,#2654);
#2288=AXIS2_PLACEMENT_3D('',#4089,#2655,#2656);
#2289=AXIS2_PLACEMENT_3D('',#4116,#2671,#2672);
#2290=AXIS2_PLACEMENT_3D('',#4119,#2674,#2675);
#2291=AXIS2_PLACEMENT_3D('',#4120,#2676,#2677);
#2292=AXIS2_PLACEMENT_3D('',#4122,#2678,#2679);
#2293=AXIS2_PLACEMENT_3D('',#4291,#2680,#2681);
#2294=AXIS2_PLACEMENT_3D('',#4461,#2683,#2684);
#2295=AXIS2_PLACEMENT_3D('',#4463,#2686,#2687);
#2296=AXIS2_PLACEMENT_3D('',#4465,#2689,#2690);
#2297=AXIS2_PLACEMENT_3D('',#4467,#2692,#2693);
#2298=AXIS2_PLACEMENT_3D('',#4469,#2695,#2696);
#2299=AXIS2_PLACEMENT_3D('',#4471,#2698,#2699);
#2300=AXIS2_PLACEMENT_3D('',#4641,#2701,#2702);
#2301=AXIS2_PLACEMENT_3D('',#4643,#2703,#2704);
#2302=AXIS2_PLACEMENT_3D('',#4644,#2705,#2706);
#2303=AXIS2_PLACEMENT_3D('',#4646,#2708,#2709);
#2304=AXIS2_PLACEMENT_3D('',#4648,#2710,#2711);
#2305=AXIS2_PLACEMENT_3D('',#4649,#2712,#2713);
#2306=AXIS2_PLACEMENT_3D('',#4651,#2715,#2716);
#2307=AXIS2_PLACEMENT_3D('',#4654,#2719,#2720);
#2308=AXIS2_PLACEMENT_3D('',#4655,#2721,#2722);
#2309=AXIS2_PLACEMENT_3D('',#4658,#2725,#2726);
#2310=AXIS2_PLACEMENT_3D('',#4659,#2727,#2728);
#2311=AXIS2_PLACEMENT_3D('',#4662,#2731,#2732);
#2312=AXIS2_PLACEMENT_3D('',#4663,#2733,#2734);
#2313=AXIS2_PLACEMENT_3D('',#4666,#2737,#2738);
#2314=AXIS2_PLACEMENT_3D('',#4667,#2739,#2740);
#2315=AXIS2_PLACEMENT_3D('',#4670,#2743,#2744);
#2316=AXIS2_PLACEMENT_3D('',#4671,#2745,#2746);
#2317=AXIS2_PLACEMENT_3D('',#4674,#2749,#2750);
#2318=AXIS2_PLACEMENT_3D('',#4675,#2751,#2752);
#2319=AXIS2_PLACEMENT_3D('',#4678,#2755,#2756);
#2320=AXIS2_PLACEMENT_3D('',#4679,#2757,#2758);
#2321=AXIS2_PLACEMENT_3D('',#4682,#2761,#2762);
#2322=AXIS2_PLACEMENT_3D('',#4683,#2763,#2764);
#2323=AXIS2_PLACEMENT_3D('',#4686,#2767,#2768);
#2324=AXIS2_PLACEMENT_3D('',#4687,#2769,#2770);
#2325=AXIS2_PLACEMENT_3D('',#4690,#2773,#2774);
#2326=AXIS2_PLACEMENT_3D('',#4691,#2775,#2776);
#2327=AXIS2_PLACEMENT_3D('',#4694,#2779,#2780);
#2328=AXIS2_PLACEMENT_3D('',#4695,#2781,#2782);
#2329=AXIS2_PLACEMENT_3D('',#4698,#2785,#2786);
#2330=AXIS2_PLACEMENT_3D('',#4699,#2787,#2788);
#2331=AXIS2_PLACEMENT_3D('',#4702,#2791,#2792);
#2332=AXIS2_PLACEMENT_3D('',#4703,#2793,#2794);
#2333=AXIS2_PLACEMENT_3D('',#4706,#2797,#2798);
#2334=AXIS2_PLACEMENT_3D('',#4707,#2799,#2800);
#2335=AXIS2_PLACEMENT_3D('',#4710,#2803,#2804);
#2336=AXIS2_PLACEMENT_3D('',#4711,#2805,#2806);
#2337=AXIS2_PLACEMENT_3D('',#4714,#2809,#2810);
#2338=AXIS2_PLACEMENT_3D('',#4747,#2813,#2814);
#2339=AXIS2_PLACEMENT_3D('',#4748,#2815,#2816);
#2340=AXIS2_PLACEMENT_3D('',#4781,#2819,#2820);
#2341=AXIS2_PLACEMENT_3D('',#4846,#2825,#2826);
#2342=AXIS2_PLACEMENT_3D('',#4856,#2828,#2829);
#2343=AXIS2_PLACEMENT_3D('',#4875,#2832,#2833);
#2344=AXIS2_PLACEMENT_3D('',#4885,#2835,#2836);
#2345=AXIS2_PLACEMENT_3D('',#4922,#2841,#2842);
#2346=AXIS2_PLACEMENT_3D('',#4923,#2843,#2844);
#2347=AXIS2_PLACEMENT_3D('',#4926,#2847,#2848);
#2348=AXIS2_PLACEMENT_3D('',#4927,#2849,#2850);
#2349=AXIS2_PLACEMENT_3D('',#4930,#2853,#2854);
#2350=AXIS2_PLACEMENT_3D('',#4931,#2855,#2856);
#2351=AXIS2_PLACEMENT_3D('',#4934,#2859,#2860);
#2352=AXIS2_PLACEMENT_3D('',#4935,#2861,#2862);
#2353=AXIS2_PLACEMENT_3D('',#4938,#2865,#2866);
#2354=AXIS2_PLACEMENT_3D('',#4939,#2867,#2868);
#2355=AXIS2_PLACEMENT_3D('',#4942,#2871,#2872);
#2356=AXIS2_PLACEMENT_3D('',#4943,#2873,#2874);
#2357=AXIS2_PLACEMENT_3D('',#4946,#2877,#2878);
#2358=AXIS2_PLACEMENT_3D('',#4947,#2879,#2880);
#2359=AXIS2_PLACEMENT_3D('',#4950,#2883,#2884);
#2360=AXIS2_PLACEMENT_3D('',#4951,#2885,#2886);
#2361=AXIS2_PLACEMENT_3D('',#4954,#2889,#2890);
#2362=AXIS2_PLACEMENT_3D('',#4955,#2891,#2892);
#2363=DIRECTION('axis',(0.,0.,1.));
#2364=DIRECTION('refdir',(1.,0.,0.));
#2365=DIRECTION('center_axis',(-1.,0.,0.));
#2366=DIRECTION('ref_axis',(0.,0.,1.));
#2367=DIRECTION('',(0.,0.993106119810964,0.117218747621751));
#2368=DIRECTION('center_axis',(-1.,0.,0.));
#2369=DIRECTION('ref_axis',(0.,0.,1.));
#2370=DIRECTION('',(0.,0.,-1.));
#2371=DIRECTION('center_axis',(-1.,0.,0.));
#2372=DIRECTION('ref_axis',(0.,0.,1.));
#2373=DIRECTION('center_axis',(1.,0.,0.));
#2374=DIRECTION('ref_axis',(0.,0.,-1.));
#2375=DIRECTION('center_axis',(1.,0.,0.));
#2376=DIRECTION('ref_axis',(0.,0.,-1.));
#2377=DIRECTION('center_axis',(-1.,0.,0.));
#2378=DIRECTION('ref_axis',(0.,0.,1.));
#2379=DIRECTION('center_axis',(1.,0.,0.));
#2380=DIRECTION('ref_axis',(0.,0.200354198262743,0.979723530001446));
#2381=DIRECTION('',(0.,-0.996454701568355,0.0841310152222189));
#2382=DIRECTION('center_axis',(1.,0.,0.));
#2383=DIRECTION('ref_axis',(0.,0.0695898293746538,0.997575689182333));
#2384=DIRECTION('',(0.,-0.998855754548123,-0.0478244875152884));
#2385=DIRECTION('center_axis',(1.,0.,0.));
#2386=DIRECTION('ref_axis',(0.,-0.158626139794114,-0.987338719879869));
#2387=DIRECTION('',(0.,0.999126082485759,-0.0417979819687432));
#2388=DIRECTION('center_axis',(1.,0.,0.));
#2389=DIRECTION('ref_axis',(0.,-0.211828734053806,-0.977306803122316));
#2390=DIRECTION('',(0.,0.995399666029749,-0.0958097326364291));
#2391=DIRECTION('center_axis',(1.,0.,0.));
#2392=DIRECTION('ref_axis',(0.,0.0203514551980672,0.999792887687906));
#2393=DIRECTION('',(0.,-0.995286007396932,-0.0969833154716508));
#2394=DIRECTION('center_axis',(-1.,0.,0.));
#2395=DIRECTION('ref_axis',(0.,0.,1.));
#2396=DIRECTION('',(1.,0.,0.));
#2397=DIRECTION('',(1.,0.,0.));
#2398=DIRECTION('center_axis',(1.,0.,0.));
#2399=DIRECTION('ref_axis',(0.,0.,-1.));
#2400=DIRECTION('center_axis',(1.,0.,0.));
#2401=DIRECTION('ref_axis',(0.,0.,-1.));
#2402=DIRECTION('',(1.,0.,0.));
#2403=DIRECTION('center_axis',(1.,0.,0.));
#2404=DIRECTION('ref_axis',(0.,0.,-1.));
#2405=DIRECTION('center_axis',(1.,0.,0.));
#2406=DIRECTION('ref_axis',(0.,0.,-1.));
#2407=DIRECTION('center_axis',(-1.,0.,0.));
#2408=DIRECTION('ref_axis',(0.,0.,1.));
#2409=DIRECTION('center_axis',(1.,0.,0.));
#2410=DIRECTION('ref_axis',(0.,0.,-1.));
#2411=DIRECTION('center_axis',(1.,0.,0.));
#2412=DIRECTION('ref_axis',(0.,0.,-1.));
#2413=DIRECTION('',(-1.,0.,0.));
#2414=DIRECTION('center_axis',(-1.,0.,0.));
#2415=DIRECTION('ref_axis',(0.,0.,1.));
#2416=DIRECTION('center_axis',(-1.,0.,0.));
#2417=DIRECTION('ref_axis',(0.,0.,1.));
#2418=DIRECTION('',(0.,0.,1.));
#2419=DIRECTION('center_axis',(-1.,0.,0.));
#2420=DIRECTION('ref_axis',(0.,0.,1.));
#2421=DIRECTION('center_axis',(-1.,0.,0.));
#2422=DIRECTION('ref_axis',(0.,0.,1.));
#2423=DIRECTION('center_axis',(-1.,0.,0.));
#2424=DIRECTION('ref_axis',(0.,0.,1.));
#2425=DIRECTION('center_axis',(-1.,0.,0.));
#2426=DIRECTION('ref_axis',(0.,0.,1.));
#2427=DIRECTION('center_axis',(1.,0.,0.));
#2428=DIRECTION('ref_axis',(0.,0.,-1.));
#2429=DIRECTION('center_axis',(-1.,0.,0.));
#2430=DIRECTION('ref_axis',(0.,0.,1.));
#2431=DIRECTION('',(0.,0.995286007396932,0.0969833154716509));
#2432=DIRECTION('center_axis',(-1.,0.,0.));
#2433=DIRECTION('ref_axis',(0.,0.,1.));
#2434=DIRECTION('',(0.,-0.995399666029749,0.0958097326364291));
#2435=DIRECTION('center_axis',(-1.,0.,0.));
#2436=DIRECTION('ref_axis',(0.,0.,1.));
#2437=DIRECTION('',(0.,-0.99912608248576,0.0417979819687432));
#2438=DIRECTION('center_axis',(-1.,0.,0.));
#2439=DIRECTION('ref_axis',(0.,0.,1.));
#2440=DIRECTION('',(0.,0.998855754548123,0.0478244875152884));
#2441=DIRECTION('center_axis',(-1.,0.,0.));
#2442=DIRECTION('ref_axis',(0.,0.,1.));
#2443=DIRECTION('',(0.,0.996454701568355,-0.0841310152222189));
#2444=DIRECTION('center_axis',(-1.,0.,0.));
#2445=DIRECTION('ref_axis',(0.,0.,1.));
#2446=DIRECTION('center_axis',(-1.,0.,0.));
#2447=DIRECTION('ref_axis',(0.,0.,1.));
#2448=DIRECTION('',(0.,0.,-1.));
#2449=DIRECTION('center_axis',(-1.,0.,0.));
#2450=DIRECTION('ref_axis',(0.,0.,1.));
#2451=DIRECTION('center_axis',(-1.,0.,0.));
#2452=DIRECTION('ref_axis',(0.,0.,1.));
#2453=DIRECTION('center_axis',(-1.,0.,0.));
#2454=DIRECTION('ref_axis',(0.,0.,1.));
#2455=DIRECTION('center_axis',(-1.,0.,0.));
#2456=DIRECTION('ref_axis',(0.,0.,1.));
#2457=DIRECTION('center_axis',(1.,0.,0.));
#2458=DIRECTION('ref_axis',(0.,0.,-1.));
#2459=DIRECTION('center_axis',(-1.,0.,0.));
#2460=DIRECTION('ref_axis',(0.,0.,1.));
#2461=DIRECTION('',(0.,0.995286007396932,0.0969833154716509));
#2462=DIRECTION('center_axis',(-1.,0.,0.));
#2463=DIRECTION('ref_axis',(0.,0.,1.));
#2464=DIRECTION('',(0.,-0.995399666029749,0.0958097326364291));
#2465=DIRECTION('center_axis',(-1.,0.,0.));
#2466=DIRECTION('ref_axis',(0.,0.,1.));
#2467=DIRECTION('',(0.,-0.99912608248576,0.0417979819687432));
#2468=DIRECTION('center_axis',(-1.,0.,0.));
#2469=DIRECTION('ref_axis',(0.,0.,1.));
#2470=DIRECTION('',(0.,0.998855754548123,0.0478244875152884));
#2471=DIRECTION('center_axis',(-1.,0.,0.));
#2472=DIRECTION('ref_axis',(0.,0.,1.));
#2473=DIRECTION('',(0.,0.996454701568355,-0.0841310152222189));
#2474=DIRECTION('center_axis',(-1.,0.,0.));
#2475=DIRECTION('ref_axis',(0.,0.,1.));
#2476=DIRECTION('center_axis',(-1.,0.,0.));
#2477=DIRECTION('ref_axis',(0.,0.,1.));
#2478=DIRECTION('center_axis',(-1.,0.,0.));
#2479=DIRECTION('ref_axis',(0.,0.,1.));
#2480=DIRECTION('',(0.,0.,-1.));
#2481=DIRECTION('center_axis',(-1.,0.,0.));
#2482=DIRECTION('ref_axis',(0.,0.,1.));
#2483=DIRECTION('center_axis',(-1.,0.,0.));
#2484=DIRECTION('ref_axis',(0.,0.,1.));
#2485=DIRECTION('center_axis',(-1.,0.,0.));
#2486=DIRECTION('ref_axis',(0.,0.,1.));
#2487=DIRECTION('',(0.,0.995286007396932,0.0969833154716509));
#2488=DIRECTION('center_axis',(-1.,0.,0.));
#2489=DIRECTION('ref_axis',(0.,0.,1.));
#2490=DIRECTION('',(0.,-0.99912608248576,0.0417979819687432));
#2491=DIRECTION('center_axis',(-1.,0.,0.));
#2492=DIRECTION('ref_axis',(0.,0.,1.));
#2493=DIRECTION('',(0.,0.996454701568355,-0.0841310152222189));
#2494=DIRECTION('center_axis',(-1.,0.,0.));
#2495=DIRECTION('ref_axis',(0.,0.,1.));
#2496=DIRECTION('',(0.,0.998855754548123,0.0478244875152883));
#2497=DIRECTION('center_axis',(-1.,0.,0.));
#2498=DIRECTION('ref_axis',(0.,0.,1.));
#2499=DIRECTION('',(0.,-0.995399666029749,0.0958097326364292));
#2500=DIRECTION('center_axis',(-1.,0.,0.));
#2501=DIRECTION('ref_axis',(0.,0.,1.));
#2502=DIRECTION('center_axis',(1.,0.,0.));
#2503=DIRECTION('ref_axis',(0.,0.,-1.));
#2504=DIRECTION('center_axis',(-1.,0.,0.));
#2505=DIRECTION('ref_axis',(0.,0.,1.));
#2506=DIRECTION('center_axis',(-1.,0.,0.));
#2507=DIRECTION('ref_axis',(0.,0.,1.));
#2508=DIRECTION('',(0.,0.,-1.));
#2509=DIRECTION('center_axis',(-1.,0.,0.));
#2510=DIRECTION('ref_axis',(0.,0.,1.));
#2511=DIRECTION('center_axis',(-1.,0.,0.));
#2512=DIRECTION('ref_axis',(0.,0.,1.));
#2513=DIRECTION('center_axis',(-1.,0.,0.));
#2514=DIRECTION('ref_axis',(0.,0.,1.));
#2515=DIRECTION('center_axis',(-1.,0.,0.));
#2516=DIRECTION('ref_axis',(0.,0.,1.));
#2517=DIRECTION('center_axis',(1.,0.,0.));
#2518=DIRECTION('ref_axis',(0.,0.,-1.));
#2519=DIRECTION('center_axis',(-1.,0.,0.));
#2520=DIRECTION('ref_axis',(0.,0.,1.));
#2521=DIRECTION('',(0.,0.995286007396932,0.0969833154716509));
#2522=DIRECTION('center_axis',(-1.,0.,0.));
#2523=DIRECTION('ref_axis',(0.,0.,1.));
#2524=DIRECTION('',(0.,-0.995399666029749,0.0958097326364291));
#2525=DIRECTION('center_axis',(-1.,0.,0.));
#2526=DIRECTION('ref_axis',(0.,0.,1.));
#2527=DIRECTION('',(0.,-0.99912608248576,0.0417979819687432));
#2528=DIRECTION('center_axis',(-1.,0.,0.));
#2529=DIRECTION('ref_axis',(0.,0.,1.));
#2530=DIRECTION('',(0.,0.998855754548123,0.0478244875152884));
#2531=DIRECTION('center_axis',(-1.,0.,0.));
#2532=DIRECTION('ref_axis',(0.,0.,1.));
#2533=DIRECTION('',(0.,0.996454701568355,-0.0841310152222189));
#2534=DIRECTION('center_axis',(-1.,0.,0.));
#2535=DIRECTION('ref_axis',(0.,0.,1.));
#2536=DIRECTION('center_axis',(-1.,0.,0.));
#2537=DIRECTION('ref_axis',(0.,0.,1.));
#2538=DIRECTION('center_axis',(-1.,0.,0.));
#2539=DIRECTION('ref_axis',(0.,0.,1.));
#2540=DIRECTION('',(0.,0.,-1.));
#2541=DIRECTION('center_axis',(-1.,0.,0.));
#2542=DIRECTION('ref_axis',(0.,0.,1.));
#2543=DIRECTION('center_axis',(-1.,0.,0.));
#2544=DIRECTION('ref_axis',(0.,0.,1.));
#2545=DIRECTION('center_axis',(-1.,0.,0.));
#2546=DIRECTION('ref_axis',(0.,0.,1.));
#2547=DIRECTION('',(0.,0.995286007396932,0.0969833154716509));
#2548=DIRECTION('center_axis',(-1.,0.,0.));
#2549=DIRECTION('ref_axis',(0.,0.,1.));
#2550=DIRECTION('',(0.,-0.99912608248576,0.0417979819687432));
#2551=DIRECTION('center_axis',(-1.,0.,0.));
#2552=DIRECTION('ref_axis',(0.,0.,1.));
#2553=DIRECTION('',(0.,0.996454701568355,-0.0841310152222189));
#2554=DIRECTION('center_axis',(-1.,0.,0.));
#2555=DIRECTION('ref_axis',(0.,0.,1.));
#2556=DIRECTION('',(0.,0.998855754548123,0.0478244875152883));
#2557=DIRECTION('center_axis',(-1.,0.,0.));
#2558=DIRECTION('ref_axis',(0.,0.,1.));
#2559=DIRECTION('',(0.,-0.995399666029749,0.0958097326364292));
#2560=DIRECTION('center_axis',(-1.,0.,0.));
#2561=DIRECTION('ref_axis',(0.,0.,1.));
#2562=DIRECTION('center_axis',(1.,0.,0.));
#2563=DIRECTION('ref_axis',(0.,0.,-1.));
#2564=DIRECTION('center_axis',(-1.,0.,0.));
#2565=DIRECTION('ref_axis',(0.,0.,1.));
#2566=DIRECTION('center_axis',(-1.,0.,0.));
#2567=DIRECTION('ref_axis',(0.,0.,1.));
#2568=DIRECTION('center_axis',(-1.,0.,0.));
#2569=DIRECTION('ref_axis',(0.,0.,1.));
#2570=DIRECTION('',(0.,0.,-1.));
#2571=DIRECTION('center_axis',(-1.,0.,0.));
#2572=DIRECTION('ref_axis',(0.,0.,1.));
#2573=DIRECTION('center_axis',(-1.,0.,0.));
#2574=DIRECTION('ref_axis',(0.,0.,1.));
#2575=DIRECTION('',(0.,0.995286007396932,0.0969833154716509));
#2576=DIRECTION('center_axis',(-1.,0.,0.));
#2577=DIRECTION('ref_axis',(0.,0.,1.));
#2578=DIRECTION('',(0.,-0.99912608248576,0.0417979819687432));
#2579=DIRECTION('center_axis',(-1.,0.,0.));
#2580=DIRECTION('ref_axis',(0.,0.,1.));
#2581=DIRECTION('',(0.,0.996454701568355,-0.0841310152222189));
#2582=DIRECTION('center_axis',(-1.,0.,0.));
#2583=DIRECTION('ref_axis',(0.,0.,1.));
#2584=DIRECTION('',(0.,0.998855754548123,0.0478244875152883));
#2585=DIRECTION('center_axis',(-1.,0.,0.));
#2586=DIRECTION('ref_axis',(0.,0.,1.));
#2587=DIRECTION('',(0.,-0.995399666029749,0.0958097326364292));
#2588=DIRECTION('center_axis',(-1.,0.,0.));
#2589=DIRECTION('ref_axis',(0.,0.,1.));
#2590=DIRECTION('center_axis',(1.,0.,0.));
#2591=DIRECTION('ref_axis',(0.,0.,-1.));
#2592=DIRECTION('center_axis',(1.,0.,0.));
#2593=DIRECTION('ref_axis',(0.,0.,-1.));
#2594=DIRECTION('',(0.,0.,1.));
#2595=DIRECTION('center_axis',(1.,0.,0.));
#2596=DIRECTION('ref_axis',(0.,0.,-1.));
#2597=DIRECTION('center_axis',(1.,0.,0.));
#2598=DIRECTION('ref_axis',(0.,0.,-1.));
#2599=DIRECTION('',(0.,-0.995286007396932,-0.0969833154716509));
#2600=DIRECTION('center_axis',(1.,0.,0.));
#2601=DIRECTION('ref_axis',(0.,0.,-1.));
#2602=DIRECTION('',(0.,0.99912608248576,-0.0417979819687432));
#2603=DIRECTION('center_axis',(1.,0.,0.));
#2604=DIRECTION('ref_axis',(0.,0.,-1.));
#2605=DIRECTION('',(0.,-0.996454701568355,0.0841310152222189));
#2606=DIRECTION('center_axis',(1.,0.,0.));
#2607=DIRECTION('ref_axis',(0.,0.,-1.));
#2608=DIRECTION('center_axis',(1.,0.,0.));
#2609=DIRECTION('ref_axis',(0.,0.,-1.));
#2610=DIRECTION('',(0.,-0.998855754548123,-0.0478244875152885));
#2611=DIRECTION('center_axis',(1.,0.,0.));
#2612=DIRECTION('ref_axis',(0.,0.,-1.));
#2613=DIRECTION('',(0.,0.995399666029749,-0.0958097326364291));
#2614=DIRECTION('center_axis',(1.,0.,0.));
#2615=DIRECTION('ref_axis',(0.,0.,-1.));
#2616=DIRECTION('center_axis',(1.,0.,0.));
#2617=DIRECTION('ref_axis',(0.,0.,-1.));
#2618=DIRECTION('center_axis',(-1.,0.,0.));
#2619=DIRECTION('ref_axis',(0.,0.,1.));
#2620=DIRECTION('',(0.,-0.993106119810964,-0.117218747621751));
#2621=DIRECTION('center_axis',(-1.,0.,0.));
#2622=DIRECTION('ref_axis',(0.,0.,1.));
#2623=DIRECTION('',(0.,-0.993106119810964,-0.117218747621751));
#2624=DIRECTION('center_axis',(-1.,0.,0.));
#2625=DIRECTION('ref_axis',(0.,0.,1.));
#2626=DIRECTION('',(0.,-0.993106119810964,-0.117218747621751));
#2627=DIRECTION('center_axis',(-1.,0.,0.));
#2628=DIRECTION('ref_axis',(0.,0.,1.));
#2629=DIRECTION('',(0.,-0.993106119810964,-0.117218747621751));
#2630=DIRECTION('center_axis',(-1.,0.,0.));
#2631=DIRECTION('ref_axis',(0.,0.,1.));
#2632=DIRECTION('',(0.,-0.993106119810964,-0.117218747621751));
#2633=DIRECTION('center_axis',(-1.,0.,0.));
#2634=DIRECTION('ref_axis',(0.,0.,1.));
#2635=DIRECTION('',(0.,-0.993106119810964,-0.117218747621751));
#2636=DIRECTION('center_axis',(1.,0.,0.));
#2637=DIRECTION('ref_axis',(0.,0.,-1.));
#2638=DIRECTION('',(0.,0.993106119810964,0.11721874762175));
#2639=DIRECTION('center_axis',(1.,0.,0.));
#2640=DIRECTION('ref_axis',(0.,0.,-1.));
#2641=DIRECTION('',(-1.,0.,0.));
#2642=DIRECTION('center_axis',(1.,0.,0.));
#2643=DIRECTION('ref_axis',(0.,0.,-1.));
#2644=DIRECTION('',(-1.,0.,0.));
#2645=DIRECTION('center_axis',(1.,0.,0.));
#2646=DIRECTION('ref_axis',(0.,0.,-1.));
#2647=DIRECTION('',(-1.,0.,0.));
#2648=DIRECTION('center_axis',(1.,0.,0.));
#2649=DIRECTION('ref_axis',(0.,0.,-1.));
#2650=DIRECTION('',(-1.,0.,0.));
#2651=DIRECTION('',(1.,0.,0.));
#2652=DIRECTION('',(1.,0.,0.));
#2653=DIRECTION('center_axis',(1.,0.,0.));
#2654=DIRECTION('ref_axis',(0.,0.,-1.));
#2655=DIRECTION('center_axis',(1.,0.,0.));
#2656=DIRECTION('ref_axis',(0.,0.,-1.));
#2657=DIRECTION('',(1.,0.,0.));
#2658=DIRECTION('',(1.,0.,0.));
#2659=DIRECTION('',(1.,0.,0.));
#2660=DIRECTION('',(1.,0.,0.));
#2661=DIRECTION('',(1.,0.,0.));
#2662=DIRECTION('',(1.,0.,0.));
#2663=DIRECTION('',(1.,0.,0.));
#2664=DIRECTION('',(1.,0.,0.));
#2665=DIRECTION('',(1.,0.,0.));
#2666=DIRECTION('',(1.,0.,0.));
#2667=DIRECTION('',(1.,0.,0.));
#2668=DIRECTION('',(1.,0.,0.));
#2669=DIRECTION('',(1.,0.,0.));
#2670=DIRECTION('',(1.,0.,0.));
#2671=DIRECTION('center_axis',(1.,0.,0.));
#2672=DIRECTION('ref_axis',(0.,0.,-1.));
#2673=DIRECTION('',(1.,0.,0.));
#2674=DIRECTION('center_axis',(1.,0.,0.));
#2675=DIRECTION('ref_axis',(0.,0.,-1.));
#2676=DIRECTION('center_axis',(-1.,0.,0.));
#2677=DIRECTION('ref_axis',(0.,0.,1.));
#2678=DIRECTION('center_axis',(1.,0.,0.));
#2679=DIRECTION('ref_axis',(0.,0.,-1.));
#2680=DIRECTION('center_axis',(1.,0.,0.));
#2681=DIRECTION('ref_axis',(0.,0.,-1.));
#2682=DIRECTION('',(1.,0.,0.));
#2683=DIRECTION('center_axis',(1.,0.,0.));
#2684=DIRECTION('ref_axis',(0.,0.,-1.));
#2685=DIRECTION('',(1.,0.,0.));
#2686=DIRECTION('center_axis',(1.,0.,0.));
#2687=DIRECTION('ref_axis',(0.,0.,-1.));
#2688=DIRECTION('',(-1.,0.,0.));
#2689=DIRECTION('center_axis',(1.,0.,0.));
#2690=DIRECTION('ref_axis',(0.,0.,-1.));
#2691=DIRECTION('',(-1.,0.,0.));
#2692=DIRECTION('center_axis',(1.,0.,0.));
#2693=DIRECTION('ref_axis',(0.,0.,-1.));
#2694=DIRECTION('',(1.,0.,0.));
#2695=DIRECTION('center_axis',(1.,0.,0.));
#2696=DIRECTION('ref_axis',(0.,0.,-1.));
#2697=DIRECTION('',(1.,0.,0.));
#2698=DIRECTION('center_axis',(1.,0.,0.));
#2699=DIRECTION('ref_axis',(0.,0.,-1.));
#2700=DIRECTION('',(1.,0.,0.));
#2701=DIRECTION('center_axis',(-1.,0.,0.));
#2702=DIRECTION('ref_axis',(0.,0.,1.));
#2703=DIRECTION('center_axis',(-1.,0.,0.));
#2704=DIRECTION('ref_axis',(0.,0.,1.));
#2705=DIRECTION('center_axis',(1.,0.,0.));
#2706=DIRECTION('ref_axis',(0.,0.,-1.));
#2707=DIRECTION('',(1.,0.,0.));
#2708=DIRECTION('center_axis',(-1.,0.,0.));
#2709=DIRECTION('ref_axis',(0.,0.,1.));
#2710=DIRECTION('center_axis',(-1.,0.,0.));
#2711=DIRECTION('ref_axis',(0.,0.,1.));
#2712=DIRECTION('center_axis',(1.,0.,0.));
#2713=DIRECTION('ref_axis',(0.,0.,-1.));
#2714=DIRECTION('',(1.,0.,0.));
#2715=DIRECTION('center_axis',(1.,0.,0.));
#2716=DIRECTION('ref_axis',(0.,0.,-1.));
#2717=DIRECTION('',(1.,0.,0.));
#2718=DIRECTION('',(1.,0.,0.));
#2719=DIRECTION('center_axis',(0.,0.117218747621751,-0.993106119810964));
#2720=DIRECTION('ref_axis',(-1.,0.,0.));
#2721=DIRECTION('center_axis',(1.,0.,0.));
#2722=DIRECTION('ref_axis',(0.,0.,-1.));
#2723=DIRECTION('',(1.,0.,0.));
#2724=DIRECTION('',(1.,0.,0.));
#2725=DIRECTION('center_axis',(0.,0.117218747621751,-0.993106119810964));
#2726=DIRECTION('ref_axis',(-1.,0.,0.));
#2727=DIRECTION('center_axis',(1.,0.,0.));
#2728=DIRECTION('ref_axis',(0.,0.,-1.));
#2729=DIRECTION('',(1.,0.,0.));
#2730=DIRECTION('',(1.,0.,0.));
#2731=DIRECTION('center_axis',(0.,0.117218747621751,-0.993106119810964));
#2732=DIRECTION('ref_axis',(-1.,0.,0.));
#2733=DIRECTION('center_axis',(0.,0.117218747621751,-0.993106119810964));
#2734=DIRECTION('ref_axis',(-1.,0.,0.));
#2735=DIRECTION('',(1.,0.,0.));
#2736=DIRECTION('',(1.,0.,0.));
#2737=DIRECTION('center_axis',(1.,0.,0.));
#2738=DIRECTION('ref_axis',(0.,0.,-1.));
#2739=DIRECTION('center_axis',(1.,0.,0.));
#2740=DIRECTION('ref_axis',(0.,-0.0969833154716504,0.995286007396932));
#2741=DIRECTION('',(1.,0.,0.));
#2742=DIRECTION('',(1.,0.,0.));
#2743=DIRECTION('center_axis',(0.,-0.0969833154716508,0.995286007396932));
#2744=DIRECTION('ref_axis',(1.,0.,0.));
#2745=DIRECTION('center_axis',(1.,0.,0.));
#2746=DIRECTION('ref_axis',(0.,-0.0969833154716502,0.995286007396932));
#2747=DIRECTION('',(1.,0.,0.));
#2748=DIRECTION('',(1.,0.,0.));
#2749=DIRECTION('center_axis',(0.,-0.0969833154716508,0.995286007396932));
#2750=DIRECTION('ref_axis',(1.,0.,0.));
#2751=DIRECTION('center_axis',(1.,0.,0.));
#2752=DIRECTION('ref_axis',(0.,-0.0969833154716502,0.995286007396932));
#2753=DIRECTION('',(1.,0.,0.));
#2754=DIRECTION('',(1.,0.,0.));
#2755=DIRECTION('center_axis',(0.,-0.0969833154716508,0.995286007396932));
#2756=DIRECTION('ref_axis',(1.,0.,0.));
#2757=DIRECTION('center_axis',(0.,-0.0969833154716508,0.995286007396932));
#2758=DIRECTION('ref_axis',(1.,0.,0.));
#2759=DIRECTION('',(1.,0.,0.));
#2760=DIRECTION('',(1.,0.,0.));
#2761=DIRECTION('center_axis',(1.,0.,0.));
#2762=DIRECTION('ref_axis',(0.,-0.0969833154716502,0.995286007396932));
#2763=DIRECTION('center_axis',(1.,0.,0.));
#2764=DIRECTION('ref_axis',(0.,0.,-1.));
#2765=DIRECTION('',(1.,0.,0.));
#2766=DIRECTION('',(1.,0.,0.));
#2767=DIRECTION('center_axis',(0.,-0.0958097326364292,-0.995399666029749));
#2768=DIRECTION('ref_axis',(-1.,0.,0.));
#2769=DIRECTION('center_axis',(1.,0.,0.));
#2770=DIRECTION('ref_axis',(0.,0.,-1.));
#2771=DIRECTION('',(1.,0.,0.));
#2772=DIRECTION('',(1.,0.,0.));
#2773=DIRECTION('center_axis',(0.,-0.0417979819687433,-0.99912608248576));
#2774=DIRECTION('ref_axis',(-1.,0.,0.));
#2775=DIRECTION('center_axis',(1.,0.,0.));
#2776=DIRECTION('ref_axis',(0.,0.,-1.));
#2777=DIRECTION('',(1.,0.,0.));
#2778=DIRECTION('',(1.,0.,0.));
#2779=DIRECTION('center_axis',(0.,-0.0958097326364292,-0.995399666029749));
#2780=DIRECTION('ref_axis',(-1.,0.,0.));
#2781=DIRECTION('center_axis',(1.,0.,0.));
#2782=DIRECTION('ref_axis',(0.,0.,-1.));
#2783=DIRECTION('',(1.,0.,0.));
#2784=DIRECTION('',(1.,0.,0.));
#2785=DIRECTION('center_axis',(0.,-0.0417979819687433,-0.99912608248576));
#2786=DIRECTION('ref_axis',(-1.,0.,0.));
#2787=DIRECTION('center_axis',(1.,0.,0.));
#2788=DIRECTION('ref_axis',(0.,0.,-1.));
#2789=DIRECTION('',(1.,0.,0.));
#2790=DIRECTION('',(1.,0.,0.));
#2791=DIRECTION('center_axis',(0.,-0.0958097326364292,-0.995399666029749));
#2792=DIRECTION('ref_axis',(-1.,0.,0.));
#2793=DIRECTION('center_axis',(1.,0.,0.));
#2794=DIRECTION('ref_axis',(0.,0.,-1.));
#2795=DIRECTION('',(1.,0.,0.));
#2796=DIRECTION('',(1.,0.,0.));
#2797=DIRECTION('center_axis',(0.,-0.0417979819687433,-0.99912608248576));
#2798=DIRECTION('ref_axis',(-1.,0.,0.));
#2799=DIRECTION('center_axis',(0.,-0.0958097326364292,-0.995399666029749));
#2800=DIRECTION('ref_axis',(-1.,0.,0.));
#2801=DIRECTION('',(1.,0.,0.));
#2802=DIRECTION('',(1.,0.,0.));
#2803=DIRECTION('center_axis',(1.,0.,0.));
#2804=DIRECTION('ref_axis',(0.,0.,-1.));
#2805=DIRECTION('center_axis',(0.,-0.0417979819687433,-0.99912608248576));
#2806=DIRECTION('ref_axis',(-1.,0.,0.));
#2807=DIRECTION('',(1.,0.,0.));
#2808=DIRECTION('',(1.,0.,0.));
#2809=DIRECTION('center_axis',(1.,0.,0.));
#2810=DIRECTION('ref_axis',(0.,0.,-1.));
#2811=DIRECTION('',(-1.,0.,0.));
#2812=DIRECTION('',(-1.,0.,0.));
#2813=DIRECTION('center_axis',(0.,1.,0.));
#2814=DIRECTION('ref_axis',(0.,0.,1.));
#2815=DIRECTION('center_axis',(0.,1.,0.));
#2816=DIRECTION('ref_axis',(0.,0.,1.));
#2817=DIRECTION('',(-1.,0.,0.));
#2818=DIRECTION('',(-1.,0.,0.));
#2819=DIRECTION('center_axis',(0.,1.,0.));
#2820=DIRECTION('ref_axis',(0.,0.,1.));
#2821=DIRECTION('',(-1.,0.,0.));
#2822=DIRECTION('',(-1.,0.,0.));
#2823=DIRECTION('',(-1.,0.,0.));
#2824=DIRECTION('',(-1.,0.,0.));
#2825=DIRECTION('center_axis',(0.,1.,0.));
#2826=DIRECTION('ref_axis',(0.,0.,1.));
#2827=DIRECTION('',(1.,0.,0.));
#2828=DIRECTION('center_axis',(1.,0.,0.));
#2829=DIRECTION('ref_axis',(0.,0.,-1.));
#2830=DIRECTION('',(1.,0.,0.));
#2831=DIRECTION('',(1.,0.,0.));
#2832=DIRECTION('center_axis',(1.,0.,0.));
#2833=DIRECTION('ref_axis',(0.,0.,-1.));
#2834=DIRECTION('',(1.,0.,0.));
#2835=DIRECTION('center_axis',(1.,0.,0.));
#2836=DIRECTION('ref_axis',(0.,0.,-1.));
#2837=DIRECTION('',(1.,0.,0.));
#2838=DIRECTION('',(1.,0.,0.));
#2839=DIRECTION('',(1.,0.,0.));
#2840=DIRECTION('',(1.,0.,0.));
#2841=DIRECTION('center_axis',(1.,0.,0.));
#2842=DIRECTION('ref_axis',(0.,0.,-1.));
#2843=DIRECTION('center_axis',(1.,0.,0.));
#2844=DIRECTION('ref_axis',(0.,-0.0478244875152884,0.998855754548123));
#2845=DIRECTION('',(1.,0.,0.));
#2846=DIRECTION('',(1.,0.,0.));
#2847=DIRECTION('center_axis',(0.,-0.0478244875152884,0.998855754548123));
#2848=DIRECTION('ref_axis',(1.,0.,0.));
#2849=DIRECTION('center_axis',(1.,0.,0.));
#2850=DIRECTION('ref_axis',(0.,-0.0478244875152891,0.998855754548123));
#2851=DIRECTION('',(1.,0.,0.));
#2852=DIRECTION('',(1.,0.,0.));
#2853=DIRECTION('center_axis',(0.,-0.0478244875152884,0.998855754548123));
#2854=DIRECTION('ref_axis',(1.,0.,0.));
#2855=DIRECTION('center_axis',(1.,0.,0.));
#2856=DIRECTION('ref_axis',(0.,-0.0478244875152891,0.998855754548123));
#2857=DIRECTION('',(1.,0.,0.));
#2858=DIRECTION('',(1.,0.,0.));
#2859=DIRECTION('center_axis',(0.,-0.0478244875152884,0.998855754548123));
#2860=DIRECTION('ref_axis',(1.,0.,0.));
#2861=DIRECTION('center_axis',(0.,-0.0478244875152884,0.998855754548123));
#2862=DIRECTION('ref_axis',(1.,0.,0.));
#2863=DIRECTION('',(1.,0.,0.));
#2864=DIRECTION('',(1.,0.,0.));
#2865=DIRECTION('center_axis',(1.,0.,0.));
#2866=DIRECTION('ref_axis',(0.,-0.0478244875152891,0.998855754548123));
#2867=DIRECTION('center_axis',(1.,0.,0.));
#2868=DIRECTION('ref_axis',(0.,0.0841310152222194,0.996454701568355));
#2869=DIRECTION('',(1.,0.,0.));
#2870=DIRECTION('',(1.,0.,0.));
#2871=DIRECTION('center_axis',(0.,0.0841310152222189,0.996454701568355));
#2872=DIRECTION('ref_axis',(1.,0.,0.));
#2873=DIRECTION('center_axis',(1.,0.,0.));
#2874=DIRECTION('ref_axis',(0.,0.0841310152222182,0.996454701568355));
#2875=DIRECTION('',(1.,0.,0.));
#2876=DIRECTION('',(1.,0.,0.));
#2877=DIRECTION('center_axis',(0.,0.0841310152222189,0.996454701568355));
#2878=DIRECTION('ref_axis',(1.,0.,0.));
#2879=DIRECTION('center_axis',(1.,0.,0.));
#2880=DIRECTION('ref_axis',(0.,0.0841310152222182,0.996454701568355));
#2881=DIRECTION('',(1.,0.,0.));
#2882=DIRECTION('',(1.,0.,0.));
#2883=DIRECTION('center_axis',(0.,0.0841310152222189,0.996454701568355));
#2884=DIRECTION('ref_axis',(1.,0.,0.));
#2885=DIRECTION('center_axis',(0.,0.0841310152222189,0.996454701568355));
#2886=DIRECTION('ref_axis',(1.,0.,0.));
#2887=DIRECTION('',(1.,0.,0.));
#2888=DIRECTION('',(1.,0.,0.));
#2889=DIRECTION('center_axis',(1.,0.,0.));
#2890=DIRECTION('ref_axis',(0.,0.0841310152222182,0.996454701568355));
#2891=DIRECTION('center_axis',(-1.,0.,0.));
#2892=DIRECTION('ref_axis',(0.,0.,1.));
#2893=DIRECTION('',(1.,0.,0.));
#2894=CARTESIAN_POINT('',(0.,0.,0.));
#2895=CARTESIAN_POINT('Origin',(-97.,-35.0370642130266,0.00386934032200899));
#2896=CARTESIAN_POINT('',(-97.,-27.9037135278997,3.30416092582177));
#2897=CARTESIAN_POINT('',(-97.,-22.9392554896639,3.89012806695015));
#2898=CARTESIAN_POINT('',(-97.,-27.9037135278997,3.30416092582177));
#2899=CARTESIAN_POINT('Ctrl Pts',(-97.,-22.939255585402,3.89012926747611));
#2900=CARTESIAN_POINT('Ctrl Pts',(-97.,-23.6383457139347,3.83437908928983));
#2901=CARTESIAN_POINT('Ctrl Pts',(-97.,-25.0770326920436,3.70051749327082));
#2902=CARTESIAN_POINT('Ctrl Pts',(-97.,-26.7308361669073,3.4907517037824));
#2903=CARTESIAN_POINT('Ctrl Pts',(-97.,-27.6844231036965,3.34044770815573));
#2904=CARTESIAN_POINT('Ctrl Pts',(-97.,-27.9033332234302,3.30420581408974));
#2905=CARTESIAN_POINT('Origin',(-97.,-35.0370642130266,0.00386934032200899));
#2906=CARTESIAN_POINT('',(-97.,-33.1287099897688,1.90781982978879));
#2907=CARTESIAN_POINT('',(-97.,-33.1287099897688,-1.90008114914225));
#2908=CARTESIAN_POINT('',(-97.,-33.1287099897688,1.90781982978879));
#2909=CARTESIAN_POINT('',(-97.,25.1572096991332,-1.35085666072496));
#2910=CARTESIAN_POINT('Ctrl Pts',(-97.,-33.128710990231,-1.90008335940722));
#2911=CARTESIAN_POINT('Ctrl Pts',(-97.,-32.9731696376417,-1.97048814560874));
#2912=CARTESIAN_POINT('Ctrl Pts',(-97.,-32.4726308092027,-2.18020170493554));
#2913=CARTESIAN_POINT('Ctrl Pts',(-97.,-31.6065003085643,-2.47500010058599));
#2914=CARTESIAN_POINT('Ctrl Pts',(-97.,-30.530607855454,-2.76981286875108));
#2915=CARTESIAN_POINT('Ctrl Pts',(-97.,-29.4427841192324,-3.01647091325338));
#2916=CARTESIAN_POINT('Ctrl Pts',(-97.,-28.3473772893148,-3.22601236223712));
#2917=CARTESIAN_POINT('Ctrl Pts',(-97.,-26.8794336213348,-3.46406269851517));
#2918=CARTESIAN_POINT('Ctrl Pts',(-97.,-25.0352174210516,-3.69805502555781));
#2919=CARTESIAN_POINT('Ctrl Pts',(-97.,-22.8139806015819,-3.90249591113617));
#2920=CARTESIAN_POINT('Ctrl Pts',(-97.,-20.5881375627801,-4.04598956412722));
#2921=CARTESIAN_POINT('Ctrl Pts',(-97.,-18.3595047815362,-4.13841784673845));
#2922=CARTESIAN_POINT('Ctrl Pts',(-97.,-16.1296745593701,-4.18888347150305));
#2923=CARTESIAN_POINT('Ctrl Pts',(-97.,-13.1558351285057,-4.20718216930068));
#2924=CARTESIAN_POINT('Ctrl Pts',(-97.,-9.43876197304748,-4.15105361221425));
#2925=CARTESIAN_POINT('Ctrl Pts',(-97.,-4.98087053636191,-3.98557102213438));
#2926=CARTESIAN_POINT('Ctrl Pts',(-97.,-0.526696999564213,-3.74305138385577));
#2927=CARTESIAN_POINT('Ctrl Pts',(-97.,3.92360781105076,-3.43743897397122));
#2928=CARTESIAN_POINT('Ctrl Pts',(-97.,8.36999327774322,-3.08002075562269));
#2929=CARTESIAN_POINT('Ctrl Pts',(-97.,12.8125664629163,-2.6780455406531));
#2930=CARTESIAN_POINT('Ctrl Pts',(-97.,18.4105453685811,-2.12118607664448));
#2931=CARTESIAN_POINT('Ctrl Pts',(-97.,22.523962022516,-1.66378373454884));
#2932=CARTESIAN_POINT('Ctrl Pts',(-97.,25.1572028726374,-1.35079922753289));
#2933=CARTESIAN_POINT('',(-97.,25.1572345624091,1.35877529364814));
#2934=CARTESIAN_POINT('Origin',(-97.,34.9629357869734,0.00386934032199311));
#2935=CARTESIAN_POINT('Ctrl Pts',(-97.,25.1572290766437,1.35872913606932));
#2936=CARTESIAN_POINT('Ctrl Pts',(-97.,22.5239867307973,1.67168597357359));
#2937=CARTESIAN_POINT('Ctrl Pts',(-97.,18.4105354347594,2.12886625662715));
#2938=CARTESIAN_POINT('Ctrl Pts',(-97.,12.812574055436,2.68592183309995));
#2939=CARTESIAN_POINT('Ctrl Pts',(-97.,8.36999524905401,3.08785677072706));
#2940=CARTESIAN_POINT('Ctrl Pts',(-97.,3.92359906578657,3.4451251227191));
#2941=CARTESIAN_POINT('Ctrl Pts',(-97.,-0.526686450759213,3.75078730235609));
#2942=CARTESIAN_POINT('Ctrl Pts',(-97.,-4.98089224935204,3.99348963525551));
#2943=CARTESIAN_POINT('Ctrl Pts',(-97.,-9.4387262244192,4.15867492203629));
#2944=CARTESIAN_POINT('Ctrl Pts',(-97.,-13.155824670649,4.21486884210763));
#2945=CARTESIAN_POINT('Ctrl Pts',(-97.,-16.1296953174393,4.19672279343607));
#2946=CARTESIAN_POINT('Ctrl Pts',(-97.,-18.3595168557793,4.1462289355656));
#2947=CARTESIAN_POINT('Ctrl Pts',(-97.,-20.5880559861199,4.05341757950872));
#2948=CARTESIAN_POINT('Ctrl Pts',(-97.,-22.1140820609766,3.95530905233863));
#2949=CARTESIAN_POINT('Ctrl Pts',(-97.,-22.8972441761858,3.89347954157392));
#2950=CARTESIAN_POINT('Ctrl Pts',(-97.,-22.939255585402,3.89012926747611));
#2951=CARTESIAN_POINT('Origin',(-97.,-25.4275750622896,3.64874516679371));
#2952=CARTESIAN_POINT('Ctrl Pts',(-97.,-27.9037106151227,3.30414333288956));
#2953=CARTESIAN_POINT('Ctrl Pts',(-97.,-28.0514040758386,3.27969043843394));
#2954=CARTESIAN_POINT('Ctrl Pts',(-97.,-28.5653828081353,3.19183526865089));
#2955=CARTESIAN_POINT('Ctrl Pts',(-97.,-29.4427955919519,3.02423798748803));
#2956=CARTESIAN_POINT('Ctrl Pts',(-97.,-30.5306047764457,2.77754392922285));
#2957=CARTESIAN_POINT('Ctrl Pts',(-97.,-31.6065011518776,2.48274086832822));
#2958=CARTESIAN_POINT('Ctrl Pts',(-97.,-32.4726307199063,2.18794016488784));
#2959=CARTESIAN_POINT('Ctrl Pts',(-97.,-32.9731696214677,1.9782267868366));
#2960=CARTESIAN_POINT('Ctrl Pts',(-97.,-33.1287109867901,1.90782203245316));
#2961=CARTESIAN_POINT('',(-97.,-16.631784356308,2.00312284828911));
#2962=CARTESIAN_POINT('Origin',(-97.,-16.631784356308,0.00312284828911163));
#2963=CARTESIAN_POINT('',(-97.,7.76783998483635,-1.61300626894953));
#2964=CARTESIAN_POINT('Origin',(-97.,7.76783998483635,0.));
#2965=CARTESIAN_POINT('',(-97.,-20.9608903407287,-3.99795225398575));
#2966=CARTESIAN_POINT('',(-97.,-25.9420876712621,-3.57738803989715));
#2967=CARTESIAN_POINT('Origin',(-97.,-23.4558603583624,-3.83944480586881));
#2968=CARTESIAN_POINT('',(-97.,-20.9608903407287,-3.99795225398575));
#2969=CARTESIAN_POINT('',(-97.,-2.4750002791269,-3.80073025114983));
#2970=CARTESIAN_POINT('',(-97.,-7.46820028140699,-4.03980103798072));
#2971=CARTESIAN_POINT('Origin',(-97.,-4.96911537400319,-3.97216505948896));
#2972=CARTESIAN_POINT('',(-97.,-2.4750002791269,-3.80073025114983));
#2973=CARTESIAN_POINT('',(-97.,-7.94981796112509,4.05415979517058));
#2974=CARTESIAN_POINT('',(-97.,-2.95526661111269,3.84521502740874));
#2975=CARTESIAN_POINT('Origin',(-97.,-5.45037051026508,4.00160087214715));
#2976=CARTESIAN_POINT('',(-97.,-7.94981796112509,4.05415979517058));
#2977=CARTESIAN_POINT('',(-97.,11.999125748675,2.70459305372608));
#2978=CARTESIAN_POINT('',(-97.,16.9750490409604,2.22564786565425));
#2979=CARTESIAN_POINT('Origin',(-97.,14.4920655601286,2.51684030016458));
#2980=CARTESIAN_POINT('',(-97.,11.999125748675,2.70459305372608));
#2981=CARTESIAN_POINT('',(-97.,15.4635128458418,-2.3612522559255));
#2982=CARTESIAN_POINT('',(-97.,10.4881577239684,-2.84606409069663));
#2983=CARTESIAN_POINT('Origin',(-97.,12.9808744282523,-2.65537210821151));
#2984=CARTESIAN_POINT('',(-97.,15.4635128458418,-2.3612522559255));
#2985=CARTESIAN_POINT('',(-97.,-28.0954593810964,1.58739008747265));
#2986=CARTESIAN_POINT('Origin',(-97.,-28.0954593810964,0.));
#2987=CARTESIAN_POINT('Ctrl Pts',(-102.,34.9629357869734,0.0920693403219931));
#2988=CARTESIAN_POINT('Ctrl Pts',(-95.9999999999999,34.9629357869734,0.0920693403219931));
#2989=CARTESIAN_POINT('Ctrl Pts',(-102.,32.018064660065,0.505709300942899));
#2990=CARTESIAN_POINT('Ctrl Pts',(-95.9999999999999,32.018064660065,0.505709300942899));
#2991=CARTESIAN_POINT('Ctrl Pts',(-102.,26.1194482087933,1.26910824731377));
#2992=CARTESIAN_POINT('Ctrl Pts',(-95.9999999999998,26.1194482087933,1.26910824731377));
#2993=CARTESIAN_POINT('Ctrl Pts',(-102.,18.7309669615001,2.09697997575572));
#2994=CARTESIAN_POINT('Ctrl Pts',(-95.9999999999999,18.7309669615001,2.09697997575572));
#2995=CARTESIAN_POINT('Ctrl Pts',(-102.,12.812574055436,2.68592183309995));
#2996=CARTESIAN_POINT('Ctrl Pts',(-95.9999999999999,12.812574055436,2.68592183309995));
#2997=CARTESIAN_POINT('Ctrl Pts',(-102.,8.36999524905401,3.08785677072706));
#2998=CARTESIAN_POINT('Ctrl Pts',(-95.9999999999999,8.36999524905401,3.08785677072706));
#2999=CARTESIAN_POINT('Ctrl Pts',(-102.,3.92359906578657,3.4451251227191));
#3000=CARTESIAN_POINT('Ctrl Pts',(-95.9999999999999,3.92359906578657,3.4451251227191));
#3001=CARTESIAN_POINT('Ctrl Pts',(-102.,-0.526686450759213,3.75078730235609));
#3002=CARTESIAN_POINT('Ctrl Pts',(-95.9999999999999,-0.526686450759213,
3.75078730235609));
#3003=CARTESIAN_POINT('Ctrl Pts',(-102.,-4.98089224935204,3.99348963525551));
#3004=CARTESIAN_POINT('Ctrl Pts',(-95.9999999999999,-4.98089224935204,3.99348963525551));
#3005=CARTESIAN_POINT('Ctrl Pts',(-102.,-9.4387262244192,4.15867492203629));
#3006=CARTESIAN_POINT('Ctrl Pts',(-95.9999999999999,-9.4387262244192,4.15867492203629));
#3007=CARTESIAN_POINT('Ctrl Pts',(-102.,-13.155824670649,4.21486884210763));
#3008=CARTESIAN_POINT('Ctrl Pts',(-95.9999999999999,-13.155824670649,4.21486884210763));
#3009=CARTESIAN_POINT('Ctrl Pts',(-102.,-16.1296953174393,4.19672279343607));
#3010=CARTESIAN_POINT('Ctrl Pts',(-95.9999999999999,-16.1296953174393,4.19672279343607));
#3011=CARTESIAN_POINT('Ctrl Pts',(-102.,-18.3595168557793,4.1462289355656));
#3012=CARTESIAN_POINT('Ctrl Pts',(-95.9999999999999,-18.3595168557793,4.1462289355656));
#3013=CARTESIAN_POINT('Ctrl Pts',(-102.,-20.5880559861199,4.05341757950872));
#3014=CARTESIAN_POINT('Ctrl Pts',(-95.9999999999999,-20.5880559861199,4.05341757950872));
#3015=CARTESIAN_POINT('Ctrl Pts',(-102.,-22.8140030862095,3.91031098706807));
#3016=CARTESIAN_POINT('Ctrl Pts',(-95.9999999999999,-22.8140030862095,3.91031098706807));
#3017=CARTESIAN_POINT('Ctrl Pts',(-102.,-25.0352129398373,3.70582184380044));
#3018=CARTESIAN_POINT('Ctrl Pts',(-95.9999999999999,-25.0352129398373,3.70582184380044));
#3019=CARTESIAN_POINT('Ctrl Pts',(-102.,-26.8795144787894,3.47189358433484));
#3020=CARTESIAN_POINT('Ctrl Pts',(-95.9999999999999,-26.8795144787894,3.47189358433484));
#3021=CARTESIAN_POINT('Ctrl Pts',(-102.,-28.3472765965364,3.23349639867194));
#3022=CARTESIAN_POINT('Ctrl Pts',(-95.9999999999999,-28.3472765965364,3.23349639867194));
#3023=CARTESIAN_POINT('Ctrl Pts',(-102.,-29.4427955919519,3.02423798748803));
#3024=CARTESIAN_POINT('Ctrl Pts',(-95.9999999999999,-29.4427955919519,3.02423798748803));
#3025=CARTESIAN_POINT('Ctrl Pts',(-102.,-30.5306047764457,2.77754392922285));
#3026=CARTESIAN_POINT('Ctrl Pts',(-95.9999999999999,-30.5306047764457,2.77754392922285));
#3027=CARTESIAN_POINT('Ctrl Pts',(-102.,-31.6065011518776,2.48274086832822));
#3028=CARTESIAN_POINT('Ctrl Pts',(-95.9999999999999,-31.6065011518776,2.48274086832822));
#3029=CARTESIAN_POINT('Ctrl Pts',(-102.,-32.4869943129665,2.1830512920282));
#3030=CARTESIAN_POINT('Ctrl Pts',(-95.9999999999999,-32.4869943129665,2.1830512920282));
#3031=CARTESIAN_POINT('Ctrl Pts',(-102.,-33.1725188251606,1.8942859696024));
#3032=CARTESIAN_POINT('Ctrl Pts',(-95.9999999999998,-33.1725188251606,1.8942859696024));
#3033=CARTESIAN_POINT('Ctrl Pts',(-102.,-33.6721751755358,1.6457516714005));
#3034=CARTESIAN_POINT('Ctrl Pts',(-95.9999999999999,-33.6721751755358,1.6457516714005));
#3035=CARTESIAN_POINT('Ctrl Pts',(-102.,-34.1486781649905,1.35416788578589));
#3036=CARTESIAN_POINT('Ctrl Pts',(-95.9999999999999,-34.1486781649905,1.35416788578589));
#3037=CARTESIAN_POINT('Ctrl Pts',(-102.,-34.5835803223464,1.00214815299177));
#3038=CARTESIAN_POINT('Ctrl Pts',(-95.9999999999998,-34.5835803223464,1.00214815299177));
#3039=CARTESIAN_POINT('Ctrl Pts',(-102.,-34.8759479066646,0.632862454246766));
#3040=CARTESIAN_POINT('Ctrl Pts',(-95.9999999999999,-34.8759479066646,0.632862454246766));
#3041=CARTESIAN_POINT('Ctrl Pts',(-102.,-35.013035994948,0.283497091064587));
#3042=CARTESIAN_POINT('Ctrl Pts',(-95.9999999999999,-35.013035994948,0.283497091064587));
#3043=CARTESIAN_POINT('Ctrl Pts',(-102.,-35.0490783220638,0.00386934032801602));
#3044=CARTESIAN_POINT('Ctrl Pts',(-95.9999999999999,-35.0490783220638,0.00386934032801602));
#3045=CARTESIAN_POINT('Ctrl Pts',(-102.,-35.0130359949565,-0.275758410444597));
#3046=CARTESIAN_POINT('Ctrl Pts',(-95.9999999999999,-35.0130359949565,-0.275758410444597));
#3047=CARTESIAN_POINT('Ctrl Pts',(-102.,-34.8759479066167,-0.625123773482612));
#3048=CARTESIAN_POINT('Ctrl Pts',(-95.9999999999999,-34.8759479066167,-0.625123773482612));
#3049=CARTESIAN_POINT('Ctrl Pts',(-102.,-34.5835803227346,-0.994409473308977));
#3050=CARTESIAN_POINT('Ctrl Pts',(-95.9999999999999,-34.5835803227346,-0.994409473308977));
#3051=CARTESIAN_POINT('Ctrl Pts',(-102.,-34.148678163573,-1.34642920163344));
#3052=CARTESIAN_POINT('Ctrl Pts',(-95.9999999999998,-34.148678163573,-1.34642920163344));
#3053=CARTESIAN_POINT('Ctrl Pts',(-102.,-33.6721751808179,-1.63801300382909));
#3054=CARTESIAN_POINT('Ctrl Pts',(-95.9999999999999,-33.6721751808179,-1.63801300382909));
#3055=CARTESIAN_POINT('Ctrl Pts',(-102.,-33.1725188054497,-1.88654724017647));
#3056=CARTESIAN_POINT('Ctrl Pts',(-95.9999999999999,-33.1725188054497,-1.88654724017647));
#3057=CARTESIAN_POINT('Ctrl Pts',(-102.,-32.4869944176185,-2.17531287038508));
#3058=CARTESIAN_POINT('Ctrl Pts',(-95.9999999999999,-32.4869944176185,-2.17531287038508));
#3059=CARTESIAN_POINT('Ctrl Pts',(-102.,-31.6065003085643,-2.47500010058599));
#3060=CARTESIAN_POINT('Ctrl Pts',(-95.9999999999999,-31.6065003085643,-2.47500010058599));
#3061=CARTESIAN_POINT('Ctrl Pts',(-102.,-30.530607855454,-2.76981286875108));
#3062=CARTESIAN_POINT('Ctrl Pts',(-95.9999999999999,-30.530607855454,-2.76981286875108));
#3063=CARTESIAN_POINT('Ctrl Pts',(-102.,-29.4427841192324,-3.01647091325338));
#3064=CARTESIAN_POINT('Ctrl Pts',(-95.9999999999998,-29.4427841192324,-3.01647091325338));
#3065=CARTESIAN_POINT('Ctrl Pts',(-102.,-28.3473772893148,-3.22601236223712));
#3066=CARTESIAN_POINT('Ctrl Pts',(-95.9999999999999,-28.3473772893148,-3.22601236223712));
#3067=CARTESIAN_POINT('Ctrl Pts',(-102.,-26.8794336213348,-3.46406269851517));
#3068=CARTESIAN_POINT('Ctrl Pts',(-95.9999999999998,-26.8794336213348,-3.46406269851517));
#3069=CARTESIAN_POINT('Ctrl Pts',(-102.,-25.0352174210516,-3.69805502555781));
#3070=CARTESIAN_POINT('Ctrl Pts',(-95.9999999999999,-25.0352174210516,-3.69805502555781));
#3071=CARTESIAN_POINT('Ctrl Pts',(-102.,-22.8139806015819,-3.90249591113617));
#3072=CARTESIAN_POINT('Ctrl Pts',(-95.9999999999999,-22.8139806015819,-3.90249591113617));
#3073=CARTESIAN_POINT('Ctrl Pts',(-102.,-20.5881375627801,-4.04598956412722));
#3074=CARTESIAN_POINT('Ctrl Pts',(-95.9999999999999,-20.5881375627801,-4.04598956412722));
#3075=CARTESIAN_POINT('Ctrl Pts',(-102.,-18.3595047815362,-4.13841784673845));
#3076=CARTESIAN_POINT('Ctrl Pts',(-95.9999999999998,-18.3595047815362,-4.13841784673845));
#3077=CARTESIAN_POINT('Ctrl Pts',(-102.,-16.1296745593701,-4.18888347150305));
#3078=CARTESIAN_POINT('Ctrl Pts',(-95.9999999999999,-16.1296745593701,-4.18888347150305));
#3079=CARTESIAN_POINT('Ctrl Pts',(-102.,-13.1558351285057,-4.20718216930068));
#3080=CARTESIAN_POINT('Ctrl Pts',(-95.9999999999999,-13.1558351285057,-4.20718216930068));
#3081=CARTESIAN_POINT('Ctrl Pts',(-102.,-9.43876197304748,-4.15105361221425));
#3082=CARTESIAN_POINT('Ctrl Pts',(-95.9999999999999,-9.43876197304748,-4.15105361221425));
#3083=CARTESIAN_POINT('Ctrl Pts',(-102.,-4.98087053636191,-3.98557102213438));
#3084=CARTESIAN_POINT('Ctrl Pts',(-95.9999999999999,-4.98087053636191,-3.98557102213438));
#3085=CARTESIAN_POINT('Ctrl Pts',(-102.,-0.526696999564213,-3.74305138385577));
#3086=CARTESIAN_POINT('Ctrl Pts',(-95.9999999999999,-0.526696999564213,
-3.74305138385577));
#3087=CARTESIAN_POINT('Ctrl Pts',(-102.,3.92360781105076,-3.43743897397122));
#3088=CARTESIAN_POINT('Ctrl Pts',(-95.9999999999999,3.92360781105076,-3.43743897397122));
#3089=CARTESIAN_POINT('Ctrl Pts',(-102.,8.36999327774322,-3.08002075562269));
#3090=CARTESIAN_POINT('Ctrl Pts',(-95.9999999999998,8.36999327774322,-3.08002075562269));
#3091=CARTESIAN_POINT('Ctrl Pts',(-102.,12.8125664629163,-2.6780455406531));
#3092=CARTESIAN_POINT('Ctrl Pts',(-95.9999999999999,12.8125664629163,-2.6780455406531));
#3093=CARTESIAN_POINT('Ctrl Pts',(-102.,18.7309752683195,-2.08931128303993));
#3094=CARTESIAN_POINT('Ctrl Pts',(-95.9999999999998,18.7309752683195,-2.08931128303993));
#3095=CARTESIAN_POINT('Ctrl Pts',(-102.,26.1193830933549,-1.2609900245685));
#3096=CARTESIAN_POINT('Ctrl Pts',(-95.9999999999998,26.1193830933549,-1.2609900245685));
#3097=CARTESIAN_POINT('Ctrl Pts',(-102.,32.0180646600673,-0.497970620298721));
#3098=CARTESIAN_POINT('Ctrl Pts',(-95.9999999999999,32.0180646600673,-0.497970620298721));
#3099=CARTESIAN_POINT('Ctrl Pts',(-102.,34.9629357869734,-0.0843306596780069));
#3100=CARTESIAN_POINT('Ctrl Pts',(-95.9999999999999,34.9629357869734,-0.0843306596780069));
#3101=CARTESIAN_POINT('',(-102.,34.9629357869734,-0.0843306596780069));
#3102=CARTESIAN_POINT('',(-97.,34.9629357869734,-0.0843306596780069));
#3103=CARTESIAN_POINT('',(-102.,34.9629357869734,-0.0843306596780069));
#3104=CARTESIAN_POINT('Ctrl Pts',(-97.,25.1572096991331,-1.35085666072497));
#3105=CARTESIAN_POINT('Ctrl Pts',(-97.,26.7935734488003,-1.15627952493673));
#3106=CARTESIAN_POINT('Ctrl Pts',(-97.,28.4290645451929,-0.954255912025992));
#3107=CARTESIAN_POINT('Ctrl Pts',(-97.,31.6978066067005,-0.53288924797808));
#3108=CARTESIAN_POINT('Ctrl Pts',(-97.,33.3310577399253,-0.313546113268314));
#3109=CARTESIAN_POINT('Ctrl Pts',(-97.,34.9629357869734,-0.0843306596780069));
#3110=CARTESIAN_POINT('Ctrl Pts',(-97.,-33.1287099897715,-1.90008114914358));
#3111=CARTESIAN_POINT('Ctrl Pts',(-97.,-33.3438723638073,-1.80270699970787));
#3112=CARTESIAN_POINT('Ctrl Pts',(-97.,-33.5552607157832,-1.69695210255185));
#3113=CARTESIAN_POINT('Ctrl Pts',(-97.,-33.7600334188461,-1.57905832272331));
#3114=CARTESIAN_POINT('Ctrl Pts',(-97.,-33.964806121909,-1.46116454289476));
#3115=CARTESIAN_POINT('Ctrl Pts',(-97.,-34.162963176059,-1.33113188039369));
#3116=CARTESIAN_POINT('Ctrl Pts',(-97.,-34.3458549466369,-1.18160319818817));
#3117=CARTESIAN_POINT('Ctrl Pts',(-97.,-34.4373008319258,-1.10683885708541));
#3118=CARTESIAN_POINT('Ctrl Pts',(-97.,-34.5249303963217,-1.02720051105653));
#3119=CARTESIAN_POINT('Ctrl Pts',(-97.,-34.606191893263,-0.94133996876157));
#3120=CARTESIAN_POINT('Ctrl Pts',(-97.,-34.6874533902043,-0.855479426466605));
#3121=CARTESIAN_POINT('Ctrl Pts',(-97.,-34.762346819691,-0.763396687905548));
#3122=CARTESIAN_POINT('Ctrl Pts',(-97.,-34.8265375514493,-0.664000948872183));
#3123=CARTESIAN_POINT('Ctrl Pts',(-97.,-34.8907282832076,-0.564605209838817));
#3124=CARTESIAN_POINT('Ctrl Pts',(-97.,-34.9442163172375,-0.457896470333142));
#3125=CARTESIAN_POINT('Ctrl Pts',(-97.,-34.9808002996923,-0.345365922055136));
#3126=CARTESIAN_POINT('Ctrl Pts',(-97.,-35.0173842821471,-0.232835373777131));
#3127=CARTESIAN_POINT('Ctrl Pts',(-97.,-35.0370642130268,-0.114483016726795));
#3128=CARTESIAN_POINT('Ctrl Pts',(-97.,-35.0370642130266,0.00386934032348766));
#3129=CARTESIAN_POINT('Ctrl Pts',(-97.,-35.0370642130264,0.12222169737377));
#3130=CARTESIAN_POINT('Ctrl Pts',(-97.,-35.0173842821464,0.240574054424));
#3131=CARTESIAN_POINT('Ctrl Pts',(-97.,-34.9808002996914,0.353104602701902));
#3132=CARTESIAN_POINT('Ctrl Pts',(-97.,-34.9442163172363,0.465635150979804));
#3133=CARTESIAN_POINT('Ctrl Pts',(-97.,-34.8907282832062,0.57234389048538));
#3134=CARTESIAN_POINT('Ctrl Pts',(-97.,-34.8265375514477,0.671739629518632));
#3135=CARTESIAN_POINT('Ctrl Pts',(-97.,-34.7623468196893,0.771135368551883));
#3136=CARTESIAN_POINT('Ctrl Pts',(-97.,-34.6874533902025,0.863218107112811));
#3137=CARTESIAN_POINT('Ctrl Pts',(-97.,-34.606191893261,0.949078649407677));
#3138=CARTESIAN_POINT('Ctrl Pts',(-97.,-34.5249303963196,1.03493919170254));
#3139=CARTESIAN_POINT('Ctrl Pts',(-97.,-34.4373008319236,1.11457753773134));
#3140=CARTESIAN_POINT('Ctrl Pts',(-97.,-34.3458549466346,1.18934187883403));
#3141=CARTESIAN_POINT('Ctrl Pts',(-97.,-34.1629631760566,1.33887056103941));
#3142=CARTESIAN_POINT('Ctrl Pts',(-97.,-33.9648061219065,1.46890322354033));
#3143=CARTESIAN_POINT('Ctrl Pts',(-97.,-33.7600334188436,1.58679700336876));
#3144=CARTESIAN_POINT('Ctrl Pts',(-97.,-33.5552607157806,1.7046907831972));
#3145=CARTESIAN_POINT('Ctrl Pts',(-97.,-33.3438723638047,1.81044568035315));
#3146=CARTESIAN_POINT('Ctrl Pts',(-97.,-33.1287099897688,1.90781982978879));
#3147=CARTESIAN_POINT('',(-97.,34.9629357869734,0.0920693403219931));
#3148=CARTESIAN_POINT('Ctrl Pts',(-97.,34.9629357869734,0.0920693403219931));
#3149=CARTESIAN_POINT('Ctrl Pts',(-97.,33.3310564568945,0.3212849741282));
#3150=CARTESIAN_POINT('Ctrl Pts',(-97.,31.6978144763302,0.54070169394745));
#3151=CARTESIAN_POINT('Ctrl Pts',(-97.,28.429087383501,0.962186941496879));
#3152=CARTESIAN_POINT('Ctrl Pts',(-97.,26.7936041099994,1.16425531856299));
#3153=CARTESIAN_POINT('Ctrl Pts',(-97.,25.1572345624091,1.35877529364814));
#3154=CARTESIAN_POINT('',(-102.,34.9629357869734,0.0920693403219931));
#3155=CARTESIAN_POINT('',(-102.,34.9629357869734,0.0920693403219931));
#3156=CARTESIAN_POINT('Ctrl Pts',(-102.,34.9629357869734,-0.0843306596780069));
#3157=CARTESIAN_POINT('Ctrl Pts',(-102.,32.0180646600673,-0.497970620298721));
#3158=CARTESIAN_POINT('Ctrl Pts',(-102.,26.1193830933549,-1.2609900245685));
#3159=CARTESIAN_POINT('Ctrl Pts',(-102.,18.7309752683195,-2.08931128303993));
#3160=CARTESIAN_POINT('Ctrl Pts',(-102.,12.8125664629163,-2.6780455406531));
#3161=CARTESIAN_POINT('Ctrl Pts',(-102.,8.36999327774322,-3.08002075562269));
#3162=CARTESIAN_POINT('Ctrl Pts',(-102.,3.92360781105076,-3.43743897397122));
#3163=CARTESIAN_POINT('Ctrl Pts',(-102.,-0.526696999564213,-3.74305138385577));
#3164=CARTESIAN_POINT('Ctrl Pts',(-102.,-4.98087053636191,-3.98557102213438));
#3165=CARTESIAN_POINT('Ctrl Pts',(-102.,-9.43876197304748,-4.15105361221425));
#3166=CARTESIAN_POINT('Ctrl Pts',(-102.,-13.1558351285057,-4.20718216930068));
#3167=CARTESIAN_POINT('Ctrl Pts',(-102.,-16.1296745593701,-4.18888347150305));
#3168=CARTESIAN_POINT('Ctrl Pts',(-102.,-18.3595047815362,-4.13841784673845));
#3169=CARTESIAN_POINT('Ctrl Pts',(-102.,-20.5881375627801,-4.04598956412722));
#3170=CARTESIAN_POINT('Ctrl Pts',(-102.,-22.8139806015819,-3.90249591113617));
#3171=CARTESIAN_POINT('Ctrl Pts',(-102.,-25.0352174210516,-3.69805502555781));
#3172=CARTESIAN_POINT('Ctrl Pts',(-102.,-26.8794336213348,-3.46406269851517));
#3173=CARTESIAN_POINT('Ctrl Pts',(-102.,-28.3473772893148,-3.22601236223712));
#3174=CARTESIAN_POINT('Ctrl Pts',(-102.,-29.4427841192324,-3.01647091325338));
#3175=CARTESIAN_POINT('Ctrl Pts',(-102.,-30.530607855454,-2.76981286875108));
#3176=CARTESIAN_POINT('Ctrl Pts',(-102.,-31.6065003085643,-2.47500010058599));
#3177=CARTESIAN_POINT('Ctrl Pts',(-102.,-32.4869944176185,-2.17531287038508));
#3178=CARTESIAN_POINT('Ctrl Pts',(-102.,-33.1725188054497,-1.88654724017647));
#3179=CARTESIAN_POINT('Ctrl Pts',(-102.,-33.6721751808179,-1.63801300382909));
#3180=CARTESIAN_POINT('Ctrl Pts',(-102.,-34.148678163573,-1.34642920163344));
#3181=CARTESIAN_POINT('Ctrl Pts',(-102.,-34.5835803227346,-0.994409473308977));
#3182=CARTESIAN_POINT('Ctrl Pts',(-102.,-34.8759479066167,-0.625123773482612));
#3183=CARTESIAN_POINT('Ctrl Pts',(-102.,-35.0130359949565,-0.275758410444597));
#3184=CARTESIAN_POINT('Ctrl Pts',(-102.,-35.0490783220638,0.00386934032801602));
#3185=CARTESIAN_POINT('Ctrl Pts',(-102.,-35.013035994948,0.283497091064587));
#3186=CARTESIAN_POINT('Ctrl Pts',(-102.,-34.8759479066646,0.632862454246766));
#3187=CARTESIAN_POINT('Ctrl Pts',(-102.,-34.5835803223464,1.00214815299177));
#3188=CARTESIAN_POINT('Ctrl Pts',(-102.,-34.1486781649905,1.35416788578589));
#3189=CARTESIAN_POINT('Ctrl Pts',(-102.,-33.6721751755358,1.6457516714005));
#3190=CARTESIAN_POINT('Ctrl Pts',(-102.,-33.1725188251606,1.8942859696024));
#3191=CARTESIAN_POINT('Ctrl Pts',(-102.,-32.4869943129665,2.1830512920282));
#3192=CARTESIAN_POINT('Ctrl Pts',(-102.,-31.6065011518776,2.48274086832822));
#3193=CARTESIAN_POINT('Ctrl Pts',(-102.,-30.5306047764457,2.77754392922285));
#3194=CARTESIAN_POINT('Ctrl Pts',(-102.,-29.4427955919519,3.02423798748803));
#3195=CARTESIAN_POINT('Ctrl Pts',(-102.,-28.3472765965364,3.23349639867194));
#3196=CARTESIAN_POINT('Ctrl Pts',(-102.,-26.8795144787894,3.47189358433484));
#3197=CARTESIAN_POINT('Ctrl Pts',(-102.,-25.0352129398373,3.70582184380044));
#3198=CARTESIAN_POINT('Ctrl Pts',(-102.,-22.8140030862095,3.91031098706807));
#3199=CARTESIAN_POINT('Ctrl Pts',(-102.,-20.5880559861199,4.05341757950872));
#3200=CARTESIAN_POINT('Ctrl Pts',(-102.,-18.3595168557793,4.1462289355656));
#3201=CARTESIAN_POINT('Ctrl Pts',(-102.,-16.1296953174393,4.19672279343607));
#3202=CARTESIAN_POINT('Ctrl Pts',(-102.,-13.155824670649,4.21486884210763));
#3203=CARTESIAN_POINT('Ctrl Pts',(-102.,-9.4387262244192,4.15867492203629));
#3204=CARTESIAN_POINT('Ctrl Pts',(-102.,-4.98089224935204,3.99348963525551));
#3205=CARTESIAN_POINT('Ctrl Pts',(-102.,-0.526686450759213,3.75078730235609));
#3206=CARTESIAN_POINT('Ctrl Pts',(-102.,3.92359906578657,3.4451251227191));
#3207=CARTESIAN_POINT('Ctrl Pts',(-102.,8.36999524905401,3.08785677072706));
#3208=CARTESIAN_POINT('Ctrl Pts',(-102.,12.812574055436,2.68592183309995));
#3209=CARTESIAN_POINT('Ctrl Pts',(-102.,18.7309669615001,2.09697997575572));
#3210=CARTESIAN_POINT('Ctrl Pts',(-102.,26.1194482087933,1.26910824731377));
#3211=CARTESIAN_POINT('Ctrl Pts',(-102.,32.018064660065,0.505709300942899));
#3212=CARTESIAN_POINT('Ctrl Pts',(-102.,34.9629357869734,0.0920693403219931));
#3213=CARTESIAN_POINT('Origin',(-101.,-16.631784356308,0.00312284828911163));
#3214=CARTESIAN_POINT('',(-101.,-16.631784356308,2.00312284828911));
#3215=CARTESIAN_POINT('Origin',(-101.,-16.631784356308,0.00312284828911163));
#3216=CARTESIAN_POINT('',(-101.,-16.631784356308,2.00312284828911));
#3217=CARTESIAN_POINT('Origin',(-101.,-35.0370642130266,0.00386934032200942));
#3218=CARTESIAN_POINT('Origin',(-102.,-35.0370642130266,0.00386934032200942));
#3219=CARTESIAN_POINT('Origin',(-102.,34.9629357869734,0.00386934032199311));
#3220=CARTESIAN_POINT('Origin',(-101.562270683483,-28.0954593810964,0.));
#3221=CARTESIAN_POINT('',(-75.,-28.0954593810964,1.58739008747265));
#3222=CARTESIAN_POINT('Origin',(-75.,-28.0954593810964,0.));
#3223=CARTESIAN_POINT('',(-101.562270683483,-28.0954593810964,1.58739008747265));
#3224=CARTESIAN_POINT('Origin',(-1.,-35.0370642130266,0.00386934032200899));
#3225=CARTESIAN_POINT('',(-0.999999999999999,25.1572034180297,-1.35079916794826));
#3226=CARTESIAN_POINT('',(-1.,25.1572295155982,1.35872908812433));
#3227=CARTESIAN_POINT('Origin',(-1.,34.9629357869734,0.00386934032199311));
#3228=CARTESIAN_POINT('',(-1.,-33.1287102538186,-1.90008230066427));
#3229=CARTESIAN_POINT('Ctrl Pts',(-1.,-33.128710776784,-1.90008345602259));
#3230=CARTESIAN_POINT('Ctrl Pts',(-1.,-32.9731694935334,-1.97048820598657));
#3231=CARTESIAN_POINT('Ctrl Pts',(-1.,-32.4726307352204,-2.18020173011632));
#3232=CARTESIAN_POINT('Ctrl Pts',(-1.,-31.6065003085643,-2.47500010058599));
#3233=CARTESIAN_POINT('Ctrl Pts',(-1.,-30.530607855454,-2.76981286875108));
#3234=CARTESIAN_POINT('Ctrl Pts',(-1.,-29.4427841192324,-3.01647091325338));
#3235=CARTESIAN_POINT('Ctrl Pts',(-1.,-28.3473772893148,-3.22601236223712));
#3236=CARTESIAN_POINT('Ctrl Pts',(-1.,-26.8794336213348,-3.46406269851517));
#3237=CARTESIAN_POINT('Ctrl Pts',(-1.,-25.0352174210516,-3.69805502555781));
#3238=CARTESIAN_POINT('Ctrl Pts',(-1.,-22.8139806015819,-3.90249591113617));
#3239=CARTESIAN_POINT('Ctrl Pts',(-1.,-20.5881375627801,-4.04598956412722));
#3240=CARTESIAN_POINT('Ctrl Pts',(-1.,-18.3595047815362,-4.13841784673845));
#3241=CARTESIAN_POINT('Ctrl Pts',(-1.,-16.1296745593701,-4.18888347150305));
#3242=CARTESIAN_POINT('Ctrl Pts',(-1.,-13.1558351285057,-4.20718216930068));
#3243=CARTESIAN_POINT('Ctrl Pts',(-1.,-9.43876197304748,-4.15105361221425));
#3244=CARTESIAN_POINT('Ctrl Pts',(-1.,-4.98087053636191,-3.98557102213438));
#3245=CARTESIAN_POINT('Ctrl Pts',(-1.,-0.526696999564213,-3.74305138385577));
#3246=CARTESIAN_POINT('Ctrl Pts',(-1.,3.92360781105076,-3.43743897397122));
#3247=CARTESIAN_POINT('Ctrl Pts',(-1.,8.36999327774322,-3.08002075562269));
#3248=CARTESIAN_POINT('Ctrl Pts',(-1.,12.8125664629163,-2.6780455406531));
#3249=CARTESIAN_POINT('Ctrl Pts',(-1.,18.4105452782786,-2.12118608562733));
#3250=CARTESIAN_POINT('Ctrl Pts',(-1.,22.5239618421284,-1.66378375460752));
#3251=CARTESIAN_POINT('Ctrl Pts',(-1.,25.1572026022979,-1.35079925966519));
#3252=CARTESIAN_POINT('',(-1.,-33.1287102529093,1.90782097735045));
#3253=CARTESIAN_POINT('',(-1.,-33.1287099897688,-1.90008114914225));
#3254=CARTESIAN_POINT('',(-1.,-27.9037119511963,3.30415214497152));
#3255=CARTESIAN_POINT('Ctrl Pts',(-1.,-27.9037104955014,3.30414335269468));
#3256=CARTESIAN_POINT('Ctrl Pts',(-1.,-28.0514039961598,3.27969045205355));
#3257=CARTESIAN_POINT('Ctrl Pts',(-1.,-28.5653827684307,3.19183527623498));
#3258=CARTESIAN_POINT('Ctrl Pts',(-1.,-29.4427955919519,3.02423798748803));
#3259=CARTESIAN_POINT('Ctrl Pts',(-1.,-30.5306047764457,2.77754392922285));
#3260=CARTESIAN_POINT('Ctrl Pts',(-1.,-31.6065011518776,2.48274086832822));
#3261=CARTESIAN_POINT('Ctrl Pts',(-1.,-32.4726306461784,2.1879401899823));
#3262=CARTESIAN_POINT('Ctrl Pts',(-1.,-32.9731694778546,1.97822684700693));
#3263=CARTESIAN_POINT('Ctrl Pts',(-1.,-33.1287107740765,1.90782212873655));
#3264=CARTESIAN_POINT('',(-1.,-22.9392555338239,3.89012866748902));
#3265=CARTESIAN_POINT('Origin',(-1.,-25.4275750622896,3.64874516679371));
#3266=CARTESIAN_POINT('Ctrl Pts',(-1.,25.1572288618969,1.35872916159165));
#3267=CARTESIAN_POINT('Ctrl Pts',(-1.,22.5239865875036,1.67168598949964));
#3268=CARTESIAN_POINT('Ctrl Pts',(-1.,18.4105353630271,2.12886626376527));
#3269=CARTESIAN_POINT('Ctrl Pts',(-1.,12.812574055436,2.68592183309995));
#3270=CARTESIAN_POINT('Ctrl Pts',(-1.,8.36999524905401,3.08785677072706));
#3271=CARTESIAN_POINT('Ctrl Pts',(-1.,3.92359906578657,3.4451251227191));
#3272=CARTESIAN_POINT('Ctrl Pts',(-1.,-0.526686450759213,3.75078730235609));
#3273=CARTESIAN_POINT('Ctrl Pts',(-1.,-4.98089224935204,3.99348963525551));
#3274=CARTESIAN_POINT('Ctrl Pts',(-1.,-9.4387262244192,4.15867492203629));
#3275=CARTESIAN_POINT('Ctrl Pts',(-1.,-13.155824670649,4.21486884210763));
#3276=CARTESIAN_POINT('Ctrl Pts',(-1.,-16.1296953174393,4.19672279343607));
#3277=CARTESIAN_POINT('Ctrl Pts',(-1.,-18.3595168557793,4.1462289355656));
#3278=CARTESIAN_POINT('Ctrl Pts',(-1.,-20.5880559861199,4.05341757950872));
#3279=CARTESIAN_POINT('Ctrl Pts',(-1.,-22.1140820609766,3.95530905233863));
#3280=CARTESIAN_POINT('Ctrl Pts',(-1.,-22.8972441761858,3.89347954157392));
#3281=CARTESIAN_POINT('Ctrl Pts',(-1.,-22.939255585402,3.89012926747611));
#3282=CARTESIAN_POINT('',(-1.,-7.91867182920211,0.769094517692257));
#3283=CARTESIAN_POINT('Origin',(-1.,-7.91867182920211,0.));
#3284=CARTESIAN_POINT('',(-1.,7.76783998483635,1.61300626894953));
#3285=CARTESIAN_POINT('Origin',(-1.,7.76783998483635,0.));
#3286=CARTESIAN_POINT('',(-1.,-28.0954593810964,1.58739008747265));
#3287=CARTESIAN_POINT('Origin',(-1.,-28.0954593810964,0.));
#3288=CARTESIAN_POINT('',(-1.,-16.631784356308,2.00312284828911));
#3289=CARTESIAN_POINT('Origin',(-1.,-16.631784356308,0.00312284828911163));
#3290=CARTESIAN_POINT('',(-1.,10.4881577239684,-2.84606409069663));
#3291=CARTESIAN_POINT('',(-1.,15.4635128458418,-2.3612522559255));
#3292=CARTESIAN_POINT('Origin',(-1.,12.9808744282523,-2.65537210821151));
#3293=CARTESIAN_POINT('',(-1.,10.4881577239684,-2.84606409069663));
#3294=CARTESIAN_POINT('',(-1.,16.9750490409604,2.22564786565425));
#3295=CARTESIAN_POINT('',(-1.,11.999125748675,2.70459305372608));
#3296=CARTESIAN_POINT('Origin',(-1.,14.4920655601286,2.51684030016458));
#3297=CARTESIAN_POINT('',(-1.,16.9750490409604,2.22564786565425));
#3298=CARTESIAN_POINT('',(-1.,-2.95526661111269,3.84521502740874));
#3299=CARTESIAN_POINT('',(-1.,-7.94981796112509,4.05415979517058));
#3300=CARTESIAN_POINT('Origin',(-1.,-5.45037051026508,4.00160087214715));
#3301=CARTESIAN_POINT('',(-1.,-2.95526661111267,3.84521502740875));
#3302=CARTESIAN_POINT('',(-1.,-7.46820028140699,-4.03980103798072));
#3303=CARTESIAN_POINT('',(-1.,-2.4750002791269,-3.80073025114983));
#3304=CARTESIAN_POINT('Origin',(-1.,-4.96911537400319,-3.97216505948896));
#3305=CARTESIAN_POINT('',(-1.,-7.46820028140699,-4.03980103798072));
#3306=CARTESIAN_POINT('',(-1.,-25.9420876712621,-3.57738803989715));
#3307=CARTESIAN_POINT('',(-1.,-20.9608903407287,-3.99795225398575));
#3308=CARTESIAN_POINT('Origin',(-1.,-23.4558603583624,-3.83944480586881));
#3309=CARTESIAN_POINT('',(-1.,-25.9420876712621,-3.57738803989715));
#3310=CARTESIAN_POINT('Origin',(-26.,-35.0370642130266,0.00386934032200899));
#3311=CARTESIAN_POINT('',(-26.,25.1572034180296,-1.35079916794828));
#3312=CARTESIAN_POINT('',(-26.,25.1572295155982,1.35872908812433));
#3313=CARTESIAN_POINT('Origin',(-26.,34.9629357869734,0.00386934032199311));
#3314=CARTESIAN_POINT('',(-26.,-33.128710776784,-1.90008345602259));
#3315=CARTESIAN_POINT('Ctrl Pts',(-26.,-33.128710776784,-1.90008345602259));
#3316=CARTESIAN_POINT('Ctrl Pts',(-26.,-32.9731694935334,-1.97048820598657));
#3317=CARTESIAN_POINT('Ctrl Pts',(-26.,-32.4726307352204,-2.18020173011632));
#3318=CARTESIAN_POINT('Ctrl Pts',(-26.,-31.6065003085643,-2.47500010058599));
#3319=CARTESIAN_POINT('Ctrl Pts',(-26.,-30.530607855454,-2.76981286875108));
#3320=CARTESIAN_POINT('Ctrl Pts',(-26.,-29.4427841192324,-3.01647091325338));
#3321=CARTESIAN_POINT('Ctrl Pts',(-26.,-28.3473772893148,-3.22601236223712));
#3322=CARTESIAN_POINT('Ctrl Pts',(-26.,-26.8794336213348,-3.46406269851517));
#3323=CARTESIAN_POINT('Ctrl Pts',(-26.,-25.0352174210516,-3.69805502555781));
#3324=CARTESIAN_POINT('Ctrl Pts',(-26.,-22.8139806015819,-3.90249591113617));
#3325=CARTESIAN_POINT('Ctrl Pts',(-26.,-20.5881375627801,-4.04598956412722));
#3326=CARTESIAN_POINT('Ctrl Pts',(-26.,-18.3595047815362,-4.13841784673845));
#3327=CARTESIAN_POINT('Ctrl Pts',(-26.,-16.1296745593701,-4.18888347150305));
#3328=CARTESIAN_POINT('Ctrl Pts',(-26.,-13.1558351285057,-4.20718216930068));
#3329=CARTESIAN_POINT('Ctrl Pts',(-26.,-9.43876197304748,-4.15105361221425));
#3330=CARTESIAN_POINT('Ctrl Pts',(-26.,-4.98087053636191,-3.98557102213438));
#3331=CARTESIAN_POINT('Ctrl Pts',(-26.,-0.526696999564213,-3.74305138385577));
#3332=CARTESIAN_POINT('Ctrl Pts',(-26.,3.92360781105076,-3.43743897397122));
#3333=CARTESIAN_POINT('Ctrl Pts',(-26.,8.36999327774322,-3.08002075562269));
#3334=CARTESIAN_POINT('Ctrl Pts',(-26.,12.8125664629163,-2.6780455406531));
#3335=CARTESIAN_POINT('Ctrl Pts',(-26.,18.4105452782786,-2.12118608562733));
#3336=CARTESIAN_POINT('Ctrl Pts',(-26.,22.5239618421284,-1.66378375460752));
#3337=CARTESIAN_POINT('Ctrl Pts',(-26.,25.1572026022979,-1.35079925966519));
#3338=CARTESIAN_POINT('',(-26.,-33.1287102529093,1.90782097735043));
#3339=CARTESIAN_POINT('',(-26.,-33.1287099897688,1.90781982978879));
#3340=CARTESIAN_POINT('',(-26.,-27.9037119511963,3.30415214497152));
#3341=CARTESIAN_POINT('Ctrl Pts',(-26.,-27.9037104955014,3.30414335269468));
#3342=CARTESIAN_POINT('Ctrl Pts',(-26.,-28.0514039961598,3.27969045205355));
#3343=CARTESIAN_POINT('Ctrl Pts',(-26.,-28.5653827684307,3.19183527623498));
#3344=CARTESIAN_POINT('Ctrl Pts',(-26.,-29.4427955919519,3.02423798748803));
#3345=CARTESIAN_POINT('Ctrl Pts',(-26.,-30.5306047764457,2.77754392922285));
#3346=CARTESIAN_POINT('Ctrl Pts',(-26.,-31.6065011518776,2.48274086832822));
#3347=CARTESIAN_POINT('Ctrl Pts',(-26.,-32.4726306461784,2.1879401899823));
#3348=CARTESIAN_POINT('Ctrl Pts',(-26.,-32.9731694778546,1.97822684700693));
#3349=CARTESIAN_POINT('Ctrl Pts',(-26.,-33.1287107740765,1.90782212873653));
#3350=CARTESIAN_POINT('',(-26.,-22.9392555338239,3.89012866748902));
#3351=CARTESIAN_POINT('Origin',(-26.,-25.4275750622896,3.64874516679371));
#3352=CARTESIAN_POINT('Ctrl Pts',(-26.,25.1572288618969,1.35872916159165));
#3353=CARTESIAN_POINT('Ctrl Pts',(-26.,22.5239865875036,1.67168598949964));
#3354=CARTESIAN_POINT('Ctrl Pts',(-26.,18.4105353630271,2.12886626376527));
#3355=CARTESIAN_POINT('Ctrl Pts',(-26.,12.812574055436,2.68592183309995));
#3356=CARTESIAN_POINT('Ctrl Pts',(-26.,8.36999524905401,3.08785677072706));
#3357=CARTESIAN_POINT('Ctrl Pts',(-26.,3.92359906578657,3.4451251227191));
#3358=CARTESIAN_POINT('Ctrl Pts',(-26.,-0.526686450759213,3.75078730235609));
#3359=CARTESIAN_POINT('Ctrl Pts',(-26.,-4.98089224935204,3.99348963525551));
#3360=CARTESIAN_POINT('Ctrl Pts',(-26.,-9.4387262244192,4.15867492203629));
#3361=CARTESIAN_POINT('Ctrl Pts',(-26.,-13.155824670649,4.21486884210763));
#3362=CARTESIAN_POINT('Ctrl Pts',(-26.,-16.1296953174393,4.19672279343607));
#3363=CARTESIAN_POINT('Ctrl Pts',(-26.,-18.3595168557793,4.1462289355656));
#3364=CARTESIAN_POINT('Ctrl Pts',(-26.,-20.5880559861199,4.05341757950872));
#3365=CARTESIAN_POINT('Ctrl Pts',(-26.,-22.1140820609766,3.95530905233863));
#3366=CARTESIAN_POINT('Ctrl Pts',(-26.,-22.8972441761858,3.89347954157392));
#3367=CARTESIAN_POINT('Ctrl Pts',(-26.,-22.939255585402,3.89012926747611));
#3368=CARTESIAN_POINT('',(-26.,-7.91867182920211,0.769094517692257));
#3369=CARTESIAN_POINT('Origin',(-26.,-7.91867182920211,0.));
#3370=CARTESIAN_POINT('',(-26.,7.76783998483635,1.61300626894953));
#3371=CARTESIAN_POINT('Origin',(-26.,7.76783998483635,0.));
#3372=CARTESIAN_POINT('',(-26.,-28.0954593810964,1.58739008747265));
#3373=CARTESIAN_POINT('Origin',(-26.,-28.0954593810964,0.));
#3374=CARTESIAN_POINT('',(-26.,-16.631784356308,2.00312284828911));
#3375=CARTESIAN_POINT('Origin',(-26.,-16.631784356308,0.00312284828911163));
#3376=CARTESIAN_POINT('',(-26.,10.4881577239684,-2.84606409069663));
#3377=CARTESIAN_POINT('',(-26.,15.4635128458418,-2.3612522559255));
#3378=CARTESIAN_POINT('Origin',(-26.,12.9808744282523,-2.65537210821151));
#3379=CARTESIAN_POINT('',(-26.,10.4881577239684,-2.84606409069663));
#3380=CARTESIAN_POINT('',(-26.,16.9750490409604,2.22564786565425));
#3381=CARTESIAN_POINT('',(-26.,11.999125748675,2.70459305372608));
#3382=CARTESIAN_POINT('Origin',(-26.,14.4920655601286,2.51684030016458));
#3383=CARTESIAN_POINT('',(-26.,16.9750490409604,2.22564786565425));
#3384=CARTESIAN_POINT('',(-26.,-2.95526661111269,3.84521502740874));
#3385=CARTESIAN_POINT('',(-26.,-7.94981796112509,4.05415979517058));
#3386=CARTESIAN_POINT('Origin',(-26.,-5.45037051026508,4.00160087214715));
#3387=CARTESIAN_POINT('',(-26.,-2.95526661111267,3.84521502740875));
#3388=CARTESIAN_POINT('',(-26.,-7.46820028140699,-4.03980103798072));
#3389=CARTESIAN_POINT('',(-26.,-2.4750002791269,-3.80073025114983));
#3390=CARTESIAN_POINT('Origin',(-26.,-4.96911537400319,-3.97216505948896));
#3391=CARTESIAN_POINT('',(-26.,-7.46820028140699,-4.03980103798072));
#3392=CARTESIAN_POINT('',(-26.,-25.9420876712621,-3.57738803989715));
#3393=CARTESIAN_POINT('',(-26.,-20.9608903407287,-3.99795225398575));
#3394=CARTESIAN_POINT('Origin',(-26.,-23.4558603583624,-3.83944480586881));
#3395=CARTESIAN_POINT('',(-26.,-25.9420876712621,-3.57738803989715));
#3396=CARTESIAN_POINT('Origin',(-22.,-35.0370642130266,0.00386934032200899));
#3397=CARTESIAN_POINT('',(-22.,-33.1287102538186,-1.90008230066429));
#3398=CARTESIAN_POINT('',(-22.,25.1572030079043,-1.35079921177795));
#3399=CARTESIAN_POINT('Ctrl Pts',(-22.,-33.128710776784,-1.90008345602261));
#3400=CARTESIAN_POINT('Ctrl Pts',(-22.,-32.9731694935334,-1.97048820598658));
#3401=CARTESIAN_POINT('Ctrl Pts',(-22.,-32.4726307352204,-2.18020173011633));
#3402=CARTESIAN_POINT('Ctrl Pts',(-22.,-31.6065003085643,-2.47500010058599));
#3403=CARTESIAN_POINT('Ctrl Pts',(-22.,-30.530607855454,-2.76981286875108));
#3404=CARTESIAN_POINT('Ctrl Pts',(-22.,-29.4427841192324,-3.01647091325338));
#3405=CARTESIAN_POINT('Ctrl Pts',(-22.,-28.3473772893148,-3.22601236223712));
#3406=CARTESIAN_POINT('Ctrl Pts',(-22.,-26.8794336213348,-3.46406269851517));
#3407=CARTESIAN_POINT('Ctrl Pts',(-22.,-25.0352174210516,-3.69805502555781));
#3408=CARTESIAN_POINT('Ctrl Pts',(-22.,-22.8139806015819,-3.90249591113617));
#3409=CARTESIAN_POINT('Ctrl Pts',(-22.,-20.5881375627801,-4.04598956412722));
#3410=CARTESIAN_POINT('Ctrl Pts',(-22.,-18.3595047815362,-4.13841784673845));
#3411=CARTESIAN_POINT('Ctrl Pts',(-22.,-16.1296745593701,-4.18888347150305));
#3412=CARTESIAN_POINT('Ctrl Pts',(-22.,-13.1558351285057,-4.20718216930068));
#3413=CARTESIAN_POINT('Ctrl Pts',(-22.,-9.43876197304748,-4.15105361221425));
#3414=CARTESIAN_POINT('Ctrl Pts',(-22.,-4.98087053636191,-3.98557102213438));
#3415=CARTESIAN_POINT('Ctrl Pts',(-22.,-0.526696999564213,-3.74305138385577));
#3416=CARTESIAN_POINT('Ctrl Pts',(-22.,3.92360781105076,-3.43743897397122));
#3417=CARTESIAN_POINT('Ctrl Pts',(-22.,8.36999327774322,-3.08002075562269));
#3418=CARTESIAN_POINT('Ctrl Pts',(-22.,12.8125664629163,-2.6780455406531));
#3419=CARTESIAN_POINT('Ctrl Pts',(-22.,18.4105452782786,-2.12118608562733));
#3420=CARTESIAN_POINT('Ctrl Pts',(-22.,22.5239618421284,-1.66378375460752));
#3421=CARTESIAN_POINT('Ctrl Pts',(-22.,25.1572026022979,-1.35079925966519));
#3422=CARTESIAN_POINT('',(-22.,25.1572295156071,1.35872908812339));
#3423=CARTESIAN_POINT('Origin',(-22.,34.9629357869734,0.00386934032199311));
#3424=CARTESIAN_POINT('',(-22.,-22.9392555338239,3.89012866748902));
#3425=CARTESIAN_POINT('Ctrl Pts',(-22.,25.1572288618969,1.35872916159165));
#3426=CARTESIAN_POINT('Ctrl Pts',(-22.,22.5239865875036,1.67168598949964));
#3427=CARTESIAN_POINT('Ctrl Pts',(-22.,18.4105353630271,2.12886626376527));
#3428=CARTESIAN_POINT('Ctrl Pts',(-22.,12.812574055436,2.68592183309995));
#3429=CARTESIAN_POINT('Ctrl Pts',(-22.,8.36999524905401,3.08785677072706));
#3430=CARTESIAN_POINT('Ctrl Pts',(-22.,3.92359906578657,3.4451251227191));
#3431=CARTESIAN_POINT('Ctrl Pts',(-22.,-0.526686450759213,3.75078730235609));
#3432=CARTESIAN_POINT('Ctrl Pts',(-22.,-4.98089224935204,3.99348963525551));
#3433=CARTESIAN_POINT('Ctrl Pts',(-22.,-9.4387262244192,4.15867492203629));
#3434=CARTESIAN_POINT('Ctrl Pts',(-22.,-13.155824670649,4.21486884210763));
#3435=CARTESIAN_POINT('Ctrl Pts',(-22.,-16.1296953174393,4.19672279343607));
#3436=CARTESIAN_POINT('Ctrl Pts',(-22.,-18.3595168557793,4.1462289355656));
#3437=CARTESIAN_POINT('Ctrl Pts',(-22.,-20.5880559861199,4.05341757950872));
#3438=CARTESIAN_POINT('Ctrl Pts',(-22.,-22.1140820609766,3.95530905233863));
#3439=CARTESIAN_POINT('Ctrl Pts',(-22.,-22.8972441761858,3.89347954157392));
#3440=CARTESIAN_POINT('Ctrl Pts',(-22.,-22.939255585402,3.89012926747611));
#3441=CARTESIAN_POINT('',(-22.,-27.9037119511963,3.30415214497152));
#3442=CARTESIAN_POINT('Origin',(-22.,-25.4275750622896,3.64874516679371));
#3443=CARTESIAN_POINT('',(-22.,-33.1287102529093,1.90782097735048));
#3444=CARTESIAN_POINT('Ctrl Pts',(-22.,-27.9037104955014,3.30414335269468));
#3445=CARTESIAN_POINT('Ctrl Pts',(-22.,-28.0514039961598,3.27969045205355));
#3446=CARTESIAN_POINT('Ctrl Pts',(-22.,-28.5653827684307,3.19183527623498));
#3447=CARTESIAN_POINT('Ctrl Pts',(-22.,-29.4427955919519,3.02423798748803));
#3448=CARTESIAN_POINT('Ctrl Pts',(-22.,-30.5306047764457,2.77754392922285));
#3449=CARTESIAN_POINT('Ctrl Pts',(-22.,-31.6065011518776,2.48274086832822));
#3450=CARTESIAN_POINT('Ctrl Pts',(-22.,-32.4726306461783,2.18794018998231));
#3451=CARTESIAN_POINT('Ctrl Pts',(-22.,-32.9731694778545,1.97822684700695));
#3452=CARTESIAN_POINT('Ctrl Pts',(-22.,-33.1287107740764,1.90782212873657));
#3453=CARTESIAN_POINT('',(-22.,-33.1287099897688,1.90781982978879));
#3454=CARTESIAN_POINT('',(-22.,-28.0954593810964,1.58739008747265));
#3455=CARTESIAN_POINT('Origin',(-22.,-28.0954593810964,0.));
#3456=CARTESIAN_POINT('',(-22.,7.76783998483635,1.61300626894953));
#3457=CARTESIAN_POINT('Origin',(-22.,7.76783998483635,0.));
#3458=CARTESIAN_POINT('',(-22.,-7.91867182920211,0.769094517692257));
#3459=CARTESIAN_POINT('Origin',(-22.,-7.91867182920211,0.));
#3460=CARTESIAN_POINT('',(-22.,10.4881577239684,-2.84606409069663));
#3461=CARTESIAN_POINT('',(-22.,15.4635128458418,-2.3612522559255));
#3462=CARTESIAN_POINT('',(-22.,10.4881577239684,-2.84606409069663));
#3463=CARTESIAN_POINT('Origin',(-22.,12.9808744282523,-2.65537210821151));
#3464=CARTESIAN_POINT('',(-22.,-2.95526661111269,3.84521502740874));
#3465=CARTESIAN_POINT('',(-22.,-7.94981796112509,4.05415979517058));
#3466=CARTESIAN_POINT('',(-22.,-2.95526661111267,3.84521502740875));
#3467=CARTESIAN_POINT('Origin',(-22.,-5.45037051026508,4.00160087214715));
#3468=CARTESIAN_POINT('',(-22.,-25.9420876712621,-3.57738803989715));
#3469=CARTESIAN_POINT('',(-22.,-20.9608903407287,-3.99795225398575));
#3470=CARTESIAN_POINT('',(-22.,-25.9420876712621,-3.57738803989715));
#3471=CARTESIAN_POINT('Origin',(-22.,-23.4558603583624,-3.83944480586881));
#3472=CARTESIAN_POINT('',(-22.,-7.46820028140699,-4.03980103798072));
#3473=CARTESIAN_POINT('',(-22.,-2.4750002791269,-3.80073025114983));
#3474=CARTESIAN_POINT('',(-22.,-7.468200281407,-4.03980103798072));
#3475=CARTESIAN_POINT('Origin',(-22.,-4.96911537400319,-3.97216505948896));
#3476=CARTESIAN_POINT('',(-22.,16.9750490409604,2.22564786565425));
#3477=CARTESIAN_POINT('',(-22.,11.999125748675,2.70459305372608));
#3478=CARTESIAN_POINT('',(-22.,16.9750490409604,2.22564786565425));
#3479=CARTESIAN_POINT('Origin',(-22.,14.4920655601286,2.51684030016458));
#3480=CARTESIAN_POINT('',(-22.,-16.631784356308,2.00312284828911));
#3481=CARTESIAN_POINT('Origin',(-22.,-16.631784356308,0.00312284828911163));
#3482=CARTESIAN_POINT('Origin',(-51.,-35.0370642130266,0.00386934032200899));
#3483=CARTESIAN_POINT('',(-51.,25.1572034180296,-1.35079916794828));
#3484=CARTESIAN_POINT('',(-51.,25.1572295155982,1.35872908812433));
#3485=CARTESIAN_POINT('Origin',(-51.,34.9629357869734,0.00386934032199311));
#3486=CARTESIAN_POINT('',(-51.,-33.128710776784,-1.90008345602259));
#3487=CARTESIAN_POINT('Ctrl Pts',(-51.,-33.128710776784,-1.90008345602259));
#3488=CARTESIAN_POINT('Ctrl Pts',(-51.,-32.9731694935334,-1.97048820598657));
#3489=CARTESIAN_POINT('Ctrl Pts',(-51.,-32.4726307352204,-2.18020173011632));
#3490=CARTESIAN_POINT('Ctrl Pts',(-51.,-31.6065003085643,-2.47500010058599));
#3491=CARTESIAN_POINT('Ctrl Pts',(-51.,-30.530607855454,-2.76981286875108));
#3492=CARTESIAN_POINT('Ctrl Pts',(-51.,-29.4427841192324,-3.01647091325338));
#3493=CARTESIAN_POINT('Ctrl Pts',(-51.,-28.3473772893148,-3.22601236223712));
#3494=CARTESIAN_POINT('Ctrl Pts',(-51.,-26.8794336213348,-3.46406269851517));
#3495=CARTESIAN_POINT('Ctrl Pts',(-51.,-25.0352174210516,-3.69805502555781));
#3496=CARTESIAN_POINT('Ctrl Pts',(-51.,-22.8139806015819,-3.90249591113617));
#3497=CARTESIAN_POINT('Ctrl Pts',(-51.,-20.5881375627801,-4.04598956412722));
#3498=CARTESIAN_POINT('Ctrl Pts',(-51.,-18.3595047815362,-4.13841784673845));
#3499=CARTESIAN_POINT('Ctrl Pts',(-51.,-16.1296745593701,-4.18888347150305));
#3500=CARTESIAN_POINT('Ctrl Pts',(-51.,-13.1558351285057,-4.20718216930068));
#3501=CARTESIAN_POINT('Ctrl Pts',(-51.,-9.43876197304748,-4.15105361221425));
#3502=CARTESIAN_POINT('Ctrl Pts',(-51.,-4.98087053636191,-3.98557102213438));
#3503=CARTESIAN_POINT('Ctrl Pts',(-51.,-0.526696999564213,-3.74305138385577));
#3504=CARTESIAN_POINT('Ctrl Pts',(-51.,3.92360781105076,-3.43743897397122));
#3505=CARTESIAN_POINT('Ctrl Pts',(-51.,8.36999327774322,-3.08002075562269));
#3506=CARTESIAN_POINT('Ctrl Pts',(-51.,12.8125664629163,-2.6780455406531));
#3507=CARTESIAN_POINT('Ctrl Pts',(-51.,18.4105452782786,-2.12118608562733));
#3508=CARTESIAN_POINT('Ctrl Pts',(-51.,22.5239618421284,-1.66378375460752));
#3509=CARTESIAN_POINT('Ctrl Pts',(-51.,25.1572026022979,-1.35079925966519));
#3510=CARTESIAN_POINT('',(-51.,-33.1287102529093,1.90782097735043));
#3511=CARTESIAN_POINT('',(-51.,-33.1287099897688,1.90781982978879));
#3512=CARTESIAN_POINT('',(-51.,-27.9037119511963,3.30415214497152));
#3513=CARTESIAN_POINT('Ctrl Pts',(-51.,-27.9037104955014,3.30414335269468));
#3514=CARTESIAN_POINT('Ctrl Pts',(-51.,-28.0514039961598,3.27969045205355));
#3515=CARTESIAN_POINT('Ctrl Pts',(-51.,-28.5653827684307,3.19183527623498));
#3516=CARTESIAN_POINT('Ctrl Pts',(-51.,-29.4427955919519,3.02423798748803));
#3517=CARTESIAN_POINT('Ctrl Pts',(-51.,-30.5306047764457,2.77754392922285));
#3518=CARTESIAN_POINT('Ctrl Pts',(-51.,-31.6065011518776,2.48274086832822));
#3519=CARTESIAN_POINT('Ctrl Pts',(-51.,-32.4726306461784,2.1879401899823));
#3520=CARTESIAN_POINT('Ctrl Pts',(-51.,-32.9731694778546,1.97822684700693));
#3521=CARTESIAN_POINT('Ctrl Pts',(-51.,-33.1287107740765,1.90782212873653));
#3522=CARTESIAN_POINT('',(-51.,-22.9392555338239,3.89012866748902));
#3523=CARTESIAN_POINT('Origin',(-51.,-25.4275750622896,3.64874516679371));
#3524=CARTESIAN_POINT('Ctrl Pts',(-51.,25.1572288618969,1.35872916159165));
#3525=CARTESIAN_POINT('Ctrl Pts',(-51.,22.5239865875036,1.67168598949964));
#3526=CARTESIAN_POINT('Ctrl Pts',(-51.,18.4105353630271,2.12886626376527));
#3527=CARTESIAN_POINT('Ctrl Pts',(-51.,12.812574055436,2.68592183309995));
#3528=CARTESIAN_POINT('Ctrl Pts',(-51.,8.36999524905401,3.08785677072706));
#3529=CARTESIAN_POINT('Ctrl Pts',(-51.,3.92359906578657,3.4451251227191));
#3530=CARTESIAN_POINT('Ctrl Pts',(-51.,-0.526686450759213,3.75078730235609));
#3531=CARTESIAN_POINT('Ctrl Pts',(-51.,-4.98089224935204,3.99348963525551));
#3532=CARTESIAN_POINT('Ctrl Pts',(-51.,-9.4387262244192,4.15867492203629));
#3533=CARTESIAN_POINT('Ctrl Pts',(-51.,-13.155824670649,4.21486884210763));
#3534=CARTESIAN_POINT('Ctrl Pts',(-51.,-16.1296953174393,4.19672279343607));
#3535=CARTESIAN_POINT('Ctrl Pts',(-51.,-18.3595168557793,4.1462289355656));
#3536=CARTESIAN_POINT('Ctrl Pts',(-51.,-20.5880559861199,4.05341757950872));
#3537=CARTESIAN_POINT('Ctrl Pts',(-51.,-22.1140820609766,3.95530905233863));
#3538=CARTESIAN_POINT('Ctrl Pts',(-51.,-22.8972441761858,3.89347954157392));
#3539=CARTESIAN_POINT('Ctrl Pts',(-51.,-22.939255585402,3.89012926747611));
#3540=CARTESIAN_POINT('',(-51.,-7.91867182920211,0.769094517692257));
#3541=CARTESIAN_POINT('Origin',(-51.,-7.91867182920211,0.));
#3542=CARTESIAN_POINT('',(-51.,7.76783998483635,1.61300626894953));
#3543=CARTESIAN_POINT('Origin',(-51.,7.76783998483635,0.));
#3544=CARTESIAN_POINT('',(-51.,-28.0954593810964,1.58739008747265));
#3545=CARTESIAN_POINT('Origin',(-51.,-28.0954593810964,0.));
#3546=CARTESIAN_POINT('',(-51.,-16.631784356308,2.00312284828911));
#3547=CARTESIAN_POINT('Origin',(-51.,-16.631784356308,0.00312284828911163));
#3548=CARTESIAN_POINT('',(-51.,10.4881577239684,-2.84606409069663));
#3549=CARTESIAN_POINT('',(-51.,15.4635128458418,-2.3612522559255));
#3550=CARTESIAN_POINT('Origin',(-51.,12.9808744282523,-2.65537210821151));
#3551=CARTESIAN_POINT('',(-51.,10.4881577239684,-2.84606409069663));
#3552=CARTESIAN_POINT('',(-51.,16.9750490409604,2.22564786565425));
#3553=CARTESIAN_POINT('',(-51.,11.999125748675,2.70459305372608));
#3554=CARTESIAN_POINT('Origin',(-51.,14.4920655601286,2.51684030016458));
#3555=CARTESIAN_POINT('',(-51.,16.9750490409604,2.22564786565425));
#3556=CARTESIAN_POINT('',(-51.,-2.95526661111269,3.84521502740874));
#3557=CARTESIAN_POINT('',(-51.,-7.94981796112509,4.05415979517058));
#3558=CARTESIAN_POINT('Origin',(-51.,-5.45037051026508,4.00160087214715));
#3559=CARTESIAN_POINT('',(-51.,-2.95526661111267,3.84521502740875));
#3560=CARTESIAN_POINT('',(-51.,-7.46820028140699,-4.03980103798072));
#3561=CARTESIAN_POINT('',(-51.,-2.4750002791269,-3.80073025114983));
#3562=CARTESIAN_POINT('Origin',(-51.,-4.96911537400319,-3.97216505948896));
#3563=CARTESIAN_POINT('',(-51.,-7.46820028140699,-4.03980103798072));
#3564=CARTESIAN_POINT('',(-51.,-25.9420876712621,-3.57738803989715));
#3565=CARTESIAN_POINT('',(-51.,-20.9608903407287,-3.99795225398575));
#3566=CARTESIAN_POINT('Origin',(-51.,-23.4558603583624,-3.83944480586881));
#3567=CARTESIAN_POINT('',(-51.,-25.9420876712621,-3.57738803989715));
#3568=CARTESIAN_POINT('Origin',(-47.,-35.0370642130266,0.00386934032200899));
#3569=CARTESIAN_POINT('',(-47.,-33.1287107767841,-1.90008345602258));
#3570=CARTESIAN_POINT('',(-47.,25.1572030079043,-1.35079921177795));
#3571=CARTESIAN_POINT('Ctrl Pts',(-47.,-33.1287107767841,-1.90008345602258));
#3572=CARTESIAN_POINT('Ctrl Pts',(-47.,-32.9731694935335,-1.97048820598656));
#3573=CARTESIAN_POINT('Ctrl Pts',(-47.,-32.4726307352204,-2.18020173011632));
#3574=CARTESIAN_POINT('Ctrl Pts',(-47.,-31.6065003085643,-2.47500010058599));
#3575=CARTESIAN_POINT('Ctrl Pts',(-47.,-30.530607855454,-2.76981286875108));
#3576=CARTESIAN_POINT('Ctrl Pts',(-47.,-29.4427841192324,-3.01647091325338));
#3577=CARTESIAN_POINT('Ctrl Pts',(-47.,-28.3473772893148,-3.22601236223712));
#3578=CARTESIAN_POINT('Ctrl Pts',(-47.,-26.8794336213348,-3.46406269851517));
#3579=CARTESIAN_POINT('Ctrl Pts',(-47.,-25.0352174210516,-3.69805502555781));
#3580=CARTESIAN_POINT('Ctrl Pts',(-47.,-22.8139806015819,-3.90249591113617));
#3581=CARTESIAN_POINT('Ctrl Pts',(-47.,-20.5881375627801,-4.04598956412722));
#3582=CARTESIAN_POINT('Ctrl Pts',(-47.,-18.3595047815362,-4.13841784673845));
#3583=CARTESIAN_POINT('Ctrl Pts',(-47.,-16.1296745593701,-4.18888347150305));
#3584=CARTESIAN_POINT('Ctrl Pts',(-47.,-13.1558351285057,-4.20718216930068));
#3585=CARTESIAN_POINT('Ctrl Pts',(-47.,-9.43876197304748,-4.15105361221425));
#3586=CARTESIAN_POINT('Ctrl Pts',(-47.,-4.98087053636191,-3.98557102213438));
#3587=CARTESIAN_POINT('Ctrl Pts',(-47.,-0.526696999564213,-3.74305138385577));
#3588=CARTESIAN_POINT('Ctrl Pts',(-47.,3.92360781105076,-3.43743897397122));
#3589=CARTESIAN_POINT('Ctrl Pts',(-47.,8.36999327774322,-3.08002075562269));
#3590=CARTESIAN_POINT('Ctrl Pts',(-47.,12.8125664629163,-2.6780455406531));
#3591=CARTESIAN_POINT('Ctrl Pts',(-47.,18.4105452782786,-2.12118608562733));
#3592=CARTESIAN_POINT('Ctrl Pts',(-47.,22.5239618421284,-1.66378375460752));
#3593=CARTESIAN_POINT('Ctrl Pts',(-47.,25.1572026022979,-1.35079925966519));
#3594=CARTESIAN_POINT('',(-47.,25.1572295156071,1.35872908812339));
#3595=CARTESIAN_POINT('Origin',(-47.,34.9629357869734,0.00386934032199311));
#3596=CARTESIAN_POINT('',(-47.,-22.9392555338239,3.89012866748902));
#3597=CARTESIAN_POINT('Ctrl Pts',(-47.,25.1572288618969,1.35872916159165));
#3598=CARTESIAN_POINT('Ctrl Pts',(-47.,22.5239865875036,1.67168598949964));
#3599=CARTESIAN_POINT('Ctrl Pts',(-47.,18.4105353630271,2.12886626376527));
#3600=CARTESIAN_POINT('Ctrl Pts',(-47.,12.812574055436,2.68592183309995));
#3601=CARTESIAN_POINT('Ctrl Pts',(-47.,8.36999524905401,3.08785677072706));
#3602=CARTESIAN_POINT('Ctrl Pts',(-47.,3.92359906578657,3.4451251227191));
#3603=CARTESIAN_POINT('Ctrl Pts',(-47.,-0.526686450759213,3.75078730235609));
#3604=CARTESIAN_POINT('Ctrl Pts',(-47.,-4.98089224935204,3.99348963525551));
#3605=CARTESIAN_POINT('Ctrl Pts',(-47.,-9.4387262244192,4.15867492203629));
#3606=CARTESIAN_POINT('Ctrl Pts',(-47.,-13.155824670649,4.21486884210763));
#3607=CARTESIAN_POINT('Ctrl Pts',(-47.,-16.1296953174393,4.19672279343607));
#3608=CARTESIAN_POINT('Ctrl Pts',(-47.,-18.3595168557793,4.1462289355656));
#3609=CARTESIAN_POINT('Ctrl Pts',(-47.,-20.5880559861199,4.05341757950872));
#3610=CARTESIAN_POINT('Ctrl Pts',(-47.,-22.1140820609766,3.95530905233863));
#3611=CARTESIAN_POINT('Ctrl Pts',(-47.,-22.8972441761858,3.89347954157392));
#3612=CARTESIAN_POINT('Ctrl Pts',(-47.,-22.939255585402,3.89012926747611));
#3613=CARTESIAN_POINT('',(-47.,-27.9037119511963,3.30415214497152));
#3614=CARTESIAN_POINT('Origin',(-47.,-25.4275750622896,3.64874516679371));
#3615=CARTESIAN_POINT('',(-47.,-33.1287107740766,1.90782212873649));
#3616=CARTESIAN_POINT('Ctrl Pts',(-47.,-27.9037104955014,3.30414335269468));
#3617=CARTESIAN_POINT('Ctrl Pts',(-47.,-28.0514039961598,3.27969045205355));
#3618=CARTESIAN_POINT('Ctrl Pts',(-47.,-28.5653827684307,3.19183527623498));
#3619=CARTESIAN_POINT('Ctrl Pts',(-47.,-29.4427955919519,3.02423798748803));
#3620=CARTESIAN_POINT('Ctrl Pts',(-47.,-30.5306047764457,2.77754392922285));
#3621=CARTESIAN_POINT('Ctrl Pts',(-47.,-31.6065011518776,2.48274086832822));
#3622=CARTESIAN_POINT('Ctrl Pts',(-47.,-32.4726306461784,2.18794018998229));
#3623=CARTESIAN_POINT('Ctrl Pts',(-47.,-32.9731694778546,1.9782268470069));
#3624=CARTESIAN_POINT('Ctrl Pts',(-47.,-33.1287107740766,1.90782212873649));
#3625=CARTESIAN_POINT('',(-47.,-33.1287099897688,1.90781982978879));
#3626=CARTESIAN_POINT('',(-47.,-28.0954593810964,1.58739008747265));
#3627=CARTESIAN_POINT('Origin',(-47.,-28.0954593810964,0.));
#3628=CARTESIAN_POINT('',(-47.,7.76783998483635,1.61300626894953));
#3629=CARTESIAN_POINT('Origin',(-47.,7.76783998483635,0.));
#3630=CARTESIAN_POINT('',(-47.,-7.91867182920211,0.769094517692257));
#3631=CARTESIAN_POINT('Origin',(-47.,-7.91867182920211,0.));
#3632=CARTESIAN_POINT('',(-47.,10.4881577239684,-2.84606409069663));
#3633=CARTESIAN_POINT('',(-47.,15.4635128458418,-2.3612522559255));
#3634=CARTESIAN_POINT('',(-47.,10.4881577239684,-2.84606409069663));
#3635=CARTESIAN_POINT('Origin',(-47.,12.9808744282523,-2.65537210821151));
#3636=CARTESIAN_POINT('',(-47.,-2.95526661111269,3.84521502740874));
#3637=CARTESIAN_POINT('',(-47.,-7.94981796112509,4.05415979517058));
#3638=CARTESIAN_POINT('',(-47.,-2.95526661111267,3.84521502740875));
#3639=CARTESIAN_POINT('Origin',(-47.,-5.45037051026508,4.00160087214715));
#3640=CARTESIAN_POINT('',(-47.,-25.9420876712621,-3.57738803989715));
#3641=CARTESIAN_POINT('',(-47.,-20.9608903407287,-3.99795225398575));
#3642=CARTESIAN_POINT('',(-47.,-25.9420876712621,-3.57738803989715));
#3643=CARTESIAN_POINT('Origin',(-47.,-23.4558603583624,-3.83944480586881));
#3644=CARTESIAN_POINT('',(-47.,-7.46820028140699,-4.03980103798072));
#3645=CARTESIAN_POINT('',(-47.,-2.4750002791269,-3.80073025114983));
#3646=CARTESIAN_POINT('',(-47.,-7.468200281407,-4.03980103798072));
#3647=CARTESIAN_POINT('Origin',(-47.,-4.96911537400319,-3.97216505948896));
#3648=CARTESIAN_POINT('',(-47.,16.9750490409604,2.22564786565425));
#3649=CARTESIAN_POINT('',(-47.,11.999125748675,2.70459305372608));
#3650=CARTESIAN_POINT('',(-47.,16.9750490409604,2.22564786565425));
#3651=CARTESIAN_POINT('Origin',(-47.,14.4920655601286,2.51684030016458));
#3652=CARTESIAN_POINT('',(-47.,-16.631784356308,2.00312284828911));
#3653=CARTESIAN_POINT('Origin',(-47.,-16.631784356308,0.00312284828911163));
#3654=CARTESIAN_POINT('Origin',(-71.,-35.0370642130266,0.00386934032200899));
#3655=CARTESIAN_POINT('',(-71.0000000000001,-33.128710776784,-1.90008345602259));
#3656=CARTESIAN_POINT('',(-71.,25.1572030079044,-1.35079921177793));
#3657=CARTESIAN_POINT('Ctrl Pts',(-71.0000000000001,-33.128710776784,-1.90008345602259));
#3658=CARTESIAN_POINT('Ctrl Pts',(-71.0000000000001,-32.9731694935334,-1.97048820598657));
#3659=CARTESIAN_POINT('Ctrl Pts',(-71.0000000000001,-32.4726307352204,-2.18020173011632));
#3660=CARTESIAN_POINT('Ctrl Pts',(-71.0000000000001,-31.6065003085643,-2.47500010058599));
#3661=CARTESIAN_POINT('Ctrl Pts',(-71.0000000000001,-30.530607855454,-2.76981286875108));
#3662=CARTESIAN_POINT('Ctrl Pts',(-71.0000000000001,-29.4427841192324,-3.01647091325338));
#3663=CARTESIAN_POINT('Ctrl Pts',(-71.0000000000001,-28.3473772893148,-3.22601236223712));
#3664=CARTESIAN_POINT('Ctrl Pts',(-71.,-26.8794336213348,-3.46406269851517));
#3665=CARTESIAN_POINT('Ctrl Pts',(-71.0000000000001,-25.0352174210516,-3.69805502555781));
#3666=CARTESIAN_POINT('Ctrl Pts',(-71.,-22.8139806015819,-3.90249591113617));
#3667=CARTESIAN_POINT('Ctrl Pts',(-71.0000000000001,-20.5881375627801,-4.04598956412722));
#3668=CARTESIAN_POINT('Ctrl Pts',(-71.0000000000001,-18.3595047815362,-4.13841784673845));
#3669=CARTESIAN_POINT('Ctrl Pts',(-71.0000000000001,-16.1296745593701,-4.18888347150305));
#3670=CARTESIAN_POINT('Ctrl Pts',(-71.,-13.1558351285057,-4.20718216930068));
#3671=CARTESIAN_POINT('Ctrl Pts',(-71.0000000000001,-9.43876197304748,-4.15105361221425));
#3672=CARTESIAN_POINT('Ctrl Pts',(-71.0000000000001,-4.98087053636191,-3.98557102213438));
#3673=CARTESIAN_POINT('Ctrl Pts',(-71.0000000000001,-0.526696999564213,
-3.74305138385577));
#3674=CARTESIAN_POINT('Ctrl Pts',(-71.0000000000001,3.92360781105076,-3.43743897397122));
#3675=CARTESIAN_POINT('Ctrl Pts',(-71.,8.36999327774322,-3.08002075562269));
#3676=CARTESIAN_POINT('Ctrl Pts',(-71.0000000000001,12.8125664629163,-2.6780455406531));
#3677=CARTESIAN_POINT('Ctrl Pts',(-71.0000000000001,18.4105452782786,-2.12118608562733));
#3678=CARTESIAN_POINT('Ctrl Pts',(-71.,22.5239618421284,-1.66378375460752));
#3679=CARTESIAN_POINT('Ctrl Pts',(-71.0000000000001,25.1572026022979,-1.35079925966519));
#3680=CARTESIAN_POINT('',(-71.,25.1572295156113,1.35872908812294));
#3681=CARTESIAN_POINT('Origin',(-71.,34.9629357869734,0.00386934032199311));
#3682=CARTESIAN_POINT('',(-71.,-22.9392555338239,3.89012866748902));
#3683=CARTESIAN_POINT('Ctrl Pts',(-71.0000000000001,25.1572288618969,1.35872916159165));
#3684=CARTESIAN_POINT('Ctrl Pts',(-71.0000000000001,22.5239865875036,1.67168598949964));
#3685=CARTESIAN_POINT('Ctrl Pts',(-71.0000000000001,18.4105353630271,2.12886626376527));
#3686=CARTESIAN_POINT('Ctrl Pts',(-71.0000000000001,12.812574055436,2.68592183309995));
#3687=CARTESIAN_POINT('Ctrl Pts',(-71.,8.36999524905402,3.08785677072706));
#3688=CARTESIAN_POINT('Ctrl Pts',(-71.0000000000001,3.92359906578659,3.4451251227191));
#3689=CARTESIAN_POINT('Ctrl Pts',(-71.0000000000001,-0.526686450759196,
3.75078730235609));
#3690=CARTESIAN_POINT('Ctrl Pts',(-71.0000000000001,-4.98089224935203,3.9934896352555));
#3691=CARTESIAN_POINT('Ctrl Pts',(-71.0000000000001,-9.43872622441918,4.15867492203629));
#3692=CARTESIAN_POINT('Ctrl Pts',(-71.0000000000001,-13.155824670649,4.21486884210763));
#3693=CARTESIAN_POINT('Ctrl Pts',(-71.0000000000001,-16.1296953174393,4.19672279343607));
#3694=CARTESIAN_POINT('Ctrl Pts',(-71.0000000000001,-18.3595168557793,4.14622893556561));
#3695=CARTESIAN_POINT('Ctrl Pts',(-71.0000000000001,-20.5880559861199,4.05341757950872));
#3696=CARTESIAN_POINT('Ctrl Pts',(-71.0000000000001,-22.1140820609766,3.95530905233863));
#3697=CARTESIAN_POINT('Ctrl Pts',(-71.0000000000001,-22.8972441761857,3.89347954157393));
#3698=CARTESIAN_POINT('Ctrl Pts',(-71.0000000000001,-22.939255585402,3.89012926747611));
#3699=CARTESIAN_POINT('',(-71.,-27.9037119511963,3.30415214497152));
#3700=CARTESIAN_POINT('Origin',(-71.,-25.4275750622896,3.64874516679371));
#3701=CARTESIAN_POINT('',(-71.,-33.1287107740764,1.90782212873655));
#3702=CARTESIAN_POINT('Ctrl Pts',(-71.0000000000001,-27.9037104955014,3.30414335269468));
#3703=CARTESIAN_POINT('Ctrl Pts',(-71.0000000000001,-28.0514039961598,3.27969045205355));
#3704=CARTESIAN_POINT('Ctrl Pts',(-71.0000000000001,-28.5653827684307,3.19183527623498));
#3705=CARTESIAN_POINT('Ctrl Pts',(-71.0000000000001,-29.4427955919519,3.02423798748803));
#3706=CARTESIAN_POINT('Ctrl Pts',(-71.0000000000001,-30.5306047764457,2.77754392922285));
#3707=CARTESIAN_POINT('Ctrl Pts',(-71.0000000000001,-31.6065011518775,2.48274086832823));
#3708=CARTESIAN_POINT('Ctrl Pts',(-71.,-32.4726306461783,2.18794018998231));
#3709=CARTESIAN_POINT('Ctrl Pts',(-71.0000000000001,-32.9731694778546,1.97822684700694));
#3710=CARTESIAN_POINT('Ctrl Pts',(-71.0000000000001,-33.1287107740765,1.90782212873655));
#3711=CARTESIAN_POINT('',(-71.,-33.1287099897688,1.90781982978879));
#3712=CARTESIAN_POINT('',(-71.,7.76783998483635,1.61300626894953));
#3713=CARTESIAN_POINT('Origin',(-71.,7.76783998483635,0.));
#3714=CARTESIAN_POINT('',(-71.,-28.0954593810964,1.58739008747265));
#3715=CARTESIAN_POINT('Origin',(-71.,-28.0954593810964,0.));
#3716=CARTESIAN_POINT('',(-71.,10.4881577239684,-2.84606409069663));
#3717=CARTESIAN_POINT('',(-71.,15.4635128458418,-2.3612522559255));
#3718=CARTESIAN_POINT('',(-71.,10.4881577239684,-2.84606409069663));
#3719=CARTESIAN_POINT('Origin',(-71.,12.9808744282523,-2.65537210821151));
#3720=CARTESIAN_POINT('',(-71.,-2.95526661111269,3.84521502740874));
#3721=CARTESIAN_POINT('',(-71.,-7.94981796112509,4.05415979517058));
#3722=CARTESIAN_POINT('',(-71.,-2.95526661111267,3.84521502740875));
#3723=CARTESIAN_POINT('Origin',(-71.,-5.45037051026508,4.00160087214715));
#3724=CARTESIAN_POINT('',(-71.,-25.9420876712621,-3.57738803989715));
#3725=CARTESIAN_POINT('',(-71.,-20.9608903407287,-3.99795225398575));
#3726=CARTESIAN_POINT('',(-71.,-25.9420876712621,-3.57738803989715));
#3727=CARTESIAN_POINT('Origin',(-71.,-23.4558603583624,-3.83944480586881));
#3728=CARTESIAN_POINT('',(-71.,-7.46820028140699,-4.03980103798072));
#3729=CARTESIAN_POINT('',(-71.,-2.4750002791269,-3.80073025114983));
#3730=CARTESIAN_POINT('',(-71.,-7.468200281407,-4.03980103798072));
#3731=CARTESIAN_POINT('Origin',(-71.,-4.96911537400319,-3.97216505948896));
#3732=CARTESIAN_POINT('',(-71.,16.9750490409604,2.22564786565425));
#3733=CARTESIAN_POINT('',(-71.,11.999125748675,2.70459305372608));
#3734=CARTESIAN_POINT('',(-71.,16.9750490409604,2.22564786565425));
#3735=CARTESIAN_POINT('Origin',(-71.,14.4920655601286,2.51684030016458));
#3736=CARTESIAN_POINT('Origin',(-75.,-35.0370642130266,0.00386934032200942));
#3737=CARTESIAN_POINT('',(-75.,-22.9392555338239,3.89012866748902));
#3738=CARTESIAN_POINT('',(-75.0000000000001,25.1572291840699,1.35872912355525));
#3739=CARTESIAN_POINT('Ctrl Pts',(-75.0000000000001,-22.939255585402,3.89012926747611));
#3740=CARTESIAN_POINT('Ctrl Pts',(-75.0000000000001,-22.8972441761858,3.89347954157392));
#3741=CARTESIAN_POINT('Ctrl Pts',(-75.,-22.1140820609766,3.95530905233863));
#3742=CARTESIAN_POINT('Ctrl Pts',(-75.,-20.5880559861199,4.05341757950872));
#3743=CARTESIAN_POINT('Ctrl Pts',(-75.,-18.3595168557793,4.14622893556561));
#3744=CARTESIAN_POINT('Ctrl Pts',(-75.0000000000001,-16.1296953174393,4.19672279343607));
#3745=CARTESIAN_POINT('Ctrl Pts',(-75.,-13.155824670649,4.21486884210763));
#3746=CARTESIAN_POINT('Ctrl Pts',(-75.0000000000001,-9.43872622441918,4.15867492203629));
#3747=CARTESIAN_POINT('Ctrl Pts',(-75.,-4.98089224935203,3.9934896352555));
#3748=CARTESIAN_POINT('Ctrl Pts',(-75.0000000000001,-0.526686450759196,
3.75078730235609));
#3749=CARTESIAN_POINT('Ctrl Pts',(-75.0000000000001,3.92359906578659,3.4451251227191));
#3750=CARTESIAN_POINT('Ctrl Pts',(-75.,8.36999524905402,3.08785677072706));
#3751=CARTESIAN_POINT('Ctrl Pts',(-75.,12.812574055436,2.68592183309995));
#3752=CARTESIAN_POINT('Ctrl Pts',(-75.,18.4105353630271,2.12886626376527));
#3753=CARTESIAN_POINT('Ctrl Pts',(-75.,22.5239865875036,1.67168598949964));
#3754=CARTESIAN_POINT('Ctrl Pts',(-75.,25.1572288618969,1.35872916159165));
#3755=CARTESIAN_POINT('',(-75.0000000000001,25.1572034180296,-1.35079916794827));
#3756=CARTESIAN_POINT('Origin',(-75.,34.9629357869734,0.00386934032199311));
#3757=CARTESIAN_POINT('',(-75.,-33.128710776784,-1.90008345602258));
#3758=CARTESIAN_POINT('Ctrl Pts',(-75.,25.1572026022979,-1.35079925966519));
#3759=CARTESIAN_POINT('Ctrl Pts',(-75.,22.5239618421284,-1.66378375460752));
#3760=CARTESIAN_POINT('Ctrl Pts',(-75.,18.4105452782786,-2.12118608562733));
#3761=CARTESIAN_POINT('Ctrl Pts',(-75.0000000000001,12.8125664629163,-2.6780455406531));
#3762=CARTESIAN_POINT('Ctrl Pts',(-75.,8.36999327774322,-3.08002075562269));
#3763=CARTESIAN_POINT('Ctrl Pts',(-75.0000000000001,3.92360781105076,-3.43743897397122));
#3764=CARTESIAN_POINT('Ctrl Pts',(-75.,-0.526696999564213,-3.74305138385577));
#3765=CARTESIAN_POINT('Ctrl Pts',(-75.0000000000001,-4.98087053636191,-3.98557102213438));
#3766=CARTESIAN_POINT('Ctrl Pts',(-75.,-9.43876197304748,-4.15105361221425));
#3767=CARTESIAN_POINT('Ctrl Pts',(-75.,-13.1558351285057,-4.20718216930068));
#3768=CARTESIAN_POINT('Ctrl Pts',(-75.0000000000001,-16.1296745593701,-4.18888347150305));
#3769=CARTESIAN_POINT('Ctrl Pts',(-75.,-18.3595047815362,-4.13841784673845));
#3770=CARTESIAN_POINT('Ctrl Pts',(-75.0000000000001,-20.5881375627801,-4.04598956412722));
#3771=CARTESIAN_POINT('Ctrl Pts',(-75.,-22.8139806015819,-3.90249591113617));
#3772=CARTESIAN_POINT('Ctrl Pts',(-75.0000000000001,-25.0352174210516,-3.69805502555781));
#3773=CARTESIAN_POINT('Ctrl Pts',(-75.,-26.8794336213348,-3.46406269851517));
#3774=CARTESIAN_POINT('Ctrl Pts',(-75.0000000000001,-28.3473772893148,-3.22601236223712));
#3775=CARTESIAN_POINT('Ctrl Pts',(-75.,-29.4427841192324,-3.01647091325338));
#3776=CARTESIAN_POINT('Ctrl Pts',(-75.0000000000001,-30.530607855454,-2.76981286875108));
#3777=CARTESIAN_POINT('Ctrl Pts',(-75.0000000000001,-31.6065003085643,-2.47500010058599));
#3778=CARTESIAN_POINT('Ctrl Pts',(-75.,-32.4726307352204,-2.18020173011632));
#3779=CARTESIAN_POINT('Ctrl Pts',(-75.,-32.9731694935335,-1.97048820598656));
#3780=CARTESIAN_POINT('Ctrl Pts',(-75.,-33.128710776784,-1.90008345602258));
#3781=CARTESIAN_POINT('',(-75.,-33.1287102529093,1.90782097735045));
#3782=CARTESIAN_POINT('',(-75.,-33.1287099897688,-1.90008114914225));
#3783=CARTESIAN_POINT('',(-75.,-27.9037119511963,3.30415214497152));
#3784=CARTESIAN_POINT('Ctrl Pts',(-75.0000000000001,-33.1287107740765,1.90782212873655));
#3785=CARTESIAN_POINT('Ctrl Pts',(-75.,-32.9731694778545,1.97822684700694));
#3786=CARTESIAN_POINT('Ctrl Pts',(-75.,-32.4726306461783,2.18794018998231));
#3787=CARTESIAN_POINT('Ctrl Pts',(-75.0000000000001,-31.6065011518775,2.48274086832823));
#3788=CARTESIAN_POINT('Ctrl Pts',(-75.,-30.5306047764457,2.77754392922285));
#3789=CARTESIAN_POINT('Ctrl Pts',(-75.0000000000001,-29.4427955919519,3.02423798748803));
#3790=CARTESIAN_POINT('Ctrl Pts',(-75.,-28.5653827684307,3.19183527623498));
#3791=CARTESIAN_POINT('Ctrl Pts',(-75.,-28.0514039961598,3.27969045205355));
#3792=CARTESIAN_POINT('Ctrl Pts',(-75.,-27.9037104955014,3.30414335269468));
#3793=CARTESIAN_POINT('Origin',(-75.,-25.4275750622896,3.64874516679371));
#3794=CARTESIAN_POINT('',(-75.,-7.91867182920211,0.769094517692257));
#3795=CARTESIAN_POINT('Origin',(-75.,-7.91867182920211,0.));
#3796=CARTESIAN_POINT('',(-75.,15.4635128458418,-2.3612522559255));
#3797=CARTESIAN_POINT('',(-75.,10.4881577239684,-2.84606409069663));
#3798=CARTESIAN_POINT('',(-75.,15.4635128458418,-2.3612522559255));
#3799=CARTESIAN_POINT('Origin',(-75.,12.9808744282523,-2.65537210821151));
#3800=CARTESIAN_POINT('',(-75.,-7.94981796112509,4.05415979517058));
#3801=CARTESIAN_POINT('',(-75.,-2.95526661111269,3.84521502740874));
#3802=CARTESIAN_POINT('',(-75.,-7.94981796112508,4.05415979517058));
#3803=CARTESIAN_POINT('Origin',(-75.,-5.45037051026508,4.00160087214715));
#3804=CARTESIAN_POINT('',(-75.,-20.9608903407287,-3.99795225398575));
#3805=CARTESIAN_POINT('',(-75.,-25.9420876712621,-3.57738803989715));
#3806=CARTESIAN_POINT('',(-75.,-20.9608903407287,-3.99795225398575));
#3807=CARTESIAN_POINT('Origin',(-75.,-23.4558603583624,-3.83944480586881));
#3808=CARTESIAN_POINT('',(-75.,7.76783998483635,-1.61300626894953));
#3809=CARTESIAN_POINT('Origin',(-75.,7.76783998483635,0.));
#3810=CARTESIAN_POINT('',(-75.,-2.4750002791269,-3.80073025114983));
#3811=CARTESIAN_POINT('',(-75.,-7.46820028140699,-4.03980103798072));
#3812=CARTESIAN_POINT('',(-75.,-2.47500027912691,-3.80073025114983));
#3813=CARTESIAN_POINT('Origin',(-75.,-4.96911537400319,-3.97216505948896));
#3814=CARTESIAN_POINT('',(-75.,11.999125748675,2.70459305372608));
#3815=CARTESIAN_POINT('',(-75.,16.9750490409604,2.22564786565425));
#3816=CARTESIAN_POINT('',(-75.,11.999125748675,2.70459305372608));
#3817=CARTESIAN_POINT('Origin',(-75.,14.4920655601286,2.51684030016458));
#3818=CARTESIAN_POINT('',(-75.,-16.631784356308,2.00312284828911));
#3819=CARTESIAN_POINT('Origin',(-75.,-16.631784356308,0.00312284828911163));
#3820=CARTESIAN_POINT('Origin',(-1.,-35.0370642130266,0.00386934032200899));
#3821=CARTESIAN_POINT('Ctrl Pts',(-1.,-22.939255585402,3.89012926747611));
#3822=CARTESIAN_POINT('Ctrl Pts',(-1.,-23.6383457139347,3.83437908928983));
#3823=CARTESIAN_POINT('Ctrl Pts',(-1.,-25.0770326920436,3.70051749327082));
#3824=CARTESIAN_POINT('Ctrl Pts',(-1.,-26.7308361669073,3.4907517037824));
#3825=CARTESIAN_POINT('Ctrl Pts',(-1.,-27.6844231036965,3.34044770815573));
#3826=CARTESIAN_POINT('Ctrl Pts',(-1.,-27.9033332234302,3.30420581408974));
#3827=CARTESIAN_POINT('',(-1.,-22.9392554896639,3.89012806695015));
#3828=CARTESIAN_POINT('Origin',(-26.,-35.0370642130266,0.00386934032200899));
#3829=CARTESIAN_POINT('Ctrl Pts',(-26.,-22.939255585402,3.89012926747611));
#3830=CARTESIAN_POINT('Ctrl Pts',(-26.,-23.6383457139347,3.83437908928983));
#3831=CARTESIAN_POINT('Ctrl Pts',(-26.,-25.0770326920436,3.70051749327082));
#3832=CARTESIAN_POINT('Ctrl Pts',(-26.,-26.7308361669073,3.4907517037824));
#3833=CARTESIAN_POINT('Ctrl Pts',(-26.,-27.6844231036965,3.34044770815573));
#3834=CARTESIAN_POINT('Ctrl Pts',(-26.,-27.9033332234302,3.30420581408974));
#3835=CARTESIAN_POINT('',(-26.,-22.9392554896639,3.89012806695015));
#3836=CARTESIAN_POINT('Origin',(-22.,-35.0370642130266,0.00386934032200899));
#3837=CARTESIAN_POINT('',(-22.,-22.9392554896639,3.89012806695015));
#3838=CARTESIAN_POINT('Ctrl Pts',(-22.,-22.939255585402,3.89012926747611));
#3839=CARTESIAN_POINT('Ctrl Pts',(-22.,-23.6383457139347,3.83437908928983));
#3840=CARTESIAN_POINT('Ctrl Pts',(-22.,-25.0770326920436,3.70051749327082));
#3841=CARTESIAN_POINT('Ctrl Pts',(-22.,-26.7308361669075,3.49075170378237));
#3842=CARTESIAN_POINT('Ctrl Pts',(-22.,-27.6844231036969,3.34044770815567));
#3843=CARTESIAN_POINT('Ctrl Pts',(-22.,-27.9033332234308,3.30420581408965));
#3844=CARTESIAN_POINT('Origin',(-51.,-35.0370642130266,0.00386934032200899));
#3845=CARTESIAN_POINT('Ctrl Pts',(-51.,-22.939255585402,3.89012926747611));
#3846=CARTESIAN_POINT('Ctrl Pts',(-51.,-23.6383457139347,3.83437908928983));
#3847=CARTESIAN_POINT('Ctrl Pts',(-51.,-25.0770326920436,3.70051749327082));
#3848=CARTESIAN_POINT('Ctrl Pts',(-51.,-26.7308361669073,3.4907517037824));
#3849=CARTESIAN_POINT('Ctrl Pts',(-51.,-27.6844231036965,3.34044770815573));
#3850=CARTESIAN_POINT('Ctrl Pts',(-51.,-27.9033332234302,3.30420581408974));
#3851=CARTESIAN_POINT('',(-51.,-22.9392554896639,3.89012806695015));
#3852=CARTESIAN_POINT('Origin',(-47.,-35.0370642130266,0.00386934032200899));
#3853=CARTESIAN_POINT('',(-47.,-22.9392554896639,3.89012806695015));
#3854=CARTESIAN_POINT('Ctrl Pts',(-47.,-22.939255585402,3.89012926747611));
#3855=CARTESIAN_POINT('Ctrl Pts',(-47.,-23.6383457139347,3.83437908928983));
#3856=CARTESIAN_POINT('Ctrl Pts',(-47.,-25.0770326920436,3.70051749327082));
#3857=CARTESIAN_POINT('Ctrl Pts',(-47.,-26.7308361669071,3.49075170378243));
#3858=CARTESIAN_POINT('Ctrl Pts',(-47.,-27.684423103696,3.34044770815581));
#3859=CARTESIAN_POINT('Ctrl Pts',(-47.,-27.9033332234294,3.30420581408986));
#3860=CARTESIAN_POINT('Origin',(-71.,-35.0370642130266,0.00386934032200899));
#3861=CARTESIAN_POINT('',(-71.,-22.9392554896639,3.89012806695015));
#3862=CARTESIAN_POINT('Ctrl Pts',(-71.0000000000001,-22.939255585402,3.89012926747611));
#3863=CARTESIAN_POINT('Ctrl Pts',(-71.0000000000001,-23.6383457139347,3.83437908928983));
#3864=CARTESIAN_POINT('Ctrl Pts',(-71.,-25.0770326920436,3.70051749327082));
#3865=CARTESIAN_POINT('Ctrl Pts',(-71.0000000000001,-26.7308361669071,3.49075170378243));
#3866=CARTESIAN_POINT('Ctrl Pts',(-71.0000000000001,-27.684423103696,3.34044770815581));
#3867=CARTESIAN_POINT('Ctrl Pts',(-71.0000000000001,-27.9033332234294,3.30420581408986));
#3868=CARTESIAN_POINT('Origin',(-75.,-35.0370642130266,0.00386934032200942));
#3869=CARTESIAN_POINT('',(-75.,-27.9037135278997,3.30416092582178));
#3870=CARTESIAN_POINT('Ctrl Pts',(-75.,-27.9033332234295,3.30420581408985));
#3871=CARTESIAN_POINT('Ctrl Pts',(-75.,-27.684423103696,3.3404477081558));
#3872=CARTESIAN_POINT('Ctrl Pts',(-75.,-26.7308361669071,3.49075170378243));
#3873=CARTESIAN_POINT('Ctrl Pts',(-75.,-25.0770326920436,3.70051749327082));
#3874=CARTESIAN_POINT('Ctrl Pts',(-75.0000000000001,-23.6383457139347,3.83437908928984));
#3875=CARTESIAN_POINT('Ctrl Pts',(-75.0000000000001,-22.939255585402,3.89012926747611));
#3876=CARTESIAN_POINT('Origin',(-101.562270683483,-28.0954593810964,0.));
#3877=CARTESIAN_POINT('',(-101.562270683483,-28.0954593810964,1.58739008747265));
#3878=CARTESIAN_POINT('Origin',(-101.562270683483,7.76783998483635,0.));
#3879=CARTESIAN_POINT('',(-101.562270683483,7.76783998483635,1.61300626894953));
#3880=CARTESIAN_POINT('Origin',(-101.562270683483,-28.0954593810964,0.));
#3881=CARTESIAN_POINT('',(-101.562270683483,-28.0954593810964,1.58739008747265));
#3882=CARTESIAN_POINT('Origin',(-101.562270683483,-28.0954593810964,0.));
#3883=CARTESIAN_POINT('',(-101.562270683483,-28.0954593810964,1.58739008747265));
#3884=CARTESIAN_POINT('Ctrl Pts',(-1.,34.9629357869734,0.0920693403219931));
#3885=CARTESIAN_POINT('Ctrl Pts',(3.8,34.9629357869734,0.0920693403219931));
#3886=CARTESIAN_POINT('Ctrl Pts',(-1.,32.018064660065,0.505709300942899));
#3887=CARTESIAN_POINT('Ctrl Pts',(3.8,32.018064660065,0.505709300942899));
#3888=CARTESIAN_POINT('Ctrl Pts',(-1.,26.1194482087933,1.26910824731377));
#3889=CARTESIAN_POINT('Ctrl Pts',(3.8,26.1194482087933,1.26910824731377));
#3890=CARTESIAN_POINT('Ctrl Pts',(-1.,18.7309669615001,2.09697997575572));
#3891=CARTESIAN_POINT('Ctrl Pts',(3.8,18.7309669615001,2.09697997575572));
#3892=CARTESIAN_POINT('Ctrl Pts',(-1.,12.812574055436,2.68592183309995));
#3893=CARTESIAN_POINT('Ctrl Pts',(3.8,12.812574055436,2.68592183309995));
#3894=CARTESIAN_POINT('Ctrl Pts',(-1.,8.36999524905401,3.08785677072706));
#3895=CARTESIAN_POINT('Ctrl Pts',(3.8,8.36999524905401,3.08785677072706));
#3896=CARTESIAN_POINT('Ctrl Pts',(-1.,3.92359906578657,3.4451251227191));
#3897=CARTESIAN_POINT('Ctrl Pts',(3.8,3.92359906578657,3.4451251227191));
#3898=CARTESIAN_POINT('Ctrl Pts',(-1.,-0.526686450759213,3.75078730235609));
#3899=CARTESIAN_POINT('Ctrl Pts',(3.8,-0.526686450759213,3.75078730235609));
#3900=CARTESIAN_POINT('Ctrl Pts',(-1.,-4.98089224935204,3.99348963525551));
#3901=CARTESIAN_POINT('Ctrl Pts',(3.8,-4.98089224935204,3.99348963525551));
#3902=CARTESIAN_POINT('Ctrl Pts',(-1.,-9.4387262244192,4.15867492203629));
#3903=CARTESIAN_POINT('Ctrl Pts',(3.8,-9.4387262244192,4.15867492203629));
#3904=CARTESIAN_POINT('Ctrl Pts',(-1.,-13.155824670649,4.21486884210763));
#3905=CARTESIAN_POINT('Ctrl Pts',(3.8,-13.155824670649,4.21486884210763));
#3906=CARTESIAN_POINT('Ctrl Pts',(-1.,-16.1296953174393,4.19672279343607));
#3907=CARTESIAN_POINT('Ctrl Pts',(3.8,-16.1296953174393,4.19672279343607));
#3908=CARTESIAN_POINT('Ctrl Pts',(-1.,-18.3595168557793,4.1462289355656));
#3909=CARTESIAN_POINT('Ctrl Pts',(3.8,-18.3595168557793,4.1462289355656));
#3910=CARTESIAN_POINT('Ctrl Pts',(-1.,-20.5880559861199,4.05341757950872));
#3911=CARTESIAN_POINT('Ctrl Pts',(3.8,-20.5880559861199,4.05341757950872));
#3912=CARTESIAN_POINT('Ctrl Pts',(-1.,-22.8140030862095,3.91031098706807));
#3913=CARTESIAN_POINT('Ctrl Pts',(3.8,-22.8140030862095,3.91031098706807));
#3914=CARTESIAN_POINT('Ctrl Pts',(-1.,-25.0352129398373,3.70582184380044));
#3915=CARTESIAN_POINT('Ctrl Pts',(3.8,-25.0352129398373,3.70582184380044));
#3916=CARTESIAN_POINT('Ctrl Pts',(-1.,-26.8795144787894,3.47189358433484));
#3917=CARTESIAN_POINT('Ctrl Pts',(3.8,-26.8795144787894,3.47189358433484));
#3918=CARTESIAN_POINT('Ctrl Pts',(-1.,-28.3472765965364,3.23349639867194));
#3919=CARTESIAN_POINT('Ctrl Pts',(3.8,-28.3472765965364,3.23349639867194));
#3920=CARTESIAN_POINT('Ctrl Pts',(-1.,-29.4427955919519,3.02423798748803));
#3921=CARTESIAN_POINT('Ctrl Pts',(3.8,-29.4427955919519,3.02423798748803));
#3922=CARTESIAN_POINT('Ctrl Pts',(-1.,-30.5306047764457,2.77754392922285));
#3923=CARTESIAN_POINT('Ctrl Pts',(3.8,-30.5306047764457,2.77754392922285));
#3924=CARTESIAN_POINT('Ctrl Pts',(-1.,-31.6065011518776,2.48274086832822));
#3925=CARTESIAN_POINT('Ctrl Pts',(3.8,-31.6065011518776,2.48274086832822));
#3926=CARTESIAN_POINT('Ctrl Pts',(-1.,-32.4869943129665,2.1830512920282));
#3927=CARTESIAN_POINT('Ctrl Pts',(3.8,-32.4869943129665,2.1830512920282));
#3928=CARTESIAN_POINT('Ctrl Pts',(-1.,-33.1725188251606,1.8942859696024));
#3929=CARTESIAN_POINT('Ctrl Pts',(3.8,-33.1725188251606,1.8942859696024));
#3930=CARTESIAN_POINT('Ctrl Pts',(-1.,-33.6721751755358,1.6457516714005));
#3931=CARTESIAN_POINT('Ctrl Pts',(3.8,-33.6721751755358,1.6457516714005));
#3932=CARTESIAN_POINT('Ctrl Pts',(-1.,-34.1486781649905,1.35416788578589));
#3933=CARTESIAN_POINT('Ctrl Pts',(3.8,-34.1486781649905,1.35416788578589));
#3934=CARTESIAN_POINT('Ctrl Pts',(-1.,-34.5835803223464,1.00214815299177));
#3935=CARTESIAN_POINT('Ctrl Pts',(3.8,-34.5835803223464,1.00214815299177));
#3936=CARTESIAN_POINT('Ctrl Pts',(-1.,-34.8759479066646,0.632862454246766));
#3937=CARTESIAN_POINT('Ctrl Pts',(3.8,-34.8759479066646,0.632862454246766));
#3938=CARTESIAN_POINT('Ctrl Pts',(-1.,-35.013035994948,0.283497091064587));
#3939=CARTESIAN_POINT('Ctrl Pts',(3.8,-35.013035994948,0.283497091064587));
#3940=CARTESIAN_POINT('Ctrl Pts',(-1.,-35.0490783220638,0.00386934032801602));
#3941=CARTESIAN_POINT('Ctrl Pts',(3.8,-35.0490783220638,0.00386934032801602));
#3942=CARTESIAN_POINT('Ctrl Pts',(-1.,-35.0130359949565,-0.275758410444597));
#3943=CARTESIAN_POINT('Ctrl Pts',(3.8,-35.0130359949565,-0.275758410444597));
#3944=CARTESIAN_POINT('Ctrl Pts',(-1.,-34.8759479066167,-0.625123773482612));
#3945=CARTESIAN_POINT('Ctrl Pts',(3.8,-34.8759479066167,-0.625123773482612));
#3946=CARTESIAN_POINT('Ctrl Pts',(-1.,-34.5835803227346,-0.994409473308977));
#3947=CARTESIAN_POINT('Ctrl Pts',(3.8,-34.5835803227346,-0.994409473308977));
#3948=CARTESIAN_POINT('Ctrl Pts',(-1.,-34.148678163573,-1.34642920163344));
#3949=CARTESIAN_POINT('Ctrl Pts',(3.8,-34.148678163573,-1.34642920163344));
#3950=CARTESIAN_POINT('Ctrl Pts',(-1.,-33.6721751808179,-1.63801300382909));
#3951=CARTESIAN_POINT('Ctrl Pts',(3.8,-33.6721751808179,-1.63801300382909));
#3952=CARTESIAN_POINT('Ctrl Pts',(-1.,-33.1725188054497,-1.88654724017647));
#3953=CARTESIAN_POINT('Ctrl Pts',(3.8,-33.1725188054497,-1.88654724017647));
#3954=CARTESIAN_POINT('Ctrl Pts',(-1.,-32.4869944176185,-2.17531287038508));
#3955=CARTESIAN_POINT('Ctrl Pts',(3.8,-32.4869944176185,-2.17531287038508));
#3956=CARTESIAN_POINT('Ctrl Pts',(-1.,-31.6065003085643,-2.47500010058599));
#3957=CARTESIAN_POINT('Ctrl Pts',(3.8,-31.6065003085643,-2.47500010058599));
#3958=CARTESIAN_POINT('Ctrl Pts',(-1.,-30.530607855454,-2.76981286875108));
#3959=CARTESIAN_POINT('Ctrl Pts',(3.8,-30.530607855454,-2.76981286875108));
#3960=CARTESIAN_POINT('Ctrl Pts',(-1.,-29.4427841192324,-3.01647091325338));
#3961=CARTESIAN_POINT('Ctrl Pts',(3.8,-29.4427841192324,-3.01647091325338));
#3962=CARTESIAN_POINT('Ctrl Pts',(-1.,-28.3473772893148,-3.22601236223712));
#3963=CARTESIAN_POINT('Ctrl Pts',(3.8,-28.3473772893148,-3.22601236223712));
#3964=CARTESIAN_POINT('Ctrl Pts',(-1.,-26.8794336213348,-3.46406269851517));
#3965=CARTESIAN_POINT('Ctrl Pts',(3.8,-26.8794336213348,-3.46406269851517));
#3966=CARTESIAN_POINT('Ctrl Pts',(-1.,-25.0352174210516,-3.69805502555781));
#3967=CARTESIAN_POINT('Ctrl Pts',(3.8,-25.0352174210516,-3.69805502555781));
#3968=CARTESIAN_POINT('Ctrl Pts',(-1.,-22.8139806015819,-3.90249591113617));
#3969=CARTESIAN_POINT('Ctrl Pts',(3.8,-22.8139806015819,-3.90249591113617));
#3970=CARTESIAN_POINT('Ctrl Pts',(-1.,-20.5881375627801,-4.04598956412722));
#3971=CARTESIAN_POINT('Ctrl Pts',(3.8,-20.5881375627801,-4.04598956412722));
#3972=CARTESIAN_POINT('Ctrl Pts',(-1.,-18.3595047815362,-4.13841784673845));
#3973=CARTESIAN_POINT('Ctrl Pts',(3.8,-18.3595047815362,-4.13841784673845));
#3974=CARTESIAN_POINT('Ctrl Pts',(-1.,-16.1296745593701,-4.18888347150305));
#3975=CARTESIAN_POINT('Ctrl Pts',(3.8,-16.1296745593701,-4.18888347150305));
#3976=CARTESIAN_POINT('Ctrl Pts',(-1.,-13.1558351285057,-4.20718216930068));
#3977=CARTESIAN_POINT('Ctrl Pts',(3.8,-13.1558351285057,-4.20718216930068));
#3978=CARTESIAN_POINT('Ctrl Pts',(-1.,-9.43876197304748,-4.15105361221425));
#3979=CARTESIAN_POINT('Ctrl Pts',(3.8,-9.43876197304748,-4.15105361221425));
#3980=CARTESIAN_POINT('Ctrl Pts',(-1.,-4.98087053636191,-3.98557102213438));
#3981=CARTESIAN_POINT('Ctrl Pts',(3.8,-4.98087053636191,-3.98557102213438));
#3982=CARTESIAN_POINT('Ctrl Pts',(-1.,-0.526696999564213,-3.74305138385577));
#3983=CARTESIAN_POINT('Ctrl Pts',(3.8,-0.526696999564213,-3.74305138385577));
#3984=CARTESIAN_POINT('Ctrl Pts',(-1.,3.92360781105076,-3.43743897397122));
#3985=CARTESIAN_POINT('Ctrl Pts',(3.8,3.92360781105076,-3.43743897397122));
#3986=CARTESIAN_POINT('Ctrl Pts',(-1.,8.36999327774322,-3.08002075562269));
#3987=CARTESIAN_POINT('Ctrl Pts',(3.8,8.36999327774322,-3.08002075562269));
#3988=CARTESIAN_POINT('Ctrl Pts',(-1.,12.8125664629163,-2.6780455406531));
#3989=CARTESIAN_POINT('Ctrl Pts',(3.8,12.8125664629163,-2.6780455406531));
#3990=CARTESIAN_POINT('Ctrl Pts',(-1.,18.7309752683195,-2.08931128303993));
#3991=CARTESIAN_POINT('Ctrl Pts',(3.8,18.7309752683195,-2.08931128303993));
#3992=CARTESIAN_POINT('Ctrl Pts',(-1.,26.1193830933549,-1.2609900245685));
#3993=CARTESIAN_POINT('Ctrl Pts',(3.8,26.1193830933549,-1.2609900245685));
#3994=CARTESIAN_POINT('Ctrl Pts',(-1.,32.0180646600673,-0.497970620298721));
#3995=CARTESIAN_POINT('Ctrl Pts',(3.8,32.0180646600673,-0.497970620298721));
#3996=CARTESIAN_POINT('Ctrl Pts',(-1.,34.9629357869734,-0.0843306596780069));
#3997=CARTESIAN_POINT('Ctrl Pts',(3.8,34.9629357869734,-0.0843306596780069));
#3998=CARTESIAN_POINT('',(-1.,34.9629357869734,-0.0843306596780069));
#3999=CARTESIAN_POINT('',(3.,34.9629357869734,-0.0843306596780069));
#4000=CARTESIAN_POINT('',(-1.,34.9629357869734,-0.0843306596780069));
#4001=CARTESIAN_POINT('',(3.,34.9629357869734,0.0920693403219931));
#4002=CARTESIAN_POINT('Ctrl Pts',(3.,34.9629357869734,0.0920693403219931));
#4003=CARTESIAN_POINT('Ctrl Pts',(3.,32.018064660065,0.505709300942899));
#4004=CARTESIAN_POINT('Ctrl Pts',(3.,26.1194482087933,1.26910824731377));
#4005=CARTESIAN_POINT('Ctrl Pts',(3.,18.7309669615001,2.09697997575572));
#4006=CARTESIAN_POINT('Ctrl Pts',(3.,12.812574055436,2.68592183309995));
#4007=CARTESIAN_POINT('Ctrl Pts',(3.,8.36999524905401,3.08785677072706));
#4008=CARTESIAN_POINT('Ctrl Pts',(3.,3.92359906578657,3.4451251227191));
#4009=CARTESIAN_POINT('Ctrl Pts',(3.,-0.526686450759213,3.75078730235609));
#4010=CARTESIAN_POINT('Ctrl Pts',(3.,-4.98089224935204,3.99348963525551));
#4011=CARTESIAN_POINT('Ctrl Pts',(3.,-9.4387262244192,4.15867492203629));
#4012=CARTESIAN_POINT('Ctrl Pts',(3.,-13.155824670649,4.21486884210763));
#4013=CARTESIAN_POINT('Ctrl Pts',(3.,-16.1296953174393,4.19672279343607));
#4014=CARTESIAN_POINT('Ctrl Pts',(3.,-18.3595168557793,4.1462289355656));
#4015=CARTESIAN_POINT('Ctrl Pts',(3.,-20.5880559861199,4.05341757950872));
#4016=CARTESIAN_POINT('Ctrl Pts',(3.,-22.8140030862095,3.91031098706807));
#4017=CARTESIAN_POINT('Ctrl Pts',(3.,-25.0352129398373,3.70582184380044));
#4018=CARTESIAN_POINT('Ctrl Pts',(3.,-26.8795144787894,3.47189358433484));
#4019=CARTESIAN_POINT('Ctrl Pts',(3.,-28.3472765965364,3.23349639867194));
#4020=CARTESIAN_POINT('Ctrl Pts',(3.,-29.4427955919519,3.02423798748803));
#4021=CARTESIAN_POINT('Ctrl Pts',(3.,-30.5306047764457,2.77754392922285));
#4022=CARTESIAN_POINT('Ctrl Pts',(3.,-31.6065011518776,2.48274086832822));
#4023=CARTESIAN_POINT('Ctrl Pts',(3.,-32.4869943129665,2.1830512920282));
#4024=CARTESIAN_POINT('Ctrl Pts',(3.,-33.1725188251606,1.8942859696024));
#4025=CARTESIAN_POINT('Ctrl Pts',(3.,-33.6721751755358,1.6457516714005));
#4026=CARTESIAN_POINT('Ctrl Pts',(3.,-34.1486781649905,1.35416788578589));
#4027=CARTESIAN_POINT('Ctrl Pts',(3.,-34.5835803223464,1.00214815299177));
#4028=CARTESIAN_POINT('Ctrl Pts',(3.,-34.8759479066646,0.632862454246766));
#4029=CARTESIAN_POINT('Ctrl Pts',(3.,-35.013035994948,0.283497091064587));
#4030=CARTESIAN_POINT('Ctrl Pts',(3.,-35.0490783220638,0.00386934032801602));
#4031=CARTESIAN_POINT('Ctrl Pts',(3.,-35.0130359949565,-0.275758410444597));
#4032=CARTESIAN_POINT('Ctrl Pts',(3.,-34.8759479066167,-0.625123773482612));
#4033=CARTESIAN_POINT('Ctrl Pts',(3.,-34.5835803227346,-0.994409473308977));
#4034=CARTESIAN_POINT('Ctrl Pts',(3.,-34.148678163573,-1.34642920163344));
#4035=CARTESIAN_POINT('Ctrl Pts',(3.,-33.6721751808179,-1.63801300382909));
#4036=CARTESIAN_POINT('Ctrl Pts',(3.,-33.1725188054497,-1.88654724017647));
#4037=CARTESIAN_POINT('Ctrl Pts',(3.,-32.4869944176185,-2.17531287038508));
#4038=CARTESIAN_POINT('Ctrl Pts',(3.,-31.6065003085643,-2.47500010058599));
#4039=CARTESIAN_POINT('Ctrl Pts',(3.,-30.530607855454,-2.76981286875108));
#4040=CARTESIAN_POINT('Ctrl Pts',(3.,-29.4427841192324,-3.01647091325338));
#4041=CARTESIAN_POINT('Ctrl Pts',(3.,-28.3473772893148,-3.22601236223712));
#4042=CARTESIAN_POINT('Ctrl Pts',(3.,-26.8794336213348,-3.46406269851517));
#4043=CARTESIAN_POINT('Ctrl Pts',(3.,-25.0352174210516,-3.69805502555781));
#4044=CARTESIAN_POINT('Ctrl Pts',(3.,-22.8139806015819,-3.90249591113617));
#4045=CARTESIAN_POINT('Ctrl Pts',(3.,-20.5881375627801,-4.04598956412722));
#4046=CARTESIAN_POINT('Ctrl Pts',(3.,-18.3595047815362,-4.13841784673845));
#4047=CARTESIAN_POINT('Ctrl Pts',(3.,-16.1296745593701,-4.18888347150305));
#4048=CARTESIAN_POINT('Ctrl Pts',(3.,-13.1558351285057,-4.20718216930068));
#4049=CARTESIAN_POINT('Ctrl Pts',(3.,-9.43876197304748,-4.15105361221425));
#4050=CARTESIAN_POINT('Ctrl Pts',(3.,-4.98087053636191,-3.98557102213438));
#4051=CARTESIAN_POINT('Ctrl Pts',(3.,-0.526696999564213,-3.74305138385577));
#4052=CARTESIAN_POINT('Ctrl Pts',(3.,3.92360781105076,-3.43743897397122));
#4053=CARTESIAN_POINT('Ctrl Pts',(3.,8.36999327774322,-3.08002075562269));
#4054=CARTESIAN_POINT('Ctrl Pts',(3.,12.8125664629163,-2.6780455406531));
#4055=CARTESIAN_POINT('Ctrl Pts',(3.,18.7309752683195,-2.08931128303993));
#4056=CARTESIAN_POINT('Ctrl Pts',(3.,26.1193830933549,-1.2609900245685));
#4057=CARTESIAN_POINT('Ctrl Pts',(3.,32.0180646600673,-0.497970620298721));
#4058=CARTESIAN_POINT('Ctrl Pts',(3.,34.9629357869734,-0.0843306596780069));
#4059=CARTESIAN_POINT('',(-1.,34.9629357869734,0.0920693403219931));
#4060=CARTESIAN_POINT('',(-1.,34.9629357869734,0.0920693403219931));
#4061=CARTESIAN_POINT('Ctrl Pts',(-1.,34.9629357869734,0.0920693403219931));
#4062=CARTESIAN_POINT('Ctrl Pts',(-1.,32.018064660065,0.505709300942899));
#4063=CARTESIAN_POINT('Ctrl Pts',(-1.,28.7493956374825,0.92874044875326));
#4064=CARTESIAN_POINT('Ctrl Pts',(-1.,25.4769899832571,1.32072603990573));
#4065=CARTESIAN_POINT('Ctrl Pts',(-1.,25.1572290766511,1.35872913606844));
#4066=CARTESIAN_POINT('Ctrl Pts',(-1.,-33.1287099897715,-1.90008114914358));
#4067=CARTESIAN_POINT('Ctrl Pts',(-1.,-33.279886741337,-1.83166441195097));
#4068=CARTESIAN_POINT('Ctrl Pts',(-1.,-33.5839058236589,-1.68384493983347));
#4069=CARTESIAN_POINT('Ctrl Pts',(-1.,-34.0072820970761,-1.43748170096515));
#4070=CARTESIAN_POINT('Ctrl Pts',(-1.,-34.3766783153151,-1.16852516117597));
#4071=CARTESIAN_POINT('Ctrl Pts',(-1.,-34.6674551366369,-0.890455223406717));
#4072=CARTESIAN_POINT('Ctrl Pts',(-1.,-34.8789113446484,-0.602484161651113));
#4073=CARTESIAN_POINT('Ctrl Pts',(-1.,-35.0081960038193,-0.30320440732113));
#4074=CARTESIAN_POINT('Ctrl Pts',(-1.,-35.0511357869734,0.00386934032199228));
#4075=CARTESIAN_POINT('Ctrl Pts',(-1.,-35.0081960038193,0.310943087965122));
#4076=CARTESIAN_POINT('Ctrl Pts',(-1.,-34.8789113446485,0.610222842295089));
#4077=CARTESIAN_POINT('Ctrl Pts',(-1.,-34.6674551366369,0.898193904050717));
#4078=CARTESIAN_POINT('Ctrl Pts',(-1.,-34.3766783153151,1.17626384181994));
#4079=CARTESIAN_POINT('Ctrl Pts',(-1.,-34.0072820970761,1.44522038160915));
#4080=CARTESIAN_POINT('Ctrl Pts',(-1.,-33.5839058236581,1.69158362047795));
#4081=CARTESIAN_POINT('Ctrl Pts',(-1.,-33.2798867413353,1.83940309259582));
#4082=CARTESIAN_POINT('Ctrl Pts',(-1.,-33.1287099897688,1.90781982978879));
#4083=CARTESIAN_POINT('Ctrl Pts',(-1.,25.157202872678,-1.35079922752807));
#4084=CARTESIAN_POINT('Ctrl Pts',(-1.,25.4769608135738,-1.31279310230365));
#4085=CARTESIAN_POINT('Ctrl Pts',(-1.,28.7493620338446,-0.920791127286275));
#4086=CARTESIAN_POINT('Ctrl Pts',(-1.,32.0180646600673,-0.497970620298721));
#4087=CARTESIAN_POINT('Ctrl Pts',(-1.,34.9629357869734,-0.0843306596780069));
#4088=CARTESIAN_POINT('Origin',(-1.,34.9629357869734,0.00386934032199311));
#4089=CARTESIAN_POINT('Origin',(3.,34.9629357869734,0.00386934032199311));
#4090=CARTESIAN_POINT('',(-22.,34.9629357869734,-0.0843306596780069));
#4091=CARTESIAN_POINT('',(-22.,34.9629357869734,-0.0843306596780069));
#4092=CARTESIAN_POINT('',(-26.,34.9629357869734,-0.0843306596780069));
#4093=CARTESIAN_POINT('',(-26.,34.9629357869734,-0.0843306596780069));
#4094=CARTESIAN_POINT('',(-47.,34.9629357869734,-0.0843306596780069));
#4095=CARTESIAN_POINT('',(-47.,34.9629357869734,-0.0843306596780069));
#4096=CARTESIAN_POINT('',(-51.,34.9629357869734,-0.0843306596780069));
#4097=CARTESIAN_POINT('',(-51.,34.9629357869734,-0.0843306596780069));
#4098=CARTESIAN_POINT('',(-71.,34.9629357869734,-0.0843306596780069));
#4099=CARTESIAN_POINT('',(-71.,34.9629357869734,-0.0843306596780069));
#4100=CARTESIAN_POINT('',(-75.,34.9629357869734,-0.0843306596780069));
#4101=CARTESIAN_POINT('',(-75.,34.9629357869734,-0.0843306596780069));
#4102=CARTESIAN_POINT('',(-97.,34.9629357869734,-0.0843306596780069));
#4103=CARTESIAN_POINT('',(-75.,34.9629357869734,0.0920693403219931));
#4104=CARTESIAN_POINT('',(-97.,34.9629357869734,0.0920693403219931));
#4105=CARTESIAN_POINT('',(-71.,34.9629357869734,0.0920693403219931));
#4106=CARTESIAN_POINT('',(-75.,34.9629357869734,0.0920693403219931));
#4107=CARTESIAN_POINT('',(-51.,34.9629357869734,0.0920693403219931));
#4108=CARTESIAN_POINT('',(-71.,34.9629357869734,0.0920693403219931));
#4109=CARTESIAN_POINT('',(-47.,34.9629357869734,0.0920693403219931));
#4110=CARTESIAN_POINT('',(-51.,34.9629357869734,0.0920693403219931));
#4111=CARTESIAN_POINT('',(-26.,34.9629357869734,0.0920693403219931));
#4112=CARTESIAN_POINT('',(-47.,34.9629357869734,0.0920693403219931));
#4113=CARTESIAN_POINT('',(-22.,34.9629357869734,0.0920693403219931));
#4114=CARTESIAN_POINT('',(-26.,34.9629357869734,0.0920693403219931));
#4115=CARTESIAN_POINT('',(-22.,34.9629357869734,0.0920693403219931));
#4116=CARTESIAN_POINT('Origin',(-1.,-16.631784356308,0.00312284828911163));
#4117=CARTESIAN_POINT('',(3.,-16.631784356308,2.00312284828911));
#4118=CARTESIAN_POINT('',(-1.,-16.631784356308,2.00312284828911));
#4119=CARTESIAN_POINT('Origin',(3.,-16.631784356308,0.00312284828911163));
#4120=CARTESIAN_POINT('Origin',(3.,-35.0370642130266,0.00386934032200899));
#4121=CARTESIAN_POINT('',(3.00000000000001,-7.91867182920211,0.769094517692257));
#4122=CARTESIAN_POINT('Origin',(3.,-7.91867182920211,0.));
#4123=CARTESIAN_POINT('Ctrl Pts',(-26.,34.9629357869734,0.0920693403219931));
#4124=CARTESIAN_POINT('Ctrl Pts',(-21.2,34.9629357869734,0.0920693403219931));
#4125=CARTESIAN_POINT('Ctrl Pts',(-26.,32.018064660065,0.505709300942899));
#4126=CARTESIAN_POINT('Ctrl Pts',(-21.2,32.018064660065,0.505709300942899));
#4127=CARTESIAN_POINT('Ctrl Pts',(-26.,26.1194482087933,1.26910824731377));
#4128=CARTESIAN_POINT('Ctrl Pts',(-21.2,26.1194482087933,1.26910824731377));
#4129=CARTESIAN_POINT('Ctrl Pts',(-26.,18.7309669615001,2.09697997575572));
#4130=CARTESIAN_POINT('Ctrl Pts',(-21.2,18.7309669615001,2.09697997575572));
#4131=CARTESIAN_POINT('Ctrl Pts',(-26.,12.812574055436,2.68592183309995));
#4132=CARTESIAN_POINT('Ctrl Pts',(-21.2,12.812574055436,2.68592183309995));
#4133=CARTESIAN_POINT('Ctrl Pts',(-26.,8.36999524905401,3.08785677072706));
#4134=CARTESIAN_POINT('Ctrl Pts',(-21.2,8.36999524905401,3.08785677072706));
#4135=CARTESIAN_POINT('Ctrl Pts',(-26.,3.92359906578657,3.4451251227191));
#4136=CARTESIAN_POINT('Ctrl Pts',(-21.2,3.92359906578657,3.4451251227191));
#4137=CARTESIAN_POINT('Ctrl Pts',(-26.,-0.526686450759213,3.75078730235609));
#4138=CARTESIAN_POINT('Ctrl Pts',(-21.2,-0.526686450759213,3.75078730235609));
#4139=CARTESIAN_POINT('Ctrl Pts',(-26.,-4.98089224935204,3.99348963525551));
#4140=CARTESIAN_POINT('Ctrl Pts',(-21.2,-4.98089224935204,3.99348963525551));
#4141=CARTESIAN_POINT('Ctrl Pts',(-26.,-9.4387262244192,4.15867492203629));
#4142=CARTESIAN_POINT('Ctrl Pts',(-21.2,-9.4387262244192,4.15867492203629));
#4143=CARTESIAN_POINT('Ctrl Pts',(-26.,-13.155824670649,4.21486884210763));
#4144=CARTESIAN_POINT('Ctrl Pts',(-21.2,-13.155824670649,4.21486884210763));
#4145=CARTESIAN_POINT('Ctrl Pts',(-26.,-16.1296953174393,4.19672279343607));
#4146=CARTESIAN_POINT('Ctrl Pts',(-21.2,-16.1296953174393,4.19672279343607));
#4147=CARTESIAN_POINT('Ctrl Pts',(-26.,-18.3595168557793,4.1462289355656));
#4148=CARTESIAN_POINT('Ctrl Pts',(-21.2,-18.3595168557793,4.1462289355656));
#4149=CARTESIAN_POINT('Ctrl Pts',(-26.,-20.5880559861199,4.05341757950872));
#4150=CARTESIAN_POINT('Ctrl Pts',(-21.2,-20.5880559861199,4.05341757950872));
#4151=CARTESIAN_POINT('Ctrl Pts',(-26.,-22.8140030862095,3.91031098706807));
#4152=CARTESIAN_POINT('Ctrl Pts',(-21.2,-22.8140030862095,3.91031098706807));
#4153=CARTESIAN_POINT('Ctrl Pts',(-26.,-25.0352129398373,3.70582184380044));
#4154=CARTESIAN_POINT('Ctrl Pts',(-21.2,-25.0352129398373,3.70582184380044));
#4155=CARTESIAN_POINT('Ctrl Pts',(-26.,-26.8795144787894,3.47189358433484));
#4156=CARTESIAN_POINT('Ctrl Pts',(-21.2,-26.8795144787894,3.47189358433484));
#4157=CARTESIAN_POINT('Ctrl Pts',(-26.,-28.3472765965364,3.23349639867194));
#4158=CARTESIAN_POINT('Ctrl Pts',(-21.2,-28.3472765965364,3.23349639867194));
#4159=CARTESIAN_POINT('Ctrl Pts',(-26.,-29.4427955919519,3.02423798748803));
#4160=CARTESIAN_POINT('Ctrl Pts',(-21.2,-29.4427955919519,3.02423798748803));
#4161=CARTESIAN_POINT('Ctrl Pts',(-26.,-30.5306047764457,2.77754392922285));
#4162=CARTESIAN_POINT('Ctrl Pts',(-21.2,-30.5306047764457,2.77754392922285));
#4163=CARTESIAN_POINT('Ctrl Pts',(-26.,-31.6065011518776,2.48274086832822));
#4164=CARTESIAN_POINT('Ctrl Pts',(-21.2,-31.6065011518776,2.48274086832822));
#4165=CARTESIAN_POINT('Ctrl Pts',(-26.,-32.4869943129665,2.1830512920282));
#4166=CARTESIAN_POINT('Ctrl Pts',(-21.2,-32.4869943129665,2.1830512920282));
#4167=CARTESIAN_POINT('Ctrl Pts',(-26.,-33.1725188251606,1.8942859696024));
#4168=CARTESIAN_POINT('Ctrl Pts',(-21.2,-33.1725188251606,1.8942859696024));
#4169=CARTESIAN_POINT('Ctrl Pts',(-26.,-33.6721751755358,1.6457516714005));
#4170=CARTESIAN_POINT('Ctrl Pts',(-21.2,-33.6721751755358,1.6457516714005));
#4171=CARTESIAN_POINT('Ctrl Pts',(-26.,-34.1486781649905,1.35416788578589));
#4172=CARTESIAN_POINT('Ctrl Pts',(-21.2,-34.1486781649905,1.35416788578589));
#4173=CARTESIAN_POINT('Ctrl Pts',(-26.,-34.5835803223464,1.00214815299177));
#4174=CARTESIAN_POINT('Ctrl Pts',(-21.2,-34.5835803223464,1.00214815299177));
#4175=CARTESIAN_POINT('Ctrl Pts',(-26.,-34.8759479066646,0.632862454246766));
#4176=CARTESIAN_POINT('Ctrl Pts',(-21.2,-34.8759479066646,0.632862454246766));
#4177=CARTESIAN_POINT('Ctrl Pts',(-26.,-35.013035994948,0.283497091064587));
#4178=CARTESIAN_POINT('Ctrl Pts',(-21.2,-35.013035994948,0.283497091064587));
#4179=CARTESIAN_POINT('Ctrl Pts',(-26.,-35.0490783220638,0.00386934032801602));
#4180=CARTESIAN_POINT('Ctrl Pts',(-21.2,-35.0490783220638,0.00386934032801602));
#4181=CARTESIAN_POINT('Ctrl Pts',(-26.,-35.0130359949565,-0.275758410444597));
#4182=CARTESIAN_POINT('Ctrl Pts',(-21.2,-35.0130359949565,-0.275758410444597));
#4183=CARTESIAN_POINT('Ctrl Pts',(-26.,-34.8759479066167,-0.625123773482612));
#4184=CARTESIAN_POINT('Ctrl Pts',(-21.2,-34.8759479066167,-0.625123773482612));
#4185=CARTESIAN_POINT('Ctrl Pts',(-26.,-34.5835803227346,-0.994409473308977));
#4186=CARTESIAN_POINT('Ctrl Pts',(-21.2,-34.5835803227346,-0.994409473308977));
#4187=CARTESIAN_POINT('Ctrl Pts',(-26.,-34.148678163573,-1.34642920163344));
#4188=CARTESIAN_POINT('Ctrl Pts',(-21.2,-34.148678163573,-1.34642920163344));
#4189=CARTESIAN_POINT('Ctrl Pts',(-26.,-33.6721751808179,-1.63801300382909));
#4190=CARTESIAN_POINT('Ctrl Pts',(-21.2,-33.6721751808179,-1.63801300382909));
#4191=CARTESIAN_POINT('Ctrl Pts',(-26.,-33.1725188054497,-1.88654724017647));
#4192=CARTESIAN_POINT('Ctrl Pts',(-21.2,-33.1725188054497,-1.88654724017647));
#4193=CARTESIAN_POINT('Ctrl Pts',(-26.,-32.4869944176185,-2.17531287038508));
#4194=CARTESIAN_POINT('Ctrl Pts',(-21.2,-32.4869944176185,-2.17531287038508));
#4195=CARTESIAN_POINT('Ctrl Pts',(-26.,-31.6065003085643,-2.47500010058599));
#4196=CARTESIAN_POINT('Ctrl Pts',(-21.2,-31.6065003085643,-2.47500010058599));
#4197=CARTESIAN_POINT('Ctrl Pts',(-26.,-30.530607855454,-2.76981286875108));
#4198=CARTESIAN_POINT('Ctrl Pts',(-21.2,-30.530607855454,-2.76981286875108));
#4199=CARTESIAN_POINT('Ctrl Pts',(-26.,-29.4427841192324,-3.01647091325338));
#4200=CARTESIAN_POINT('Ctrl Pts',(-21.2,-29.4427841192324,-3.01647091325338));
#4201=CARTESIAN_POINT('Ctrl Pts',(-26.,-28.3473772893148,-3.22601236223712));
#4202=CARTESIAN_POINT('Ctrl Pts',(-21.2,-28.3473772893148,-3.22601236223712));
#4203=CARTESIAN_POINT('Ctrl Pts',(-26.,-26.8794336213348,-3.46406269851517));
#4204=CARTESIAN_POINT('Ctrl Pts',(-21.2,-26.8794336213348,-3.46406269851517));
#4205=CARTESIAN_POINT('Ctrl Pts',(-26.,-25.0352174210516,-3.69805502555781));
#4206=CARTESIAN_POINT('Ctrl Pts',(-21.2,-25.0352174210516,-3.69805502555781));
#4207=CARTESIAN_POINT('Ctrl Pts',(-26.,-22.8139806015819,-3.90249591113617));
#4208=CARTESIAN_POINT('Ctrl Pts',(-21.2,-22.8139806015819,-3.90249591113617));
#4209=CARTESIAN_POINT('Ctrl Pts',(-26.,-20.5881375627801,-4.04598956412722));
#4210=CARTESIAN_POINT('Ctrl Pts',(-21.2,-20.5881375627801,-4.04598956412722));
#4211=CARTESIAN_POINT('Ctrl Pts',(-26.,-18.3595047815362,-4.13841784673845));
#4212=CARTESIAN_POINT('Ctrl Pts',(-21.2,-18.3595047815362,-4.13841784673845));
#4213=CARTESIAN_POINT('Ctrl Pts',(-26.,-16.1296745593701,-4.18888347150305));
#4214=CARTESIAN_POINT('Ctrl Pts',(-21.2,-16.1296745593701,-4.18888347150305));
#4215=CARTESIAN_POINT('Ctrl Pts',(-26.,-13.1558351285057,-4.20718216930068));
#4216=CARTESIAN_POINT('Ctrl Pts',(-21.2,-13.1558351285057,-4.20718216930068));
#4217=CARTESIAN_POINT('Ctrl Pts',(-26.,-9.43876197304748,-4.15105361221425));
#4218=CARTESIAN_POINT('Ctrl Pts',(-21.2,-9.43876197304748,-4.15105361221425));
#4219=CARTESIAN_POINT('Ctrl Pts',(-26.,-4.98087053636191,-3.98557102213438));
#4220=CARTESIAN_POINT('Ctrl Pts',(-21.2,-4.98087053636191,-3.98557102213438));
#4221=CARTESIAN_POINT('Ctrl Pts',(-26.,-0.526696999564213,-3.74305138385577));
#4222=CARTESIAN_POINT('Ctrl Pts',(-21.2,-0.526696999564213,-3.74305138385577));
#4223=CARTESIAN_POINT('Ctrl Pts',(-26.,3.92360781105076,-3.43743897397122));
#4224=CARTESIAN_POINT('Ctrl Pts',(-21.2,3.92360781105076,-3.43743897397122));
#4225=CARTESIAN_POINT('Ctrl Pts',(-26.,8.36999327774322,-3.08002075562269));
#4226=CARTESIAN_POINT('Ctrl Pts',(-21.2,8.36999327774322,-3.08002075562269));
#4227=CARTESIAN_POINT('Ctrl Pts',(-26.,12.8125664629163,-2.6780455406531));
#4228=CARTESIAN_POINT('Ctrl Pts',(-21.2,12.8125664629163,-2.6780455406531));
#4229=CARTESIAN_POINT('Ctrl Pts',(-26.,18.7309752683195,-2.08931128303993));
#4230=CARTESIAN_POINT('Ctrl Pts',(-21.2,18.7309752683195,-2.08931128303993));
#4231=CARTESIAN_POINT('Ctrl Pts',(-26.,26.1193830933549,-1.2609900245685));
#4232=CARTESIAN_POINT('Ctrl Pts',(-21.2,26.1193830933549,-1.2609900245685));
#4233=CARTESIAN_POINT('Ctrl Pts',(-26.,32.0180646600673,-0.497970620298721));
#4234=CARTESIAN_POINT('Ctrl Pts',(-21.2,32.0180646600673,-0.497970620298721));
#4235=CARTESIAN_POINT('Ctrl Pts',(-26.,34.9629357869734,-0.0843306596780069));
#4236=CARTESIAN_POINT('Ctrl Pts',(-21.2,34.9629357869734,-0.0843306596780069));
#4237=CARTESIAN_POINT('Ctrl Pts',(-22.,25.1572028726779,-1.35079922752808));
#4238=CARTESIAN_POINT('Ctrl Pts',(-22.,25.4769608135738,-1.31279310230366));
#4239=CARTESIAN_POINT('Ctrl Pts',(-22.,28.7493620338446,-0.920791127286279));
#4240=CARTESIAN_POINT('Ctrl Pts',(-22.,32.0180646600673,-0.497970620298721));
#4241=CARTESIAN_POINT('Ctrl Pts',(-22.,34.9629357869734,-0.0843306596780069));
#4242=CARTESIAN_POINT('Ctrl Pts',(-22.,-33.1287099897688,1.90781982978879));
#4243=CARTESIAN_POINT('Ctrl Pts',(-22.,-33.2798867413353,1.83940309259582));
#4244=CARTESIAN_POINT('Ctrl Pts',(-22.,-33.5839058236581,1.69158362047795));
#4245=CARTESIAN_POINT('Ctrl Pts',(-22.,-34.0072820970761,1.44522038160915));
#4246=CARTESIAN_POINT('Ctrl Pts',(-22.,-34.3766783153151,1.17626384181994));
#4247=CARTESIAN_POINT('Ctrl Pts',(-22.,-34.6674551366369,0.898193904050717));
#4248=CARTESIAN_POINT('Ctrl Pts',(-22.,-34.8789113446485,0.610222842295089));
#4249=CARTESIAN_POINT('Ctrl Pts',(-22.,-35.0081960038193,0.310943087965122));
#4250=CARTESIAN_POINT('Ctrl Pts',(-22.,-35.0511357869734,0.00386934032199228));
#4251=CARTESIAN_POINT('Ctrl Pts',(-22.,-35.0081960038193,-0.30320440732113));
#4252=CARTESIAN_POINT('Ctrl Pts',(-22.,-34.8789113446484,-0.602484161651113));
#4253=CARTESIAN_POINT('Ctrl Pts',(-22.,-34.6674551366369,-0.890455223406717));
#4254=CARTESIAN_POINT('Ctrl Pts',(-22.,-34.3766783153151,-1.16852516117597));
#4255=CARTESIAN_POINT('Ctrl Pts',(-22.,-34.0072820970761,-1.43748170096515));
#4256=CARTESIAN_POINT('Ctrl Pts',(-22.,-33.5839058236589,-1.68384493983347));
#4257=CARTESIAN_POINT('Ctrl Pts',(-22.,-33.279886741337,-1.83166441195097));
#4258=CARTESIAN_POINT('Ctrl Pts',(-22.,-33.1287099897715,-1.90008114914358));
#4259=CARTESIAN_POINT('Ctrl Pts',(-22.,34.9629357869734,0.0920693403219931));
#4260=CARTESIAN_POINT('Ctrl Pts',(-22.,32.018064660065,0.505709300942899));
#4261=CARTESIAN_POINT('Ctrl Pts',(-22.,28.7493956374845,0.928740448753003));
#4262=CARTESIAN_POINT('Ctrl Pts',(-22.,25.4769899832611,1.32072603990525));
#4263=CARTESIAN_POINT('Ctrl Pts',(-22.,25.1572290766571,1.35872913606773));
#4264=CARTESIAN_POINT('Ctrl Pts',(-26.,34.9629357869734,0.0920693403219931));
#4265=CARTESIAN_POINT('Ctrl Pts',(-26.,32.018064660065,0.505709300942899));
#4266=CARTESIAN_POINT('Ctrl Pts',(-26.,28.7493956374825,0.92874044875326));
#4267=CARTESIAN_POINT('Ctrl Pts',(-26.,25.4769899832571,1.32072603990573));
#4268=CARTESIAN_POINT('Ctrl Pts',(-26.,25.1572290766511,1.35872913606844));
#4269=CARTESIAN_POINT('Ctrl Pts',(-26.,-33.1287109867957,1.90782203245059));
#4270=CARTESIAN_POINT('Ctrl Pts',(-26.,-33.1425245233482,1.90156942790308));
#4271=CARTESIAN_POINT('Ctrl Pts',(-26.,-33.3254860162862,1.81819848774457));
#4272=CARTESIAN_POINT('Ctrl Pts',(-26.,-33.6721751755358,1.6457516714005));
#4273=CARTESIAN_POINT('Ctrl Pts',(-26.,-34.1486781649905,1.35416788578589));
#4274=CARTESIAN_POINT('Ctrl Pts',(-26.,-34.5835803223464,1.00214815299177));
#4275=CARTESIAN_POINT('Ctrl Pts',(-26.,-34.8759479066646,0.632862454246766));
#4276=CARTESIAN_POINT('Ctrl Pts',(-26.,-35.013035994948,0.283497091064587));
#4277=CARTESIAN_POINT('Ctrl Pts',(-26.,-35.0490783220638,0.00386934032801602));
#4278=CARTESIAN_POINT('Ctrl Pts',(-26.,-35.0130359949565,-0.275758410444597));
#4279=CARTESIAN_POINT('Ctrl Pts',(-26.,-34.8759479066167,-0.625123773482612));
#4280=CARTESIAN_POINT('Ctrl Pts',(-26.,-34.5835803227346,-0.994409473308977));
#4281=CARTESIAN_POINT('Ctrl Pts',(-26.,-34.148678163573,-1.34642920163344));
#4282=CARTESIAN_POINT('Ctrl Pts',(-26.,-33.6721751808179,-1.63801300382909));
#4283=CARTESIAN_POINT('Ctrl Pts',(-26.,-33.3254860043293,-1.81045977720412));
#4284=CARTESIAN_POINT('Ctrl Pts',(-26.,-33.1425245255438,-1.8938307520832));
#4285=CARTESIAN_POINT('Ctrl Pts',(-26.,-33.1287109902356,-1.9000833594051));
#4286=CARTESIAN_POINT('Ctrl Pts',(-26.,25.1572028726779,-1.35079922752808));
#4287=CARTESIAN_POINT('Ctrl Pts',(-26.,25.4769608135738,-1.31279310230366));
#4288=CARTESIAN_POINT('Ctrl Pts',(-26.,28.7493620338446,-0.920791127286279));
#4289=CARTESIAN_POINT('Ctrl Pts',(-26.,32.0180646600673,-0.497970620298721));
#4290=CARTESIAN_POINT('Ctrl Pts',(-26.,34.9629357869734,-0.0843306596780069));
#4291=CARTESIAN_POINT('Origin',(-26.,-16.631784356308,0.00312284828911163));
#4292=CARTESIAN_POINT('',(-26.,-16.631784356308,2.00312284828911));
#4293=CARTESIAN_POINT('Ctrl Pts',(-51.,34.9629357869734,0.0920693403219931));
#4294=CARTESIAN_POINT('Ctrl Pts',(-46.1999999999999,34.9629357869734,0.0920693403219931));
#4295=CARTESIAN_POINT('Ctrl Pts',(-51.,32.018064660065,0.505709300942899));
#4296=CARTESIAN_POINT('Ctrl Pts',(-46.1999999999999,32.018064660065,0.505709300942899));
#4297=CARTESIAN_POINT('Ctrl Pts',(-51.,26.1194482087933,1.26910824731377));
#4298=CARTESIAN_POINT('Ctrl Pts',(-46.1999999999999,26.1194482087933,1.26910824731377));
#4299=CARTESIAN_POINT('Ctrl Pts',(-51.,18.7309669615001,2.09697997575572));
#4300=CARTESIAN_POINT('Ctrl Pts',(-46.1999999999999,18.7309669615001,2.09697997575572));
#4301=CARTESIAN_POINT('Ctrl Pts',(-51.,12.812574055436,2.68592183309995));
#4302=CARTESIAN_POINT('Ctrl Pts',(-46.1999999999999,12.812574055436,2.68592183309995));
#4303=CARTESIAN_POINT('Ctrl Pts',(-51.,8.36999524905401,3.08785677072706));
#4304=CARTESIAN_POINT('Ctrl Pts',(-46.1999999999999,8.36999524905401,3.08785677072706));
#4305=CARTESIAN_POINT('Ctrl Pts',(-51.,3.92359906578657,3.4451251227191));
#4306=CARTESIAN_POINT('Ctrl Pts',(-46.1999999999999,3.92359906578657,3.4451251227191));
#4307=CARTESIAN_POINT('Ctrl Pts',(-51.,-0.526686450759213,3.75078730235609));
#4308=CARTESIAN_POINT('Ctrl Pts',(-46.1999999999999,-0.526686450759213,
3.75078730235609));
#4309=CARTESIAN_POINT('Ctrl Pts',(-51.,-4.98089224935204,3.99348963525551));
#4310=CARTESIAN_POINT('Ctrl Pts',(-46.1999999999999,-4.98089224935204,3.99348963525551));
#4311=CARTESIAN_POINT('Ctrl Pts',(-51.,-9.4387262244192,4.15867492203629));
#4312=CARTESIAN_POINT('Ctrl Pts',(-46.1999999999999,-9.4387262244192,4.15867492203629));
#4313=CARTESIAN_POINT('Ctrl Pts',(-51.,-13.155824670649,4.21486884210763));
#4314=CARTESIAN_POINT('Ctrl Pts',(-46.1999999999999,-13.155824670649,4.21486884210763));
#4315=CARTESIAN_POINT('Ctrl Pts',(-51.,-16.1296953174393,4.19672279343607));
#4316=CARTESIAN_POINT('Ctrl Pts',(-46.1999999999999,-16.1296953174393,4.19672279343607));
#4317=CARTESIAN_POINT('Ctrl Pts',(-51.,-18.3595168557793,4.1462289355656));
#4318=CARTESIAN_POINT('Ctrl Pts',(-46.1999999999999,-18.3595168557793,4.1462289355656));
#4319=CARTESIAN_POINT('Ctrl Pts',(-51.,-20.5880559861199,4.05341757950872));
#4320=CARTESIAN_POINT('Ctrl Pts',(-46.1999999999999,-20.5880559861199,4.05341757950872));
#4321=CARTESIAN_POINT('Ctrl Pts',(-51.,-22.8140030862095,3.91031098706807));
#4322=CARTESIAN_POINT('Ctrl Pts',(-46.1999999999999,-22.8140030862095,3.91031098706807));
#4323=CARTESIAN_POINT('Ctrl Pts',(-51.,-25.0352129398373,3.70582184380044));
#4324=CARTESIAN_POINT('Ctrl Pts',(-46.1999999999999,-25.0352129398373,3.70582184380044));
#4325=CARTESIAN_POINT('Ctrl Pts',(-51.,-26.8795144787894,3.47189358433484));
#4326=CARTESIAN_POINT('Ctrl Pts',(-46.1999999999999,-26.8795144787894,3.47189358433484));
#4327=CARTESIAN_POINT('Ctrl Pts',(-51.,-28.3472765965364,3.23349639867194));
#4328=CARTESIAN_POINT('Ctrl Pts',(-46.1999999999999,-28.3472765965364,3.23349639867194));
#4329=CARTESIAN_POINT('Ctrl Pts',(-51.,-29.4427955919519,3.02423798748803));
#4330=CARTESIAN_POINT('Ctrl Pts',(-46.1999999999999,-29.4427955919519,3.02423798748803));
#4331=CARTESIAN_POINT('Ctrl Pts',(-51.,-30.5306047764457,2.77754392922285));
#4332=CARTESIAN_POINT('Ctrl Pts',(-46.1999999999999,-30.5306047764457,2.77754392922285));
#4333=CARTESIAN_POINT('Ctrl Pts',(-51.,-31.6065011518776,2.48274086832822));
#4334=CARTESIAN_POINT('Ctrl Pts',(-46.1999999999999,-31.6065011518776,2.48274086832822));
#4335=CARTESIAN_POINT('Ctrl Pts',(-51.,-32.4869943129665,2.1830512920282));
#4336=CARTESIAN_POINT('Ctrl Pts',(-46.1999999999999,-32.4869943129665,2.1830512920282));
#4337=CARTESIAN_POINT('Ctrl Pts',(-51.,-33.1725188251606,1.8942859696024));
#4338=CARTESIAN_POINT('Ctrl Pts',(-46.1999999999999,-33.1725188251606,1.8942859696024));
#4339=CARTESIAN_POINT('Ctrl Pts',(-51.,-33.6721751755358,1.6457516714005));
#4340=CARTESIAN_POINT('Ctrl Pts',(-46.1999999999999,-33.6721751755358,1.6457516714005));
#4341=CARTESIAN_POINT('Ctrl Pts',(-51.,-34.1486781649905,1.35416788578589));
#4342=CARTESIAN_POINT('Ctrl Pts',(-46.1999999999999,-34.1486781649905,1.35416788578589));
#4343=CARTESIAN_POINT('Ctrl Pts',(-51.,-34.5835803223464,1.00214815299177));
#4344=CARTESIAN_POINT('Ctrl Pts',(-46.1999999999999,-34.5835803223464,1.00214815299177));
#4345=CARTESIAN_POINT('Ctrl Pts',(-51.,-34.8759479066646,0.632862454246766));
#4346=CARTESIAN_POINT('Ctrl Pts',(-46.1999999999999,-34.8759479066646,0.632862454246766));
#4347=CARTESIAN_POINT('Ctrl Pts',(-51.,-35.013035994948,0.283497091064587));
#4348=CARTESIAN_POINT('Ctrl Pts',(-46.1999999999999,-35.013035994948,0.283497091064587));
#4349=CARTESIAN_POINT('Ctrl Pts',(-51.,-35.0490783220638,0.00386934032801602));
#4350=CARTESIAN_POINT('Ctrl Pts',(-46.1999999999999,-35.0490783220638,0.00386934032801602));
#4351=CARTESIAN_POINT('Ctrl Pts',(-51.,-35.0130359949565,-0.275758410444597));
#4352=CARTESIAN_POINT('Ctrl Pts',(-46.1999999999999,-35.0130359949565,-0.275758410444597));
#4353=CARTESIAN_POINT('Ctrl Pts',(-51.,-34.8759479066167,-0.625123773482612));
#4354=CARTESIAN_POINT('Ctrl Pts',(-46.1999999999999,-34.8759479066167,-0.625123773482612));
#4355=CARTESIAN_POINT('Ctrl Pts',(-51.,-34.5835803227346,-0.994409473308977));
#4356=CARTESIAN_POINT('Ctrl Pts',(-46.1999999999999,-34.5835803227346,-0.994409473308977));
#4357=CARTESIAN_POINT('Ctrl Pts',(-51.,-34.148678163573,-1.34642920163344));
#4358=CARTESIAN_POINT('Ctrl Pts',(-46.1999999999999,-34.148678163573,-1.34642920163344));
#4359=CARTESIAN_POINT('Ctrl Pts',(-51.,-33.6721751808179,-1.63801300382909));
#4360=CARTESIAN_POINT('Ctrl Pts',(-46.1999999999999,-33.6721751808179,-1.63801300382909));
#4361=CARTESIAN_POINT('Ctrl Pts',(-51.,-33.1725188054497,-1.88654724017647));
#4362=CARTESIAN_POINT('Ctrl Pts',(-46.1999999999999,-33.1725188054497,-1.88654724017647));
#4363=CARTESIAN_POINT('Ctrl Pts',(-51.,-32.4869944176185,-2.17531287038508));
#4364=CARTESIAN_POINT('Ctrl Pts',(-46.1999999999999,-32.4869944176185,-2.17531287038508));
#4365=CARTESIAN_POINT('Ctrl Pts',(-51.,-31.6065003085643,-2.47500010058599));
#4366=CARTESIAN_POINT('Ctrl Pts',(-46.1999999999999,-31.6065003085643,-2.47500010058599));
#4367=CARTESIAN_POINT('Ctrl Pts',(-51.,-30.530607855454,-2.76981286875108));
#4368=CARTESIAN_POINT('Ctrl Pts',(-46.1999999999999,-30.530607855454,-2.76981286875108));
#4369=CARTESIAN_POINT('Ctrl Pts',(-51.,-29.4427841192324,-3.01647091325338));
#4370=CARTESIAN_POINT('Ctrl Pts',(-46.1999999999999,-29.4427841192324,-3.01647091325338));
#4371=CARTESIAN_POINT('Ctrl Pts',(-51.,-28.3473772893148,-3.22601236223712));
#4372=CARTESIAN_POINT('Ctrl Pts',(-46.1999999999999,-28.3473772893148,-3.22601236223712));
#4373=CARTESIAN_POINT('Ctrl Pts',(-51.,-26.8794336213348,-3.46406269851517));
#4374=CARTESIAN_POINT('Ctrl Pts',(-46.1999999999999,-26.8794336213348,-3.46406269851517));
#4375=CARTESIAN_POINT('Ctrl Pts',(-51.,-25.0352174210516,-3.69805502555781));
#4376=CARTESIAN_POINT('Ctrl Pts',(-46.1999999999999,-25.0352174210516,-3.69805502555781));
#4377=CARTESIAN_POINT('Ctrl Pts',(-51.,-22.8139806015819,-3.90249591113617));
#4378=CARTESIAN_POINT('Ctrl Pts',(-46.1999999999999,-22.8139806015819,-3.90249591113617));
#4379=CARTESIAN_POINT('Ctrl Pts',(-51.,-20.5881375627801,-4.04598956412722));
#4380=CARTESIAN_POINT('Ctrl Pts',(-46.1999999999999,-20.5881375627801,-4.04598956412722));
#4381=CARTESIAN_POINT('Ctrl Pts',(-51.,-18.3595047815362,-4.13841784673845));
#4382=CARTESIAN_POINT('Ctrl Pts',(-46.1999999999999,-18.3595047815362,-4.13841784673845));
#4383=CARTESIAN_POINT('Ctrl Pts',(-51.,-16.1296745593701,-4.18888347150305));
#4384=CARTESIAN_POINT('Ctrl Pts',(-46.1999999999999,-16.1296745593701,-4.18888347150305));
#4385=CARTESIAN_POINT('Ctrl Pts',(-51.,-13.1558351285057,-4.20718216930068));
#4386=CARTESIAN_POINT('Ctrl Pts',(-46.1999999999999,-13.1558351285057,-4.20718216930068));
#4387=CARTESIAN_POINT('Ctrl Pts',(-51.,-9.43876197304748,-4.15105361221425));
#4388=CARTESIAN_POINT('Ctrl Pts',(-46.1999999999999,-9.43876197304748,-4.15105361221425));
#4389=CARTESIAN_POINT('Ctrl Pts',(-51.,-4.98087053636191,-3.98557102213438));
#4390=CARTESIAN_POINT('Ctrl Pts',(-46.1999999999999,-4.98087053636191,-3.98557102213438));
#4391=CARTESIAN_POINT('Ctrl Pts',(-51.,-0.526696999564213,-3.74305138385577));
#4392=CARTESIAN_POINT('Ctrl Pts',(-46.1999999999999,-0.526696999564213,
-3.74305138385577));
#4393=CARTESIAN_POINT('Ctrl Pts',(-51.,3.92360781105076,-3.43743897397122));
#4394=CARTESIAN_POINT('Ctrl Pts',(-46.1999999999999,3.92360781105076,-3.43743897397122));
#4395=CARTESIAN_POINT('Ctrl Pts',(-51.,8.36999327774322,-3.08002075562269));
#4396=CARTESIAN_POINT('Ctrl Pts',(-46.1999999999999,8.36999327774322,-3.08002075562269));
#4397=CARTESIAN_POINT('Ctrl Pts',(-51.,12.8125664629163,-2.6780455406531));
#4398=CARTESIAN_POINT('Ctrl Pts',(-46.1999999999999,12.8125664629163,-2.6780455406531));
#4399=CARTESIAN_POINT('Ctrl Pts',(-51.,18.7309752683195,-2.08931128303993));
#4400=CARTESIAN_POINT('Ctrl Pts',(-46.1999999999999,18.7309752683195,-2.08931128303993));
#4401=CARTESIAN_POINT('Ctrl Pts',(-51.,26.1193830933549,-1.2609900245685));
#4402=CARTESIAN_POINT('Ctrl Pts',(-46.1999999999999,26.1193830933549,-1.2609900245685));
#4403=CARTESIAN_POINT('Ctrl Pts',(-51.,32.0180646600673,-0.497970620298721));
#4404=CARTESIAN_POINT('Ctrl Pts',(-46.1999999999999,32.0180646600673,-0.497970620298721));
#4405=CARTESIAN_POINT('Ctrl Pts',(-51.,34.9629357869734,-0.0843306596780069));
#4406=CARTESIAN_POINT('Ctrl Pts',(-46.1999999999999,34.9629357869734,-0.0843306596780069));
#4407=CARTESIAN_POINT('Ctrl Pts',(-47.,25.1572028726779,-1.35079922752808));
#4408=CARTESIAN_POINT('Ctrl Pts',(-47.,25.4769608135738,-1.31279310230366));
#4409=CARTESIAN_POINT('Ctrl Pts',(-47.,28.7493620338446,-0.920791127286279));
#4410=CARTESIAN_POINT('Ctrl Pts',(-47.,32.0180646600673,-0.497970620298721));
#4411=CARTESIAN_POINT('Ctrl Pts',(-47.,34.9629357869734,-0.0843306596780069));
#4412=CARTESIAN_POINT('Ctrl Pts',(-47.,-33.1287109867901,1.90782203245316));
#4413=CARTESIAN_POINT('Ctrl Pts',(-47.,-33.1425245233444,1.9015694279048));
#4414=CARTESIAN_POINT('Ctrl Pts',(-47.,-33.3254860162843,1.81819848774549));
#4415=CARTESIAN_POINT('Ctrl Pts',(-47.,-33.6721751755358,1.6457516714005));
#4416=CARTESIAN_POINT('Ctrl Pts',(-47.,-34.1486781649905,1.35416788578589));
#4417=CARTESIAN_POINT('Ctrl Pts',(-47.,-34.5835803223464,1.00214815299177));
#4418=CARTESIAN_POINT('Ctrl Pts',(-47.,-34.8759479066646,0.632862454246766));
#4419=CARTESIAN_POINT('Ctrl Pts',(-47.,-35.013035994948,0.283497091064587));
#4420=CARTESIAN_POINT('Ctrl Pts',(-47.,-35.0490783220638,0.00386934032801602));
#4421=CARTESIAN_POINT('Ctrl Pts',(-47.,-35.0130359949565,-0.275758410444597));
#4422=CARTESIAN_POINT('Ctrl Pts',(-47.,-34.8759479066167,-0.625123773482612));
#4423=CARTESIAN_POINT('Ctrl Pts',(-47.,-34.5835803227346,-0.994409473308977));
#4424=CARTESIAN_POINT('Ctrl Pts',(-47.,-34.148678163573,-1.34642920163344));
#4425=CARTESIAN_POINT('Ctrl Pts',(-47.,-33.6721751808179,-1.63801300382909));
#4426=CARTESIAN_POINT('Ctrl Pts',(-47.,-33.3254860043283,-1.8104597772046));
#4427=CARTESIAN_POINT('Ctrl Pts',(-47.,-33.1425245255418,-1.89383075208409));
#4428=CARTESIAN_POINT('Ctrl Pts',(-47.,-33.1287109902327,-1.90008335940644));
#4429=CARTESIAN_POINT('Ctrl Pts',(-47.,34.9629357869734,0.0920693403219931));
#4430=CARTESIAN_POINT('Ctrl Pts',(-47.,32.018064660065,0.505709300942899));
#4431=CARTESIAN_POINT('Ctrl Pts',(-47.,28.7493956374845,0.928740448753003));
#4432=CARTESIAN_POINT('Ctrl Pts',(-47.,25.4769899832611,1.32072603990525));
#4433=CARTESIAN_POINT('Ctrl Pts',(-47.,25.1572290766571,1.35872913606773));
#4434=CARTESIAN_POINT('Ctrl Pts',(-51.,34.9629357869734,0.0920693403219931));
#4435=CARTESIAN_POINT('Ctrl Pts',(-51.,32.018064660065,0.505709300942899));
#4436=CARTESIAN_POINT('Ctrl Pts',(-51.,28.7493956374825,0.92874044875326));
#4437=CARTESIAN_POINT('Ctrl Pts',(-51.,25.4769899832571,1.32072603990573));
#4438=CARTESIAN_POINT('Ctrl Pts',(-51.,25.1572290766511,1.35872913606844));
#4439=CARTESIAN_POINT('Ctrl Pts',(-51.,-33.1287109867957,1.90782203245059));
#4440=CARTESIAN_POINT('Ctrl Pts',(-51.,-33.1425245233482,1.90156942790308));
#4441=CARTESIAN_POINT('Ctrl Pts',(-51.,-33.3254860162862,1.81819848774457));
#4442=CARTESIAN_POINT('Ctrl Pts',(-51.,-33.6721751755358,1.6457516714005));
#4443=CARTESIAN_POINT('Ctrl Pts',(-51.,-34.1486781649905,1.35416788578589));
#4444=CARTESIAN_POINT('Ctrl Pts',(-51.,-34.5835803223464,1.00214815299177));
#4445=CARTESIAN_POINT('Ctrl Pts',(-51.,-34.8759479066646,0.632862454246766));
#4446=CARTESIAN_POINT('Ctrl Pts',(-51.,-35.013035994948,0.283497091064587));
#4447=CARTESIAN_POINT('Ctrl Pts',(-51.,-35.0490783220638,0.00386934032801602));
#4448=CARTESIAN_POINT('Ctrl Pts',(-51.,-35.0130359949565,-0.275758410444597));
#4449=CARTESIAN_POINT('Ctrl Pts',(-51.,-34.8759479066167,-0.625123773482612));
#4450=CARTESIAN_POINT('Ctrl Pts',(-51.,-34.5835803227346,-0.994409473308977));
#4451=CARTESIAN_POINT('Ctrl Pts',(-51.,-34.148678163573,-1.34642920163344));
#4452=CARTESIAN_POINT('Ctrl Pts',(-51.,-33.6721751808179,-1.63801300382909));
#4453=CARTESIAN_POINT('Ctrl Pts',(-51.,-33.3254860043293,-1.81045977720412));
#4454=CARTESIAN_POINT('Ctrl Pts',(-51.,-33.1425245255438,-1.8938307520832));
#4455=CARTESIAN_POINT('Ctrl Pts',(-51.,-33.1287109902356,-1.9000833594051));
#4456=CARTESIAN_POINT('Ctrl Pts',(-51.,25.1572028726779,-1.35079922752808));
#4457=CARTESIAN_POINT('Ctrl Pts',(-51.,25.4769608135738,-1.31279310230366));
#4458=CARTESIAN_POINT('Ctrl Pts',(-51.,28.7493620338446,-0.920791127286279));
#4459=CARTESIAN_POINT('Ctrl Pts',(-51.,32.0180646600673,-0.497970620298721));
#4460=CARTESIAN_POINT('Ctrl Pts',(-51.,34.9629357869734,-0.0843306596780069));
#4461=CARTESIAN_POINT('Origin',(-51.,-16.631784356308,0.00312284828911163));
#4462=CARTESIAN_POINT('',(-51.,-16.631784356308,2.00312284828911));
#4463=CARTESIAN_POINT('Origin',(-101.562270683483,7.76783998483635,0.));
#4464=CARTESIAN_POINT('',(-101.562270683483,7.76783998483635,1.61300626894953));
#4465=CARTESIAN_POINT('Origin',(-101.562270683483,7.76783998483635,0.));
#4466=CARTESIAN_POINT('',(-101.562270683483,7.76783998483635,1.61300626894953));
#4467=CARTESIAN_POINT('Origin',(-101.,-7.91867182920211,0.));
#4468=CARTESIAN_POINT('',(-101.,-7.91867182920211,0.769094517692257));
#4469=CARTESIAN_POINT('Origin',(-101.,-7.91867182920211,0.));
#4470=CARTESIAN_POINT('',(-101.,-7.91867182920211,0.769094517692257));
#4471=CARTESIAN_POINT('Origin',(-101.,-7.91867182920211,0.));
#4472=CARTESIAN_POINT('',(-101.,-7.91867182920211,0.769094517692257));
#4473=CARTESIAN_POINT('Ctrl Pts',(-75.,34.9629357869734,0.0920693403219931));
#4474=CARTESIAN_POINT('Ctrl Pts',(-70.1999999999996,34.9629357869734,0.0920693403219931));
#4475=CARTESIAN_POINT('Ctrl Pts',(-75.,32.018064660065,0.505709300942897));
#4476=CARTESIAN_POINT('Ctrl Pts',(-70.1999999999996,32.018064660065,0.505709300942897));
#4477=CARTESIAN_POINT('Ctrl Pts',(-75.0000000000001,26.1194482087933,1.26910824731377));
#4478=CARTESIAN_POINT('Ctrl Pts',(-70.1999999999996,26.1194482087933,1.26910824731377));
#4479=CARTESIAN_POINT('Ctrl Pts',(-75.,18.7309669615001,2.09697997575572));
#4480=CARTESIAN_POINT('Ctrl Pts',(-70.1999999999996,18.7309669615001,2.09697997575572));
#4481=CARTESIAN_POINT('Ctrl Pts',(-75.,12.812574055436,2.68592183309995));
#4482=CARTESIAN_POINT('Ctrl Pts',(-70.1999999999996,12.812574055436,2.68592183309995));
#4483=CARTESIAN_POINT('Ctrl Pts',(-75.,8.36999524905402,3.08785677072706));
#4484=CARTESIAN_POINT('Ctrl Pts',(-70.1999999999996,8.36999524905402,3.08785677072706));
#4485=CARTESIAN_POINT('Ctrl Pts',(-75.0000000000001,3.92359906578659,3.4451251227191));
#4486=CARTESIAN_POINT('Ctrl Pts',(-70.1999999999996,3.92359906578659,3.4451251227191));
#4487=CARTESIAN_POINT('Ctrl Pts',(-75.0000000000001,-0.526686450759196,
3.75078730235609));
#4488=CARTESIAN_POINT('Ctrl Pts',(-70.1999999999996,-0.526686450759196,
3.75078730235609));
#4489=CARTESIAN_POINT('Ctrl Pts',(-75.,-4.98089224935203,3.9934896352555));
#4490=CARTESIAN_POINT('Ctrl Pts',(-70.1999999999996,-4.98089224935203,3.9934896352555));
#4491=CARTESIAN_POINT('Ctrl Pts',(-75.0000000000001,-9.43872622441918,4.15867492203629));
#4492=CARTESIAN_POINT('Ctrl Pts',(-70.1999999999996,-9.43872622441918,4.15867492203629));
#4493=CARTESIAN_POINT('Ctrl Pts',(-75.,-13.155824670649,4.21486884210763));
#4494=CARTESIAN_POINT('Ctrl Pts',(-70.1999999999996,-13.155824670649,4.21486884210763));
#4495=CARTESIAN_POINT('Ctrl Pts',(-75.0000000000001,-16.1296953174393,4.19672279343607));
#4496=CARTESIAN_POINT('Ctrl Pts',(-70.1999999999996,-16.1296953174393,4.19672279343607));
#4497=CARTESIAN_POINT('Ctrl Pts',(-75.,-18.3595168557793,4.14622893556561));
#4498=CARTESIAN_POINT('Ctrl Pts',(-70.1999999999996,-18.3595168557793,4.14622893556561));
#4499=CARTESIAN_POINT('Ctrl Pts',(-75.,-20.5880559861199,4.05341757950872));
#4500=CARTESIAN_POINT('Ctrl Pts',(-70.1999999999996,-20.5880559861199,4.05341757950872));
#4501=CARTESIAN_POINT('Ctrl Pts',(-75.0000000000001,-22.8140030862095,3.91031098706807));
#4502=CARTESIAN_POINT('Ctrl Pts',(-70.1999999999996,-22.8140030862095,3.91031098706807));
#4503=CARTESIAN_POINT('Ctrl Pts',(-75.,-25.0352129398372,3.70582184380044));
#4504=CARTESIAN_POINT('Ctrl Pts',(-70.1999999999996,-25.0352129398372,3.70582184380044));
#4505=CARTESIAN_POINT('Ctrl Pts',(-75.0000000000001,-26.8795144787894,3.47189358433485));
#4506=CARTESIAN_POINT('Ctrl Pts',(-70.1999999999996,-26.8795144787894,3.47189358433485));
#4507=CARTESIAN_POINT('Ctrl Pts',(-75.,-28.3472765965363,3.23349639867194));
#4508=CARTESIAN_POINT('Ctrl Pts',(-70.1999999999996,-28.3472765965363,3.23349639867194));
#4509=CARTESIAN_POINT('Ctrl Pts',(-75.0000000000001,-29.4427955919519,3.02423798748803));
#4510=CARTESIAN_POINT('Ctrl Pts',(-70.1999999999996,-29.4427955919519,3.02423798748803));
#4511=CARTESIAN_POINT('Ctrl Pts',(-75.,-30.5306047764457,2.77754392922285));
#4512=CARTESIAN_POINT('Ctrl Pts',(-70.1999999999996,-30.5306047764457,2.77754392922285));
#4513=CARTESIAN_POINT('Ctrl Pts',(-75.0000000000001,-31.6065011518775,2.48274086832823));
#4514=CARTESIAN_POINT('Ctrl Pts',(-70.1999999999996,-31.6065011518775,2.48274086832823));
#4515=CARTESIAN_POINT('Ctrl Pts',(-75.,-32.4869943129665,2.1830512920282));
#4516=CARTESIAN_POINT('Ctrl Pts',(-70.1999999999996,-32.4869943129665,2.1830512920282));
#4517=CARTESIAN_POINT('Ctrl Pts',(-75.0000000000001,-33.1725188251606,1.89428596960241));
#4518=CARTESIAN_POINT('Ctrl Pts',(-70.1999999999996,-33.1725188251606,1.89428596960241));
#4519=CARTESIAN_POINT('Ctrl Pts',(-75.,-33.6721751755358,1.6457516714005));
#4520=CARTESIAN_POINT('Ctrl Pts',(-70.1999999999996,-33.6721751755358,1.6457516714005));
#4521=CARTESIAN_POINT('Ctrl Pts',(-75.0000000000001,-34.1486781649905,1.3541678857859));
#4522=CARTESIAN_POINT('Ctrl Pts',(-70.1999999999996,-34.1486781649905,1.3541678857859));
#4523=CARTESIAN_POINT('Ctrl Pts',(-75.0000000000001,-34.5835803223464,1.00214815299178));
#4524=CARTESIAN_POINT('Ctrl Pts',(-70.1999999999996,-34.5835803223464,1.00214815299178));
#4525=CARTESIAN_POINT('Ctrl Pts',(-75.,-34.8759479066645,0.632862454246782));
#4526=CARTESIAN_POINT('Ctrl Pts',(-70.1999999999996,-34.8759479066645,0.632862454246782));
#4527=CARTESIAN_POINT('Ctrl Pts',(-75.0000000000001,-35.013035994948,0.283497091064597));
#4528=CARTESIAN_POINT('Ctrl Pts',(-70.1999999999996,-35.013035994948,0.283497091064597));
#4529=CARTESIAN_POINT('Ctrl Pts',(-75.,-35.0490783220638,0.00386934032803775));
#4530=CARTESIAN_POINT('Ctrl Pts',(-70.1999999999996,-35.0490783220638,0.00386934032803775));
#4531=CARTESIAN_POINT('Ctrl Pts',(-75.,-35.0130359949565,-0.275758410444599));
#4532=CARTESIAN_POINT('Ctrl Pts',(-70.1999999999996,-35.0130359949565,-0.275758410444599));
#4533=CARTESIAN_POINT('Ctrl Pts',(-75.0000000000001,-34.8759479066167,-0.62512377348261));
#4534=CARTESIAN_POINT('Ctrl Pts',(-70.1999999999996,-34.8759479066167,-0.62512377348261));
#4535=CARTESIAN_POINT('Ctrl Pts',(-75.,-34.5835803227346,-0.994409473308978));
#4536=CARTESIAN_POINT('Ctrl Pts',(-70.1999999999996,-34.5835803227346,-0.994409473308978));
#4537=CARTESIAN_POINT('Ctrl Pts',(-75.0000000000001,-34.148678163573,-1.34642920163344));
#4538=CARTESIAN_POINT('Ctrl Pts',(-70.1999999999996,-34.148678163573,-1.34642920163344));
#4539=CARTESIAN_POINT('Ctrl Pts',(-75.,-33.6721751808179,-1.63801300382909));
#4540=CARTESIAN_POINT('Ctrl Pts',(-70.1999999999996,-33.6721751808179,-1.63801300382909));
#4541=CARTESIAN_POINT('Ctrl Pts',(-75.,-33.1725188054497,-1.88654724017647));
#4542=CARTESIAN_POINT('Ctrl Pts',(-70.1999999999996,-33.1725188054497,-1.88654724017647));
#4543=CARTESIAN_POINT('Ctrl Pts',(-75.,-32.4869944176184,-2.17531287038508));
#4544=CARTESIAN_POINT('Ctrl Pts',(-70.1999999999996,-32.4869944176184,-2.17531287038508));
#4545=CARTESIAN_POINT('Ctrl Pts',(-75.0000000000001,-31.6065003085643,-2.47500010058599));
#4546=CARTESIAN_POINT('Ctrl Pts',(-70.1999999999996,-31.6065003085643,-2.47500010058599));
#4547=CARTESIAN_POINT('Ctrl Pts',(-75.0000000000001,-30.530607855454,-2.76981286875108));
#4548=CARTESIAN_POINT('Ctrl Pts',(-70.1999999999996,-30.530607855454,-2.76981286875108));
#4549=CARTESIAN_POINT('Ctrl Pts',(-75.,-29.4427841192324,-3.01647091325338));
#4550=CARTESIAN_POINT('Ctrl Pts',(-70.1999999999996,-29.4427841192324,-3.01647091325338));
#4551=CARTESIAN_POINT('Ctrl Pts',(-75.0000000000001,-28.3473772893148,-3.22601236223712));
#4552=CARTESIAN_POINT('Ctrl Pts',(-70.1999999999996,-28.3473772893148,-3.22601236223712));
#4553=CARTESIAN_POINT('Ctrl Pts',(-75.,-26.8794336213348,-3.46406269851517));
#4554=CARTESIAN_POINT('Ctrl Pts',(-70.1999999999996,-26.8794336213348,-3.46406269851517));
#4555=CARTESIAN_POINT('Ctrl Pts',(-75.0000000000001,-25.0352174210516,-3.69805502555781));
#4556=CARTESIAN_POINT('Ctrl Pts',(-70.1999999999996,-25.0352174210516,-3.69805502555781));
#4557=CARTESIAN_POINT('Ctrl Pts',(-75.,-22.8139806015819,-3.90249591113617));
#4558=CARTESIAN_POINT('Ctrl Pts',(-70.1999999999996,-22.8139806015819,-3.90249591113617));
#4559=CARTESIAN_POINT('Ctrl Pts',(-75.0000000000001,-20.5881375627801,-4.04598956412722));
#4560=CARTESIAN_POINT('Ctrl Pts',(-70.1999999999996,-20.5881375627801,-4.04598956412722));
#4561=CARTESIAN_POINT('Ctrl Pts',(-75.,-18.3595047815362,-4.13841784673845));
#4562=CARTESIAN_POINT('Ctrl Pts',(-70.1999999999996,-18.3595047815362,-4.13841784673845));
#4563=CARTESIAN_POINT('Ctrl Pts',(-75.0000000000001,-16.1296745593701,-4.18888347150305));
#4564=CARTESIAN_POINT('Ctrl Pts',(-70.1999999999996,-16.1296745593701,-4.18888347150305));
#4565=CARTESIAN_POINT('Ctrl Pts',(-75.,-13.1558351285057,-4.20718216930068));
#4566=CARTESIAN_POINT('Ctrl Pts',(-70.1999999999996,-13.1558351285057,-4.20718216930068));
#4567=CARTESIAN_POINT('Ctrl Pts',(-75.,-9.43876197304748,-4.15105361221425));
#4568=CARTESIAN_POINT('Ctrl Pts',(-70.1999999999996,-9.43876197304748,-4.15105361221425));
#4569=CARTESIAN_POINT('Ctrl Pts',(-75.0000000000001,-4.98087053636191,-3.98557102213438));
#4570=CARTESIAN_POINT('Ctrl Pts',(-70.1999999999996,-4.98087053636191,-3.98557102213438));
#4571=CARTESIAN_POINT('Ctrl Pts',(-75.,-0.526696999564213,-3.74305138385577));
#4572=CARTESIAN_POINT('Ctrl Pts',(-70.1999999999996,-0.526696999564213,
-3.74305138385577));
#4573=CARTESIAN_POINT('Ctrl Pts',(-75.0000000000001,3.92360781105076,-3.43743897397122));
#4574=CARTESIAN_POINT('Ctrl Pts',(-70.1999999999996,3.92360781105076,-3.43743897397122));
#4575=CARTESIAN_POINT('Ctrl Pts',(-75.,8.36999327774322,-3.08002075562269));
#4576=CARTESIAN_POINT('Ctrl Pts',(-70.1999999999996,8.36999327774322,-3.08002075562269));
#4577=CARTESIAN_POINT('Ctrl Pts',(-75.0000000000001,12.8125664629163,-2.6780455406531));
#4578=CARTESIAN_POINT('Ctrl Pts',(-70.1999999999996,12.8125664629163,-2.6780455406531));
#4579=CARTESIAN_POINT('Ctrl Pts',(-75.,18.7309752683195,-2.08931128303993));
#4580=CARTESIAN_POINT('Ctrl Pts',(-70.1999999999996,18.7309752683195,-2.08931128303993));
#4581=CARTESIAN_POINT('Ctrl Pts',(-75.,26.1193830933549,-1.2609900245685));
#4582=CARTESIAN_POINT('Ctrl Pts',(-70.1999999999996,26.1193830933549,-1.2609900245685));
#4583=CARTESIAN_POINT('Ctrl Pts',(-75.,32.0180646600673,-0.497970620298721));
#4584=CARTESIAN_POINT('Ctrl Pts',(-70.1999999999996,32.0180646600673,-0.497970620298721));
#4585=CARTESIAN_POINT('Ctrl Pts',(-75.,34.9629357869734,-0.0843306596780069));
#4586=CARTESIAN_POINT('Ctrl Pts',(-70.1999999999996,34.9629357869734,-0.0843306596780069));
#4587=CARTESIAN_POINT('Ctrl Pts',(-71.0000000000001,25.157202872678,-1.35079922752807));
#4588=CARTESIAN_POINT('Ctrl Pts',(-71.0000000000001,25.4769608135738,-1.31279310230365));
#4589=CARTESIAN_POINT('Ctrl Pts',(-71.0000000000001,28.7493620338446,-0.920791127286276));
#4590=CARTESIAN_POINT('Ctrl Pts',(-71.0000000000001,32.0180646600673,-0.497970620298721));
#4591=CARTESIAN_POINT('Ctrl Pts',(-71.0000000000001,34.9629357869734,-0.0843306596780069));
#4592=CARTESIAN_POINT('Ctrl Pts',(-71.0000000000001,-33.1287109867901,1.90782203245316));
#4593=CARTESIAN_POINT('Ctrl Pts',(-71.0000000000001,-33.1425245233444,1.9015694279048));
#4594=CARTESIAN_POINT('Ctrl Pts',(-71.0000000000001,-33.3254860162843,1.8181984877455));
#4595=CARTESIAN_POINT('Ctrl Pts',(-71.,-33.6721751755358,1.6457516714005));
#4596=CARTESIAN_POINT('Ctrl Pts',(-71.0000000000001,-34.1486781649905,1.3541678857859));
#4597=CARTESIAN_POINT('Ctrl Pts',(-71.0000000000001,-34.5835803223464,1.00214815299178));
#4598=CARTESIAN_POINT('Ctrl Pts',(-71.,-34.8759479066645,0.632862454246782));
#4599=CARTESIAN_POINT('Ctrl Pts',(-71.0000000000001,-35.013035994948,0.283497091064597));
#4600=CARTESIAN_POINT('Ctrl Pts',(-71.,-35.0490783220638,0.00386934032803775));
#4601=CARTESIAN_POINT('Ctrl Pts',(-71.,-35.0130359949565,-0.275758410444599));
#4602=CARTESIAN_POINT('Ctrl Pts',(-71.0000000000001,-34.8759479066167,-0.62512377348261));
#4603=CARTESIAN_POINT('Ctrl Pts',(-71.,-34.5835803227346,-0.994409473308978));
#4604=CARTESIAN_POINT('Ctrl Pts',(-71.0000000000001,-34.148678163573,-1.34642920163344));
#4605=CARTESIAN_POINT('Ctrl Pts',(-71.0000000000001,-33.6721751808179,-1.63801300382909));
#4606=CARTESIAN_POINT('Ctrl Pts',(-71.0000000000001,-33.3254860043283,-1.8104597772046));
#4607=CARTESIAN_POINT('Ctrl Pts',(-71.0000000000001,-33.1425245255419,-1.89383075208409));
#4608=CARTESIAN_POINT('Ctrl Pts',(-71.0000000000001,-33.1287109902327,-1.90008335940643));
#4609=CARTESIAN_POINT('Ctrl Pts',(-71.0000000000001,34.9629357869734,0.0920693403219931));
#4610=CARTESIAN_POINT('Ctrl Pts',(-71.0000000000001,32.018064660065,0.505709300942897));
#4611=CARTESIAN_POINT('Ctrl Pts',(-71.0000000000001,28.7493956374855,0.928740448752882));
#4612=CARTESIAN_POINT('Ctrl Pts',(-71.0000000000001,25.476989983263,1.32072603990503));
#4613=CARTESIAN_POINT('Ctrl Pts',(-71.0000000000001,25.1572290766599,1.3587291360674));
#4614=CARTESIAN_POINT('Ctrl Pts',(-75.0000000000001,25.1572290766599,1.3587291360674));
#4615=CARTESIAN_POINT('Ctrl Pts',(-75.0000000000001,25.476989983263,1.32072603990503));
#4616=CARTESIAN_POINT('Ctrl Pts',(-75.0000000000001,28.7493956374855,0.928740448752882));
#4617=CARTESIAN_POINT('Ctrl Pts',(-75.,32.018064660065,0.505709300942897));
#4618=CARTESIAN_POINT('Ctrl Pts',(-75.,34.9629357869734,0.0920693403219931));
#4619=CARTESIAN_POINT('Ctrl Pts',(-75.,-33.1287109902327,-1.90008335940643));
#4620=CARTESIAN_POINT('Ctrl Pts',(-75.,-33.1425245255419,-1.89383075208409));
#4621=CARTESIAN_POINT('Ctrl Pts',(-75.,-33.3254860043283,-1.8104597772046));
#4622=CARTESIAN_POINT('Ctrl Pts',(-75.,-33.6721751808179,-1.63801300382909));
#4623=CARTESIAN_POINT('Ctrl Pts',(-75.0000000000001,-34.148678163573,-1.34642920163344));
#4624=CARTESIAN_POINT('Ctrl Pts',(-75.,-34.5835803227346,-0.994409473308978));
#4625=CARTESIAN_POINT('Ctrl Pts',(-75.0000000000001,-34.8759479066167,-0.62512377348261));
#4626=CARTESIAN_POINT('Ctrl Pts',(-75.,-35.0130359949565,-0.275758410444599));
#4627=CARTESIAN_POINT('Ctrl Pts',(-75.,-35.0490783220638,0.00386934032803775));
#4628=CARTESIAN_POINT('Ctrl Pts',(-75.0000000000001,-35.013035994948,0.283497091064597));
#4629=CARTESIAN_POINT('Ctrl Pts',(-75.,-34.8759479066645,0.632862454246782));
#4630=CARTESIAN_POINT('Ctrl Pts',(-75.0000000000001,-34.5835803223464,1.00214815299178));
#4631=CARTESIAN_POINT('Ctrl Pts',(-75.0000000000001,-34.1486781649905,1.3541678857859));
#4632=CARTESIAN_POINT('Ctrl Pts',(-75.,-33.6721751755358,1.6457516714005));
#4633=CARTESIAN_POINT('Ctrl Pts',(-75.0000000000001,-33.3254860162843,1.8181984877455));
#4634=CARTESIAN_POINT('Ctrl Pts',(-75.0000000000001,-33.1425245233444,1.9015694279048));
#4635=CARTESIAN_POINT('Ctrl Pts',(-75.,-33.1287109867901,1.90782203245316));
#4636=CARTESIAN_POINT('Ctrl Pts',(-75.,34.9629357869734,-0.0843306596780069));
#4637=CARTESIAN_POINT('Ctrl Pts',(-75.,32.0180646600673,-0.497970620298721));
#4638=CARTESIAN_POINT('Ctrl Pts',(-75.,28.7493620338446,-0.920791127286278));
#4639=CARTESIAN_POINT('Ctrl Pts',(-75.,25.4769608135738,-1.31279310230365));
#4640=CARTESIAN_POINT('Ctrl Pts',(-75.,25.157202872678,-1.35079922752808));
#4641=CARTESIAN_POINT('Origin',(-72.,-35.0370642130266,0.00386934032200899));
#4642=CARTESIAN_POINT('',(-72.,-16.631784356308,2.00312284828911));
#4643=CARTESIAN_POINT('Origin',(-72.,-16.631784356308,0.00312284828911163));
#4644=CARTESIAN_POINT('Origin',(-76.,-16.631784356308,0.00312284828911163));
#4645=CARTESIAN_POINT('',(-76.,-16.631784356308,2.00312284828911));
#4646=CARTESIAN_POINT('Origin',(-72.,-35.0370642130266,0.00386934032200899));
#4647=CARTESIAN_POINT('',(-72.,-7.91867182920211,0.769094517692257));
#4648=CARTESIAN_POINT('Origin',(-72.,-7.91867182920211,0.));
#4649=CARTESIAN_POINT('Origin',(-101.,-7.91867182920211,0.));
#4650=CARTESIAN_POINT('',(-101.,-7.91867182920211,0.769094517692257));
#4651=CARTESIAN_POINT('Origin',(-97.,-25.4275750622896,3.64874516679371));
#4652=CARTESIAN_POINT('',(-97.,-27.9037135278997,3.30416092582177));
#4653=CARTESIAN_POINT('',(-97.,-22.9392554896639,3.89012806695015));
#4654=CARTESIAN_POINT('Origin',(-97.,-27.9037135278997,3.30416092582177));
#4655=CARTESIAN_POINT('Origin',(-97.,-25.4275750622896,3.64874516679371));
#4656=CARTESIAN_POINT('',(-71.,-22.9392554896639,3.89012806695015));
#4657=CARTESIAN_POINT('',(-71.,-27.9037135278997,3.30416092582177));
#4658=CARTESIAN_POINT('Origin',(-97.,-27.9037135278997,3.30416092582177));
#4659=CARTESIAN_POINT('Origin',(-97.,-25.4275750622896,3.64874516679371));
#4660=CARTESIAN_POINT('',(-47.,-22.9392554896639,3.89012806695015));
#4661=CARTESIAN_POINT('',(-47.,-27.9037135278997,3.30416092582177));
#4662=CARTESIAN_POINT('Origin',(-97.,-27.9037135278997,3.30416092582177));
#4663=CARTESIAN_POINT('Origin',(-97.,-27.9037135278997,3.30416092582177));
#4664=CARTESIAN_POINT('',(-22.,-22.9392554896639,3.89012806695015));
#4665=CARTESIAN_POINT('',(-22.,-27.9037135278997,3.30416092582177));
#4666=CARTESIAN_POINT('Origin',(-97.,-25.4275750622896,3.64874516679371));
#4667=CARTESIAN_POINT('Origin',(-97.,12.9808744282523,-2.65537210821151));
#4668=CARTESIAN_POINT('',(-97.,15.4635128458418,-2.3612522559255));
#4669=CARTESIAN_POINT('',(-97.,10.4881577239684,-2.84606409069663));
#4670=CARTESIAN_POINT('Origin',(-97.,15.4635128458418,-2.3612522559255));
#4671=CARTESIAN_POINT('Origin',(-97.,12.9808744282523,-2.65537210821151));
#4672=CARTESIAN_POINT('',(-71.,10.4881577239684,-2.84606409069663));
#4673=CARTESIAN_POINT('',(-71.,15.4635128458418,-2.3612522559255));
#4674=CARTESIAN_POINT('Origin',(-97.,15.4635128458418,-2.3612522559255));
#4675=CARTESIAN_POINT('Origin',(-97.,12.9808744282523,-2.65537210821151));
#4676=CARTESIAN_POINT('',(-47.,10.4881577239684,-2.84606409069663));
#4677=CARTESIAN_POINT('',(-47.,15.4635128458418,-2.3612522559255));
#4678=CARTESIAN_POINT('Origin',(-97.,15.4635128458418,-2.3612522559255));
#4679=CARTESIAN_POINT('Origin',(-97.,15.4635128458418,-2.3612522559255));
#4680=CARTESIAN_POINT('',(-22.,10.4881577239684,-2.84606409069663));
#4681=CARTESIAN_POINT('',(-22.,15.4635128458418,-2.3612522559255));
#4682=CARTESIAN_POINT('Origin',(-97.,12.9808744282523,-2.65537210821151));
#4683=CARTESIAN_POINT('Origin',(-97.,14.4920655601286,2.51684030016458));
#4684=CARTESIAN_POINT('',(-97.,11.999125748675,2.70459305372608));
#4685=CARTESIAN_POINT('',(-97.,16.9750490409604,2.22564786565425));
#4686=CARTESIAN_POINT('Origin',(-97.,11.999125748675,2.70459305372608));
#4687=CARTESIAN_POINT('Origin',(-97.,-5.45037051026508,4.00160087214715));
#4688=CARTESIAN_POINT('',(-97.,-7.94981796112509,4.05415979517058));
#4689=CARTESIAN_POINT('',(-97.,-2.95526661111269,3.84521502740874));
#4690=CARTESIAN_POINT('Origin',(-97.,-7.9498179611251,4.05415979517058));
#4691=CARTESIAN_POINT('Origin',(-97.,14.4920655601286,2.51684030016458));
#4692=CARTESIAN_POINT('',(-71.,16.9750490409604,2.22564786565425));
#4693=CARTESIAN_POINT('',(-71.,11.999125748675,2.70459305372608));
#4694=CARTESIAN_POINT('Origin',(-97.,11.999125748675,2.70459305372608));
#4695=CARTESIAN_POINT('Origin',(-97.,-5.45037051026508,4.00160087214715));
#4696=CARTESIAN_POINT('',(-71.,-2.95526661111269,3.84521502740874));
#4697=CARTESIAN_POINT('',(-71.,-7.94981796112509,4.05415979517058));
#4698=CARTESIAN_POINT('Origin',(-97.,-7.9498179611251,4.05415979517058));
#4699=CARTESIAN_POINT('Origin',(-97.,14.4920655601286,2.51684030016458));
#4700=CARTESIAN_POINT('',(-47.,16.9750490409604,2.22564786565425));
#4701=CARTESIAN_POINT('',(-47.,11.999125748675,2.70459305372608));
#4702=CARTESIAN_POINT('Origin',(-97.,11.999125748675,2.70459305372608));
#4703=CARTESIAN_POINT('Origin',(-97.,-5.45037051026508,4.00160087214715));
#4704=CARTESIAN_POINT('',(-47.,-2.95526661111269,3.84521502740874));
#4705=CARTESIAN_POINT('',(-47.,-7.94981796112509,4.05415979517058));
#4706=CARTESIAN_POINT('Origin',(-97.,-7.9498179611251,4.05415979517058));
#4707=CARTESIAN_POINT('Origin',(-97.,11.999125748675,2.70459305372608));
#4708=CARTESIAN_POINT('',(-22.,16.9750490409604,2.22564786565425));
#4709=CARTESIAN_POINT('',(-22.,11.999125748675,2.70459305372608));
#4710=CARTESIAN_POINT('Origin',(-97.,14.4920655601286,2.51684030016458));
#4711=CARTESIAN_POINT('Origin',(-97.,-7.9498179611251,4.05415979517058));
#4712=CARTESIAN_POINT('',(-22.,-2.95526661111269,3.84521502740874));
#4713=CARTESIAN_POINT('',(-22.,-7.94981796112509,4.05415979517058));
#4714=CARTESIAN_POINT('Origin',(-97.,-5.45037051026508,4.00160087214715));
#4715=CARTESIAN_POINT('Ctrl Pts',(-75.,-33.1287099897715,-1.90008114914358));
#4716=CARTESIAN_POINT('Ctrl Pts',(-101.4,-33.1287099897715,-1.90008114914358));
#4717=CARTESIAN_POINT('Ctrl Pts',(-75.,-33.3438723638073,-1.80270699970787));
#4718=CARTESIAN_POINT('Ctrl Pts',(-101.4,-33.3438723638073,-1.80270699970787));
#4719=CARTESIAN_POINT('Ctrl Pts',(-75.,-33.766649067759,-1.59119720539583));
#4720=CARTESIAN_POINT('Ctrl Pts',(-101.4,-33.766649067759,-1.59119720539583));
#4721=CARTESIAN_POINT('Ctrl Pts',(-75.,-34.262041703134,-1.26611554914315));
#4722=CARTESIAN_POINT('Ctrl Pts',(-101.4,-34.262041703134,-1.26611554914315));
#4723=CARTESIAN_POINT('Ctrl Pts',(-75.,-34.6125599607177,-0.947562165027662));
#4724=CARTESIAN_POINT('Ctrl Pts',(-101.4,-34.6125599607177,-0.947562165027662));
#4725=CARTESIAN_POINT('Ctrl Pts',(-75.,-34.8372402491777,-0.671313949344491));
#4726=CARTESIAN_POINT('Ctrl Pts',(-101.4,-34.8372402491777,-0.671313949344491));
#4727=CARTESIAN_POINT('Ctrl Pts',(-75.,-34.9977043512674,-0.351187730827467));
#4728=CARTESIAN_POINT('Ctrl Pts',(-101.4,-34.9977043512674,-0.351187730827467));
#4729=CARTESIAN_POINT('Ctrl Pts',(-75.,-35.0567441439064,0.00386934032354096));
#4730=CARTESIAN_POINT('Ctrl Pts',(-101.4,-35.0567441439064,0.00386934032354096));
#4731=CARTESIAN_POINT('Ctrl Pts',(-75.,-34.9977043512664,0.358926411474229));
#4732=CARTESIAN_POINT('Ctrl Pts',(-101.4,-34.9977043512664,0.358926411474229));
#4733=CARTESIAN_POINT('Ctrl Pts',(-75.,-34.8372402491761,0.679052629990955));
#4734=CARTESIAN_POINT('Ctrl Pts',(-101.4,-34.8372402491761,0.679052629990955));
#4735=CARTESIAN_POINT('Ctrl Pts',(-75.,-34.6125599607157,0.95530084567374));
#4736=CARTESIAN_POINT('Ctrl Pts',(-101.4,-34.6125599607157,0.95530084567374));
#4737=CARTESIAN_POINT('Ctrl Pts',(-75.,-34.2620417031316,1.27385422978895));
#4738=CARTESIAN_POINT('Ctrl Pts',(-101.4,-34.2620417031316,1.27385422978895));
#4739=CARTESIAN_POINT('Ctrl Pts',(-75.,-33.7666490677565,1.59893588604124));
#4740=CARTESIAN_POINT('Ctrl Pts',(-101.4,-33.7666490677565,1.59893588604124));
#4741=CARTESIAN_POINT('Ctrl Pts',(-75.,-33.3438723638047,1.81044568035315));
#4742=CARTESIAN_POINT('Ctrl Pts',(-101.4,-33.3438723638047,1.81044568035315));
#4743=CARTESIAN_POINT('Ctrl Pts',(-75.,-33.1287099897688,1.90781982978879));
#4744=CARTESIAN_POINT('Ctrl Pts',(-101.4,-33.1287099897688,1.90781982978879));
#4745=CARTESIAN_POINT('',(-75.,-33.1287099897688,-1.90008114914225));
#4746=CARTESIAN_POINT('',(-75.,-33.1287099897688,1.90781982978879));
#4747=CARTESIAN_POINT('Origin',(3.26565713707883,-33.1287099897688,1.90781982978879));
#4748=CARTESIAN_POINT('Origin',(3.26565713707883,-33.1287099897688,1.90781982978879));
#4749=CARTESIAN_POINT('',(-51.,-33.1287099897688,1.90781982978879));
#4750=CARTESIAN_POINT('',(-51.,-33.1287099897688,-1.90008114914225));
#4751=CARTESIAN_POINT('Ctrl Pts',(-51.,-33.1287099897715,-1.90008114914358));
#4752=CARTESIAN_POINT('Ctrl Pts',(-75.,-33.1287099897715,-1.90008114914358));
#4753=CARTESIAN_POINT('Ctrl Pts',(-51.,-33.3438723638073,-1.80270699970787));
#4754=CARTESIAN_POINT('Ctrl Pts',(-75.,-33.3438723638073,-1.80270699970787));
#4755=CARTESIAN_POINT('Ctrl Pts',(-51.,-33.766649067759,-1.59119720539583));
#4756=CARTESIAN_POINT('Ctrl Pts',(-75.,-33.766649067759,-1.59119720539583));
#4757=CARTESIAN_POINT('Ctrl Pts',(-51.,-34.262041703134,-1.26611554914315));
#4758=CARTESIAN_POINT('Ctrl Pts',(-75.,-34.262041703134,-1.26611554914315));
#4759=CARTESIAN_POINT('Ctrl Pts',(-51.,-34.6125599607177,-0.947562165027662));
#4760=CARTESIAN_POINT('Ctrl Pts',(-75.,-34.6125599607177,-0.947562165027662));
#4761=CARTESIAN_POINT('Ctrl Pts',(-51.,-34.8372402491777,-0.671313949344491));
#4762=CARTESIAN_POINT('Ctrl Pts',(-75.,-34.8372402491777,-0.671313949344491));
#4763=CARTESIAN_POINT('Ctrl Pts',(-51.,-34.9977043512674,-0.351187730827467));
#4764=CARTESIAN_POINT('Ctrl Pts',(-75.,-34.9977043512674,-0.351187730827467));
#4765=CARTESIAN_POINT('Ctrl Pts',(-51.,-35.0567441439064,0.00386934032354096));
#4766=CARTESIAN_POINT('Ctrl Pts',(-75.,-35.0567441439064,0.00386934032354096));
#4767=CARTESIAN_POINT('Ctrl Pts',(-51.,-34.9977043512664,0.358926411474229));
#4768=CARTESIAN_POINT('Ctrl Pts',(-75.,-34.9977043512664,0.358926411474229));
#4769=CARTESIAN_POINT('Ctrl Pts',(-51.,-34.8372402491761,0.679052629990955));
#4770=CARTESIAN_POINT('Ctrl Pts',(-75.,-34.8372402491761,0.679052629990955));
#4771=CARTESIAN_POINT('Ctrl Pts',(-51.,-34.6125599607157,0.95530084567374));
#4772=CARTESIAN_POINT('Ctrl Pts',(-75.,-34.6125599607157,0.95530084567374));
#4773=CARTESIAN_POINT('Ctrl Pts',(-51.,-34.2620417031316,1.27385422978895));
#4774=CARTESIAN_POINT('Ctrl Pts',(-75.,-34.2620417031316,1.27385422978895));
#4775=CARTESIAN_POINT('Ctrl Pts',(-51.,-33.7666490677565,1.59893588604124));
#4776=CARTESIAN_POINT('Ctrl Pts',(-75.,-33.7666490677565,1.59893588604124));
#4777=CARTESIAN_POINT('Ctrl Pts',(-51.,-33.3438723638047,1.81044568035315));
#4778=CARTESIAN_POINT('Ctrl Pts',(-75.,-33.3438723638047,1.81044568035315));
#4779=CARTESIAN_POINT('Ctrl Pts',(-51.,-33.1287099897688,1.90781982978879));
#4780=CARTESIAN_POINT('Ctrl Pts',(-75.,-33.1287099897688,1.90781982978879));
#4781=CARTESIAN_POINT('Origin',(3.26565713707883,-33.1287099897688,1.90781982978879));
#4782=CARTESIAN_POINT('',(-26.,-33.1287099897688,1.90781982978879));
#4783=CARTESIAN_POINT('',(-26.,-33.1287099897688,-1.90008114914225));
#4784=CARTESIAN_POINT('Ctrl Pts',(-26.,-33.1287099897715,-1.90008114914358));
#4785=CARTESIAN_POINT('Ctrl Pts',(-51.2,-33.1287099897715,-1.90008114914358));
#4786=CARTESIAN_POINT('Ctrl Pts',(-26.,-33.3438723638073,-1.80270699970787));
#4787=CARTESIAN_POINT('Ctrl Pts',(-51.2,-33.3438723638073,-1.80270699970787));
#4788=CARTESIAN_POINT('Ctrl Pts',(-26.,-33.766649067759,-1.59119720539583));
#4789=CARTESIAN_POINT('Ctrl Pts',(-51.2,-33.766649067759,-1.59119720539583));
#4790=CARTESIAN_POINT('Ctrl Pts',(-26.,-34.262041703134,-1.26611554914315));
#4791=CARTESIAN_POINT('Ctrl Pts',(-51.2,-34.262041703134,-1.26611554914315));
#4792=CARTESIAN_POINT('Ctrl Pts',(-26.,-34.6125599607177,-0.947562165027662));
#4793=CARTESIAN_POINT('Ctrl Pts',(-51.2,-34.6125599607177,-0.947562165027662));
#4794=CARTESIAN_POINT('Ctrl Pts',(-26.,-34.8372402491777,-0.671313949344491));
#4795=CARTESIAN_POINT('Ctrl Pts',(-51.2,-34.8372402491777,-0.671313949344491));
#4796=CARTESIAN_POINT('Ctrl Pts',(-26.,-34.9977043512674,-0.351187730827467));
#4797=CARTESIAN_POINT('Ctrl Pts',(-51.2,-34.9977043512674,-0.351187730827467));
#4798=CARTESIAN_POINT('Ctrl Pts',(-26.,-35.0567441439064,0.00386934032354096));
#4799=CARTESIAN_POINT('Ctrl Pts',(-51.2,-35.0567441439064,0.00386934032354096));
#4800=CARTESIAN_POINT('Ctrl Pts',(-26.,-34.9977043512664,0.358926411474229));
#4801=CARTESIAN_POINT('Ctrl Pts',(-51.2,-34.9977043512664,0.358926411474229));
#4802=CARTESIAN_POINT('Ctrl Pts',(-26.,-34.8372402491761,0.679052629990955));
#4803=CARTESIAN_POINT('Ctrl Pts',(-51.2,-34.8372402491761,0.679052629990955));
#4804=CARTESIAN_POINT('Ctrl Pts',(-26.,-34.6125599607157,0.95530084567374));
#4805=CARTESIAN_POINT('Ctrl Pts',(-51.2,-34.6125599607157,0.95530084567374));
#4806=CARTESIAN_POINT('Ctrl Pts',(-26.,-34.2620417031316,1.27385422978895));
#4807=CARTESIAN_POINT('Ctrl Pts',(-51.2,-34.2620417031316,1.27385422978895));
#4808=CARTESIAN_POINT('Ctrl Pts',(-26.,-33.7666490677565,1.59893588604124));
#4809=CARTESIAN_POINT('Ctrl Pts',(-51.2,-33.7666490677565,1.59893588604124));
#4810=CARTESIAN_POINT('Ctrl Pts',(-26.,-33.3438723638047,1.81044568035315));
#4811=CARTESIAN_POINT('Ctrl Pts',(-51.2,-33.3438723638047,1.81044568035315));
#4812=CARTESIAN_POINT('Ctrl Pts',(-26.,-33.1287099897688,1.90781982978879));
#4813=CARTESIAN_POINT('Ctrl Pts',(-51.2,-33.1287099897688,1.90781982978879));
#4814=CARTESIAN_POINT('Ctrl Pts',(-1.,-33.1287099897715,-1.90008114914358));
#4815=CARTESIAN_POINT('Ctrl Pts',(-26.2,-33.1287099897715,-1.90008114914358));
#4816=CARTESIAN_POINT('Ctrl Pts',(-1.,-33.3438723638073,-1.80270699970787));
#4817=CARTESIAN_POINT('Ctrl Pts',(-26.2,-33.3438723638073,-1.80270699970787));
#4818=CARTESIAN_POINT('Ctrl Pts',(-1.,-33.766649067759,-1.59119720539583));
#4819=CARTESIAN_POINT('Ctrl Pts',(-26.2,-33.766649067759,-1.59119720539583));
#4820=CARTESIAN_POINT('Ctrl Pts',(-1.,-34.262041703134,-1.26611554914315));
#4821=CARTESIAN_POINT('Ctrl Pts',(-26.2,-34.262041703134,-1.26611554914315));
#4822=CARTESIAN_POINT('Ctrl Pts',(-1.,-34.6125599607177,-0.947562165027662));
#4823=CARTESIAN_POINT('Ctrl Pts',(-26.2,-34.6125599607177,-0.947562165027662));
#4824=CARTESIAN_POINT('Ctrl Pts',(-1.,-34.8372402491777,-0.671313949344491));
#4825=CARTESIAN_POINT('Ctrl Pts',(-26.2,-34.8372402491777,-0.671313949344491));
#4826=CARTESIAN_POINT('Ctrl Pts',(-1.,-34.9977043512674,-0.351187730827467));
#4827=CARTESIAN_POINT('Ctrl Pts',(-26.2,-34.9977043512674,-0.351187730827467));
#4828=CARTESIAN_POINT('Ctrl Pts',(-1.,-35.0567441439064,0.00386934032354096));
#4829=CARTESIAN_POINT('Ctrl Pts',(-26.2,-35.0567441439064,0.00386934032354096));
#4830=CARTESIAN_POINT('Ctrl Pts',(-1.,-34.9977043512664,0.358926411474229));
#4831=CARTESIAN_POINT('Ctrl Pts',(-26.2,-34.9977043512664,0.358926411474229));
#4832=CARTESIAN_POINT('Ctrl Pts',(-1.,-34.8372402491761,0.679052629990955));
#4833=CARTESIAN_POINT('Ctrl Pts',(-26.2,-34.8372402491761,0.679052629990955));
#4834=CARTESIAN_POINT('Ctrl Pts',(-1.,-34.6125599607157,0.95530084567374));
#4835=CARTESIAN_POINT('Ctrl Pts',(-26.2,-34.6125599607157,0.95530084567374));
#4836=CARTESIAN_POINT('Ctrl Pts',(-1.,-34.2620417031316,1.27385422978895));
#4837=CARTESIAN_POINT('Ctrl Pts',(-26.2,-34.2620417031316,1.27385422978895));
#4838=CARTESIAN_POINT('Ctrl Pts',(-1.,-33.7666490677565,1.59893588604124));
#4839=CARTESIAN_POINT('Ctrl Pts',(-26.2,-33.7666490677565,1.59893588604124));
#4840=CARTESIAN_POINT('Ctrl Pts',(-1.,-33.3438723638047,1.81044568035315));
#4841=CARTESIAN_POINT('Ctrl Pts',(-26.2,-33.3438723638047,1.81044568035315));
#4842=CARTESIAN_POINT('Ctrl Pts',(-1.,-33.1287099897688,1.90781982978879));
#4843=CARTESIAN_POINT('Ctrl Pts',(-26.2,-33.1287099897688,1.90781982978879));
#4844=CARTESIAN_POINT('',(-1.,-33.1287099897688,1.90781982978879));
#4845=CARTESIAN_POINT('',(-1.,-33.1287099897688,-1.90008114914225));
#4846=CARTESIAN_POINT('Origin',(3.26565713707883,-33.1287099897688,1.90781982978879));
#4847=CARTESIAN_POINT('Ctrl Pts',(-97.,25.1572096991331,-1.35085666072497));
#4848=CARTESIAN_POINT('Ctrl Pts',(-70.6,25.1572096991331,-1.35085666072497));
#4849=CARTESIAN_POINT('Ctrl Pts',(-97.,28.4299434327897,-0.961701647836203));
#4850=CARTESIAN_POINT('Ctrl Pts',(-70.6,28.4299434327897,-0.961701647836203));
#4851=CARTESIAN_POINT('Ctrl Pts',(-97.,31.699186174436,-0.542760656451482));
#4852=CARTESIAN_POINT('Ctrl Pts',(-70.6,31.699186174436,-0.542760656451482));
#4853=CARTESIAN_POINT('Ctrl Pts',(-97.,34.9629357869734,-0.0843306596780069));
#4854=CARTESIAN_POINT('Ctrl Pts',(-70.6,34.9629357869734,-0.0843306596780069));
#4855=CARTESIAN_POINT('',(-97.,25.1572096991332,-1.35085666072496));
#4856=CARTESIAN_POINT('Origin',(-107.348120175443,34.9629357869734,0.00386934032199311));
#4857=CARTESIAN_POINT('',(-97.,25.1572345624091,1.35877529364814));
#4858=CARTESIAN_POINT('Ctrl Pts',(-97.,34.9629357869734,0.0920693403219931));
#4859=CARTESIAN_POINT('Ctrl Pts',(-70.6,34.9629357869734,0.0920693403219931));
#4860=CARTESIAN_POINT('Ctrl Pts',(-97.,31.6991834275542,0.550499722925478));
#4861=CARTESIAN_POINT('Ctrl Pts',(-70.6,31.6991834275542,0.550499722925478));
#4862=CARTESIAN_POINT('Ctrl Pts',(-97.,28.4299836899789,0.969734150898753));
#4863=CARTESIAN_POINT('Ctrl Pts',(-70.6,28.4299836899789,0.969734150898753));
#4864=CARTESIAN_POINT('Ctrl Pts',(-97.,25.1572345624091,1.35877529364814));
#4865=CARTESIAN_POINT('Ctrl Pts',(-70.6,25.1572345624091,1.35877529364814));
#4866=CARTESIAN_POINT('Ctrl Pts',(-71.0000000000002,25.1572096991331,-1.35085666072497));
#4867=CARTESIAN_POINT('Ctrl Pts',(-47.,25.1572096991331,-1.35085666072497));
#4868=CARTESIAN_POINT('Ctrl Pts',(-71.0000000000002,28.4299434327897,-0.961701647836203));
#4869=CARTESIAN_POINT('Ctrl Pts',(-47.,28.4299434327897,-0.961701647836203));
#4870=CARTESIAN_POINT('Ctrl Pts',(-71.0000000000002,31.699186174436,-0.542760656451482));
#4871=CARTESIAN_POINT('Ctrl Pts',(-47.,31.699186174436,-0.542760656451482));
#4872=CARTESIAN_POINT('Ctrl Pts',(-71.0000000000002,34.9629357869734,-0.0843306596780069));
#4873=CARTESIAN_POINT('Ctrl Pts',(-47.,34.9629357869734,-0.0843306596780069));
#4874=CARTESIAN_POINT('',(-71.,25.1572096991332,-1.35085666072496));
#4875=CARTESIAN_POINT('Origin',(-107.348120175443,34.9629357869734,0.00386934032199311));
#4876=CARTESIAN_POINT('',(-71.,25.1572345624091,1.35877529364814));
#4877=CARTESIAN_POINT('Ctrl Pts',(-71.,34.9629357869734,0.0920693403219931));
#4878=CARTESIAN_POINT('Ctrl Pts',(-47.,34.9629357869734,0.0920693403219931));
#4879=CARTESIAN_POINT('Ctrl Pts',(-71.,31.699183427554,0.550499722925506));
#4880=CARTESIAN_POINT('Ctrl Pts',(-47.,31.699183427554,0.550499722925506));
#4881=CARTESIAN_POINT('Ctrl Pts',(-71.,28.4299836899788,0.96973415089877));
#4882=CARTESIAN_POINT('Ctrl Pts',(-47.,28.4299836899788,0.96973415089877));
#4883=CARTESIAN_POINT('Ctrl Pts',(-71.,25.1572345624091,1.35877529364814));
#4884=CARTESIAN_POINT('Ctrl Pts',(-47.,25.1572345624091,1.35877529364814));
#4885=CARTESIAN_POINT('Origin',(-107.348120175443,34.9629357869734,0.00386934032199311));
#4886=CARTESIAN_POINT('',(-47.,25.1572096991332,-1.35085666072496));
#4887=CARTESIAN_POINT('',(-47.,25.1572345624091,1.35877529364814));
#4888=CARTESIAN_POINT('Ctrl Pts',(-47.,25.1572096991331,-1.35085666072497));
#4889=CARTESIAN_POINT('Ctrl Pts',(-21.8,25.1572096991331,-1.35085666072497));
#4890=CARTESIAN_POINT('Ctrl Pts',(-47.,28.4299434327897,-0.961701647836203));
#4891=CARTESIAN_POINT('Ctrl Pts',(-21.8,28.4299434327897,-0.961701647836203));
#4892=CARTESIAN_POINT('Ctrl Pts',(-47.,31.699186174436,-0.542760656451482));
#4893=CARTESIAN_POINT('Ctrl Pts',(-21.8,31.699186174436,-0.542760656451482));
#4894=CARTESIAN_POINT('Ctrl Pts',(-47.,34.9629357869734,-0.0843306596780069));
#4895=CARTESIAN_POINT('Ctrl Pts',(-21.8,34.9629357869734,-0.0843306596780069));
#4896=CARTESIAN_POINT('Ctrl Pts',(-47.,34.9629357869734,0.0920693403219931));
#4897=CARTESIAN_POINT('Ctrl Pts',(-21.8,34.9629357869734,0.0920693403219931));
#4898=CARTESIAN_POINT('Ctrl Pts',(-47.,31.699183427554,0.550499722925506));
#4899=CARTESIAN_POINT('Ctrl Pts',(-21.8,31.699183427554,0.550499722925506));
#4900=CARTESIAN_POINT('Ctrl Pts',(-47.,28.4299836899788,0.96973415089877));
#4901=CARTESIAN_POINT('Ctrl Pts',(-21.8,28.4299836899788,0.96973415089877));
#4902=CARTESIAN_POINT('Ctrl Pts',(-47.,25.1572345624091,1.35877529364814));
#4903=CARTESIAN_POINT('Ctrl Pts',(-21.8,25.1572345624091,1.35877529364814));
#4904=CARTESIAN_POINT('Ctrl Pts',(-22.,25.1572096991331,-1.35085666072497));
#4905=CARTESIAN_POINT('Ctrl Pts',(3.2,25.1572096991331,-1.35085666072497));
#4906=CARTESIAN_POINT('Ctrl Pts',(-22.,28.4299434327897,-0.961701647836203));
#4907=CARTESIAN_POINT('Ctrl Pts',(3.2,28.4299434327897,-0.961701647836203));
#4908=CARTESIAN_POINT('Ctrl Pts',(-22.,31.699186174436,-0.542760656451482));
#4909=CARTESIAN_POINT('Ctrl Pts',(3.2,31.699186174436,-0.542760656451482));
#4910=CARTESIAN_POINT('Ctrl Pts',(-22.,34.9629357869734,-0.0843306596780069));
#4911=CARTESIAN_POINT('Ctrl Pts',(3.2,34.9629357869734,-0.0843306596780069));
#4912=CARTESIAN_POINT('',(-22.,25.1572096991332,-1.35085666072496));
#4913=CARTESIAN_POINT('Ctrl Pts',(-22.,34.9629357869734,0.0920693403219931));
#4914=CARTESIAN_POINT('Ctrl Pts',(3.2,34.9629357869734,0.0920693403219931));
#4915=CARTESIAN_POINT('Ctrl Pts',(-22.,31.699183427554,0.550499722925506));
#4916=CARTESIAN_POINT('Ctrl Pts',(3.2,31.699183427554,0.550499722925506));
#4917=CARTESIAN_POINT('Ctrl Pts',(-22.,28.4299836899788,0.96973415089877));
#4918=CARTESIAN_POINT('Ctrl Pts',(3.2,28.4299836899788,0.96973415089877));
#4919=CARTESIAN_POINT('Ctrl Pts',(-22.,25.1572345624091,1.35877529364814));
#4920=CARTESIAN_POINT('Ctrl Pts',(3.2,25.1572345624091,1.35877529364814));
#4921=CARTESIAN_POINT('',(-22.,25.1572345624091,1.35877529364814));
#4922=CARTESIAN_POINT('Origin',(-107.348120175443,34.9629357869734,0.00386934032199311));
#4923=CARTESIAN_POINT('Origin',(-97.,-4.96911537400319,-3.97216505948896));
#4924=CARTESIAN_POINT('',(-97.,-2.4750002791269,-3.80073025114983));
#4925=CARTESIAN_POINT('',(-97.,-7.46820028140699,-4.03980103798072));
#4926=CARTESIAN_POINT('Origin',(-97.,-2.47500027912689,-3.80073025114983));
#4927=CARTESIAN_POINT('Origin',(-97.,-4.96911537400319,-3.97216505948896));
#4928=CARTESIAN_POINT('',(-71.,-7.46820028140699,-4.03980103798072));
#4929=CARTESIAN_POINT('',(-71.,-2.4750002791269,-3.80073025114983));
#4930=CARTESIAN_POINT('Origin',(-97.,-2.47500027912689,-3.80073025114983));
#4931=CARTESIAN_POINT('Origin',(-97.,-4.96911537400319,-3.97216505948896));
#4932=CARTESIAN_POINT('',(-47.,-7.46820028140699,-4.03980103798072));
#4933=CARTESIAN_POINT('',(-47.,-2.4750002791269,-3.80073025114983));
#4934=CARTESIAN_POINT('Origin',(-97.,-2.47500027912689,-3.80073025114983));
#4935=CARTESIAN_POINT('Origin',(-97.,-2.47500027912689,-3.80073025114983));
#4936=CARTESIAN_POINT('',(-22.,-7.46820028140699,-4.03980103798072));
#4937=CARTESIAN_POINT('',(-22.,-2.4750002791269,-3.80073025114983));
#4938=CARTESIAN_POINT('Origin',(-97.,-4.96911537400319,-3.97216505948896));
#4939=CARTESIAN_POINT('Origin',(-97.,-23.4558603583624,-3.83944480586881));
#4940=CARTESIAN_POINT('',(-97.,-20.9608903407287,-3.99795225398575));
#4941=CARTESIAN_POINT('',(-97.,-25.9420876712621,-3.57738803989715));
#4942=CARTESIAN_POINT('Origin',(-97.,-20.9608903407287,-3.99795225398575));
#4943=CARTESIAN_POINT('Origin',(-97.,-23.4558603583624,-3.83944480586881));
#4944=CARTESIAN_POINT('',(-71.,-25.9420876712621,-3.57738803989715));
#4945=CARTESIAN_POINT('',(-71.,-20.9608903407287,-3.99795225398575));
#4946=CARTESIAN_POINT('Origin',(-97.,-20.9608903407287,-3.99795225398575));
#4947=CARTESIAN_POINT('Origin',(-97.,-23.4558603583624,-3.83944480586881));
#4948=CARTESIAN_POINT('',(-47.,-25.9420876712621,-3.57738803989715));
#4949=CARTESIAN_POINT('',(-47.,-20.9608903407287,-3.99795225398575));
#4950=CARTESIAN_POINT('Origin',(-97.,-20.9608903407287,-3.99795225398575));
#4951=CARTESIAN_POINT('Origin',(-97.,-20.9608903407287,-3.99795225398575));
#4952=CARTESIAN_POINT('',(-22.,-25.9420876712621,-3.57738803989715));
#4953=CARTESIAN_POINT('',(-22.,-20.9608903407287,-3.99795225398575));
#4954=CARTESIAN_POINT('Origin',(-97.,-23.4558603583624,-3.83944480586881));
#4955=CARTESIAN_POINT('Origin',(-75.,7.76783998483635,0.));
#4956=CARTESIAN_POINT('',(-75.,7.76783998483635,-1.61300626894953));
#4957=UNCERTAINTY_MEASURE_WITH_UNIT(LENGTH_MEASURE(0.01),#4961,
'DISTANCE_ACCURACY_VALUE',
'Maximum model space distance between geometric entities at asserted c
onnectivities');
#4958=UNCERTAINTY_MEASURE_WITH_UNIT(LENGTH_MEASURE(0.01),#4961,
'DISTANCE_ACCURACY_VALUE',
'Maximum model space distance between geometric entities at asserted c
onnectivities');
#4959=(
GEOMETRIC_REPRESENTATION_CONTEXT(3)
GLOBAL_UNCERTAINTY_ASSIGNED_CONTEXT((#4957))
GLOBAL_UNIT_ASSIGNED_CONTEXT((#4961,#4963,#4964))
REPRESENTATION_CONTEXT('','3D')
);
#4960=(
GEOMETRIC_REPRESENTATION_CONTEXT(3)
GLOBAL_UNCERTAINTY_ASSIGNED_CONTEXT((#4958))
GLOBAL_UNIT_ASSIGNED_CONTEXT((#4961,#4963,#4964))
REPRESENTATION_CONTEXT('','3D')
);
#4961=(
LENGTH_UNIT()
NAMED_UNIT(*)
SI_UNIT(.MILLI.,.METRE.)
);
#4962=(
LENGTH_UNIT()
NAMED_UNIT(*)
SI_UNIT($,.METRE.)
);
#4963=(
NAMED_UNIT(*)
PLANE_ANGLE_UNIT()
SI_UNIT($,.RADIAN.)
);
#4964=(
NAMED_UNIT(*)
SI_UNIT($,.STERADIAN.)
SOLID_ANGLE_UNIT()
);
#4965=SHAPE_DEFINITION_REPRESENTATION(#4966,#4967);
#4966=PRODUCT_DEFINITION_SHAPE('',$,#4969);
#4967=SHAPE_REPRESENTATION('',(#2175),#4959);
#4968=PRODUCT_DEFINITION_CONTEXT('part definition',#4973,'design');
#4969=PRODUCT_DEFINITION('Wing_Skeleton_v3','Wing_Skeleton_v3',#4970,#4968);
#4970=PRODUCT_DEFINITION_FORMATION('',$,#4975);
#4971=PRODUCT_RELATED_PRODUCT_CATEGORY('Wing_Skeleton_v3',
'Wing_Skeleton_v3',(#4975));
#4972=APPLICATION_PROTOCOL_DEFINITION('international standard',
'automotive_design',2009,#4973);
#4973=APPLICATION_CONTEXT(
'Core Data for Automotive Mechanical Design Process');
#4974=PRODUCT_CONTEXT('part definition',#4973,'mechanical');
#4975=PRODUCT('Wing_Skeleton_v3','Wing_Skeleton_v3',$,(#4974));
#4976=PRESENTATION_STYLE_ASSIGNMENT((#4978));
#4977=PRESENTATION_STYLE_ASSIGNMENT((#4979));
#4978=SURFACE_STYLE_USAGE(.BOTH.,#4980);
#4979=SURFACE_STYLE_USAGE(.BOTH.,#4981);
#4980=SURFACE_SIDE_STYLE('',(#4982));
#4981=SURFACE_SIDE_STYLE('',(#4983));
#4982=SURFACE_STYLE_FILL_AREA(#4984);
#4983=SURFACE_STYLE_FILL_AREA(#4985);
#4984=FILL_AREA_STYLE('Steel - Satin',(#4986));
#4985=FILL_AREA_STYLE('ABS (White)',(#4987));
#4986=FILL_AREA_STYLE_COLOUR('Steel - Satin',#4988);
#4987=FILL_AREA_STYLE_COLOUR('ABS (White)',#4989);
#4988=COLOUR_RGB('Steel - Satin',0.627450980392157,0.627450980392157,0.627450980392157);
#4989=COLOUR_RGB('ABS (White)',0.964705882352941,0.964705882352941,0.952941176470588);
ENDSEC;
END-ISO-10303-21;
