ISO-10303-21;
HEADER;
/* Generated by software containing ST-Developer
 * from STEP Tools, Inc. (www.steptools.com) 
 */

FILE_DESCRIPTION(
/* description */ (''),
/* implementation_level */ '2;1');

FILE_NAME(
/* name */ 'satvik_wing.step',
/* time_stamp */ '2026-08-18T09:57:20+05:30',
/* author */ (''),
/* organization */ (''),
/* preprocessor_version */ 'ST-DEVELOPER v20.1',
/* originating_system */ 'Autodesk Translation Framework v15.8.0.0',
/* authorisation */ '');

FILE_SCHEMA (('AUTOMOTIVE_DESIGN { 1 0 10303 214 3 1 1 }'));
ENDSEC;

DATA;
#10=MECHANICAL_DESIGN_GEOMETRIC_PRESENTATION_REPRESENTATION('',(#13),#4954);
#11=SHAPE_REPRESENTATION_RELATIONSHIP('SRR','None',#4961,#12);
#12=ADVANCED_BREP_SHAPE_REPRESENTATION('',(#14),#4953);
#13=STYLED_ITEM('',(#4971),#14);
#14=MANIFOLD_SOLID_BREP('Body1',#2160);
#15=CYLINDRICAL_SURFACE('',#2188,2.);
#16=CYLINDRICAL_SURFACE('',#2191,1.58739008747265);
#17=CYLINDRICAL_SURFACE('',#2282,1.58739008747265);
#18=CYLINDRICAL_SURFACE('',#2283,1.61300626894953);
#19=CYLINDRICAL_SURFACE('',#2284,1.58739008747265);
#20=CYLINDRICAL_SURFACE('',#2285,1.58739008747265);
#21=CYLINDRICAL_SURFACE('',#2286,0.0882);
#22=CYLINDRICAL_SURFACE('',#2288,2.);
#23=CYLINDRICAL_SURFACE('',#2292,2.);
#24=CYLINDRICAL_SURFACE('',#2293,2.);
#25=CYLINDRICAL_SURFACE('',#2294,1.61300626894953);
#26=CYLINDRICAL_SURFACE('',#2295,1.61300626894953);
#27=CYLINDRICAL_SURFACE('',#2296,0.769094517692257);
#28=CYLINDRICAL_SURFACE('',#2297,0.769094517692257);
#29=CYLINDRICAL_SURFACE('',#2298,0.769094517692257);
#30=CYLINDRICAL_SURFACE('',#2299,2.);
#31=CYLINDRICAL_SURFACE('',#2302,0.769094517692257);
#32=CYLINDRICAL_SURFACE('',#2303,2.5);
#33=CYLINDRICAL_SURFACE('',#2305,2.5);
#34=CYLINDRICAL_SURFACE('',#2307,2.5);
#35=CYLINDRICAL_SURFACE('',#2310,2.5);
#36=CYLINDRICAL_SURFACE('',#2311,2.5);
#37=CYLINDRICAL_SURFACE('',#2313,2.5);
#38=CYLINDRICAL_SURFACE('',#2315,2.5);
#39=CYLINDRICAL_SURFACE('',#2318,2.5);
#40=CYLINDRICAL_SURFACE('',#2319,2.5);
#41=CYLINDRICAL_SURFACE('',#2321,2.5);
#42=CYLINDRICAL_SURFACE('',#2323,2.5);
#43=CYLINDRICAL_SURFACE('',#2325,2.5);
#44=CYLINDRICAL_SURFACE('',#2327,2.5);
#45=CYLINDRICAL_SURFACE('',#2329,2.5);
#46=CYLINDRICAL_SURFACE('',#2332,2.5);
#47=CYLINDRICAL_SURFACE('',#2334,2.5);
#48=CYLINDRICAL_SURFACE('',#2339,9.89886592735058);
#49=CYLINDRICAL_SURFACE('',#2340,9.89886592735058);
#50=CYLINDRICAL_SURFACE('',#2341,9.89886592735058);
#51=CYLINDRICAL_SURFACE('',#2342,9.89886592735058);
#52=CYLINDRICAL_SURFACE('',#2343,2.5);
#53=CYLINDRICAL_SURFACE('',#2345,2.5);
#54=CYLINDRICAL_SURFACE('',#2347,2.5);
#55=CYLINDRICAL_SURFACE('',#2350,2.5);
#56=CYLINDRICAL_SURFACE('',#2351,2.5);
#57=CYLINDRICAL_SURFACE('',#2353,2.5);
#58=CYLINDRICAL_SURFACE('',#2355,2.5);
#59=CYLINDRICAL_SURFACE('',#2358,2.5);
#60=CYLINDRICAL_SURFACE('',#2359,1.61300626894953);
#61=B_SPLINE_SURFACE_WITH_KNOTS('',3,1,((#2985,#2986),(#2987,#2988),(#2989,
#2990),(#2991,#2992),(#2993,#2994),(#2995,#2996),(#2997,#2998),(#2999,#3000),
(#3001,#3002),(#3003,#3004),(#3005,#3006),(#3007,#3008),(#3009,#3010),(#3011,
#3012),(#3013,#3014),(#3015,#3016),(#3017,#3018),(#3019,#3020),(#3021,#3022),
(#3023,#3024),(#3025,#3026),(#3027,#3028),(#3029,#3030),(#3031,#3032),(#3033,
#3034),(#3035,#3036),(#3037,#3038),(#3039,#3040),(#3041,#3042),(#3043,#3044),
(#3045,#3046),(#3047,#3048),(#3049,#3050),(#3051,#3052),(#3053,#3054),(#3055,
#3056),(#3057,#3058),(#3059,#3060),(#3061,#3062),(#3063,#3064),(#3065,#3066),
(#3067,#3068),(#3069,#3070),(#3071,#3072),(#3073,#3074),(#3075,#3076),(#3077,
#3078),(#3079,#3080),(#3081,#3082),(#3083,#3084),(#3085,#3086),(#3087,#3088),
(#3089,#3090),(#3091,#3092),(#3093,#3094),(#3095,#3096),(#3097,#3098)),
 .UNSPECIFIED.,.F.,.F.,.F.,(4,1,1,1,1,1,1,1,1,1,1,1,1,1,1,1,1,1,1,1,1,1,
1,1,1,1,1,1,1,1,1,1,1,1,1,1,1,1,1,1,1,1,1,1,1,1,1,1,1,1,1,1,1,1,4),(2,2),
(0.,0.0625,0.125,0.15625,0.1875,0.21875,0.25,0.28125,0.3125,0.34375,0.359375,
0.375,0.390625,0.40625,0.421875,0.4375,0.4453125,0.453125,0.4609375,0.46875,
0.4765625,0.48046875,0.484375,0.48828125,0.4921875,0.49609375,0.498046875,
0.5,0.501953125,0.50390625,0.5078125,0.51171875,0.515625,0.51953125,0.5234375,
0.53125,0.5390625,0.546875,0.5546875,0.5625,0.578125,0.59375,0.609375,0.625,
0.640625,0.65625,0.6875,0.71875,0.75,0.78125,0.8125,0.84375,0.875,0.9375,
1.),(0.,0.600000000000015),.UNSPECIFIED.);
#62=B_SPLINE_SURFACE_WITH_KNOTS('',3,1,((#3881,#3882),(#3883,#3884),(#3885,
#3886),(#3887,#3888),(#3889,#3890),(#3891,#3892),(#3893,#3894),(#3895,#3896),
(#3897,#3898),(#3899,#3900),(#3901,#3902),(#3903,#3904),(#3905,#3906),(#3907,
#3908),(#3909,#3910),(#3911,#3912),(#3913,#3914),(#3915,#3916),(#3917,#3918),
(#3919,#3920),(#3921,#3922),(#3923,#3924),(#3925,#3926),(#3927,#3928),(#3929,
#3930),(#3931,#3932),(#3933,#3934),(#3935,#3936),(#3937,#3938),(#3939,#3940),
(#3941,#3942),(#3943,#3944),(#3945,#3946),(#3947,#3948),(#3949,#3950),(#3951,
#3952),(#3953,#3954),(#3955,#3956),(#3957,#3958),(#3959,#3960),(#3961,#3962),
(#3963,#3964),(#3965,#3966),(#3967,#3968),(#3969,#3970),(#3971,#3972),(#3973,
#3974),(#3975,#3976),(#3977,#3978),(#3979,#3980),(#3981,#3982),(#3983,#3984),
(#3985,#3986),(#3987,#3988),(#3989,#3990),(#3991,#3992),(#3993,#3994)),
 .UNSPECIFIED.,.F.,.F.,.F.,(4,1,1,1,1,1,1,1,1,1,1,1,1,1,1,1,1,1,1,1,1,1,
1,1,1,1,1,1,1,1,1,1,1,1,1,1,1,1,1,1,1,1,1,1,1,1,1,1,1,1,1,1,1,1,4),(2,2),
(0.,0.0625,0.125,0.15625,0.1875,0.21875,0.25,0.28125,0.3125,0.34375,0.359375,
0.375,0.390625,0.40625,0.421875,0.4375,0.4453125,0.453125,0.4609375,0.46875,
0.4765625,0.48046875,0.484375,0.48828125,0.4921875,0.49609375,0.498046875,
0.5,0.501953125,0.50390625,0.5078125,0.51171875,0.515625,0.51953125,0.5234375,
0.53125,0.5390625,0.546875,0.5546875,0.5625,0.578125,0.59375,0.609375,0.625,
0.640625,0.65625,0.6875,0.71875,0.75,0.78125,0.8125,0.84375,0.875,0.9375,
1.),(0.,0.48),.UNSPECIFIED.);
#63=B_SPLINE_SURFACE_WITH_KNOTS('',3,1,((#4120,#4121),(#4122,#4123),(#4124,
#4125),(#4126,#4127),(#4128,#4129),(#4130,#4131),(#4132,#4133),(#4134,#4135),
(#4136,#4137),(#4138,#4139),(#4140,#4141),(#4142,#4143),(#4144,#4145),(#4146,
#4147),(#4148,#4149),(#4150,#4151),(#4152,#4153),(#4154,#4155),(#4156,#4157),
(#4158,#4159),(#4160,#4161),(#4162,#4163),(#4164,#4165),(#4166,#4167),(#4168,
#4169),(#4170,#4171),(#4172,#4173),(#4174,#4175),(#4176,#4177),(#4178,#4179),
(#4180,#4181),(#4182,#4183),(#4184,#4185),(#4186,#4187),(#4188,#4189),(#4190,
#4191),(#4192,#4193),(#4194,#4195),(#4196,#4197),(#4198,#4199),(#4200,#4201),
(#4202,#4203),(#4204,#4205),(#4206,#4207),(#4208,#4209),(#4210,#4211),(#4212,
#4213),(#4214,#4215),(#4216,#4217),(#4218,#4219),(#4220,#4221),(#4222,#4223),
(#4224,#4225),(#4226,#4227),(#4228,#4229),(#4230,#4231),(#4232,#4233)),
 .UNSPECIFIED.,.F.,.F.,.F.,(4,1,1,1,1,1,1,1,1,1,1,1,1,1,1,1,1,1,1,1,1,1,
1,1,1,1,1,1,1,1,1,1,1,1,1,1,1,1,1,1,1,1,1,1,1,1,1,1,1,1,1,1,1,1,4),(2,2),
(0.,0.0625,0.125,0.15625,0.1875,0.21875,0.25,0.28125,0.3125,0.34375,0.359375,
0.375,0.390625,0.40625,0.421875,0.4375,0.4453125,0.453125,0.4609375,0.46875,
0.4765625,0.48046875,0.484375,0.48828125,0.4921875,0.49609375,0.498046875,
0.5,0.501953125,0.50390625,0.5078125,0.51171875,0.515625,0.51953125,0.5234375,
0.53125,0.5390625,0.546875,0.5546875,0.5625,0.578125,0.59375,0.609375,0.625,
0.640625,0.65625,0.6875,0.71875,0.75,0.78125,0.8125,0.84375,0.875,0.9375,
1.),(0.,0.480000000000002),.UNSPECIFIED.);
#64=B_SPLINE_SURFACE_WITH_KNOTS('',3,1,((#4290,#4291),(#4292,#4293),(#4294,
#4295),(#4296,#4297),(#4298,#4299),(#4300,#4301),(#4302,#4303),(#4304,#4305),
(#4306,#4307),(#4308,#4309),(#4310,#4311),(#4312,#4313),(#4314,#4315),(#4316,
#4317),(#4318,#4319),(#4320,#4321),(#4322,#4323),(#4324,#4325),(#4326,#4327),
(#4328,#4329),(#4330,#4331),(#4332,#4333),(#4334,#4335),(#4336,#4337),(#4338,
#4339),(#4340,#4341),(#4342,#4343),(#4344,#4345),(#4346,#4347),(#4348,#4349),
(#4350,#4351),(#4352,#4353),(#4354,#4355),(#4356,#4357),(#4358,#4359),(#4360,
#4361),(#4362,#4363),(#4364,#4365),(#4366,#4367),(#4368,#4369),(#4370,#4371),
(#4372,#4373),(#4374,#4375),(#4376,#4377),(#4378,#4379),(#4380,#4381),(#4382,
#4383),(#4384,#4385),(#4386,#4387),(#4388,#4389),(#4390,#4391),(#4392,#4393),
(#4394,#4395),(#4396,#4397),(#4398,#4399),(#4400,#4401),(#4402,#4403)),
 .UNSPECIFIED.,.F.,.F.,.F.,(4,1,1,1,1,1,1,1,1,1,1,1,1,1,1,1,1,1,1,1,1,1,
1,1,1,1,1,1,1,1,1,1,1,1,1,1,1,1,1,1,1,1,1,1,1,1,1,1,1,1,1,1,1,1,4),(2,2),
(0.,0.0625,0.125,0.15625,0.1875,0.21875,0.25,0.28125,0.3125,0.34375,0.359375,
0.375,0.390625,0.40625,0.421875,0.4375,0.4453125,0.453125,0.4609375,0.46875,
0.4765625,0.48046875,0.484375,0.48828125,0.4921875,0.49609375,0.498046875,
0.5,0.501953125,0.50390625,0.5078125,0.51171875,0.515625,0.51953125,0.5234375,
0.53125,0.5390625,0.546875,0.5546875,0.5625,0.578125,0.59375,0.609375,0.625,
0.640625,0.65625,0.6875,0.71875,0.75,0.78125,0.8125,0.84375,0.875,0.9375,
1.),(0.,0.480000000000009),.UNSPECIFIED.);
#65=B_SPLINE_SURFACE_WITH_KNOTS('',3,1,((#4470,#4471),(#4472,#4473),(#4474,
#4475),(#4476,#4477),(#4478,#4479),(#4480,#4481),(#4482,#4483),(#4484,#4485),
(#4486,#4487),(#4488,#4489),(#4490,#4491),(#4492,#4493),(#4494,#4495),(#4496,
#4497),(#4498,#4499),(#4500,#4501),(#4502,#4503),(#4504,#4505),(#4506,#4507),
(#4508,#4509),(#4510,#4511),(#4512,#4513),(#4514,#4515),(#4516,#4517),(#4518,
#4519),(#4520,#4521),(#4522,#4523),(#4524,#4525),(#4526,#4527),(#4528,#4529),
(#4530,#4531),(#4532,#4533),(#4534,#4535),(#4536,#4537),(#4538,#4539),(#4540,
#4541),(#4542,#4543),(#4544,#4545),(#4546,#4547),(#4548,#4549),(#4550,#4551),
(#4552,#4553),(#4554,#4555),(#4556,#4557),(#4558,#4559),(#4560,#4561),(#4562,
#4563),(#4564,#4565),(#4566,#4567),(#4568,#4569),(#4570,#4571),(#4572,#4573),
(#4574,#4575),(#4576,#4577),(#4578,#4579),(#4580,#4581),(#4582,#4583)),
 .UNSPECIFIED.,.F.,.F.,.F.,(4,1,1,1,1,1,1,1,1,1,1,1,1,1,1,1,1,1,1,1,1,1,
1,1,1,1,1,1,1,1,1,1,1,1,1,1,1,1,1,1,1,1,1,1,1,1,1,1,1,1,1,1,1,1,4),(2,2),
(-1.41541983572281E-16,0.0624999999999999,0.125,0.15625,0.1875,0.21875,
0.25,0.28125,0.3125,0.34375,0.359375,0.375,0.390625,0.40625,0.421875,0.4375,
0.4453125,0.453125,0.4609375,0.46875,0.4765625,0.48046875,0.484375,0.48828125,
0.4921875,0.49609375,0.498046875,0.5,0.501953125,0.50390625,0.5078125,0.51171875,
0.515625,0.51953125,0.5234375,0.53125,0.5390625,0.546875,0.5546875,0.5625,
0.578125,0.59375,0.609375,0.625,0.640625,0.65625,0.6875,0.71875,0.75,0.78125,
0.8125,0.84375,0.875,0.9375,1.),(0.,0.480000000000042),.UNSPECIFIED.);
#66=B_SPLINE_SURFACE_WITH_KNOTS('',3,1,((#4709,#4710),(#4711,#4712),(#4713,
#4714),(#4715,#4716),(#4717,#4718),(#4719,#4720),(#4721,#4722),(#4723,#4724),
(#4725,#4726),(#4727,#4728),(#4729,#4730),(#4731,#4732),(#4733,#4734),(#4735,
#4736),(#4737,#4738)),.UNSPECIFIED.,.F.,.F.,.F.,(4,1,1,1,1,1,1,1,1,1,1,
1,4),(2,2),(0.480150145632388,0.485112609224293,0.490075072816199,0.492556304612152,
0.495037536408105,0.497518768204057,0.50000000000001,0.502481231795963,
0.504962463591916,0.507443695387869,0.509924927183822,0.514887390775727,
0.519849854367633),(0.,2.64),.UNSPECIFIED.);
#67=B_SPLINE_SURFACE_WITH_KNOTS('',3,1,((#4745,#4746),(#4747,#4748),(#4749,
#4750),(#4751,#4752),(#4753,#4754),(#4755,#4756),(#4757,#4758),(#4759,#4760),
(#4761,#4762),(#4763,#4764),(#4765,#4766),(#4767,#4768),(#4769,#4770),(#4771,
#4772),(#4773,#4774)),.UNSPECIFIED.,.F.,.F.,.F.,(4,1,1,1,1,1,1,1,1,1,1,
1,4),(2,2),(0.480150145632388,0.485112609224293,0.490075072816199,0.492556304612152,
0.495037536408105,0.497518768204057,0.50000000000001,0.502481231795963,
0.504962463591916,0.507443695387869,0.509924927183822,0.514887390775727,
0.519849854367633),(0.,2.4),.UNSPECIFIED.);
#68=B_SPLINE_SURFACE_WITH_KNOTS('',3,1,((#4778,#4779),(#4780,#4781),(#4782,
#4783),(#4784,#4785),(#4786,#4787),(#4788,#4789),(#4790,#4791),(#4792,#4793),
(#4794,#4795),(#4796,#4797),(#4798,#4799),(#4800,#4801),(#4802,#4803),(#4804,
#4805),(#4806,#4807)),.UNSPECIFIED.,.F.,.F.,.F.,(4,1,1,1,1,1,1,1,1,1,1,
1,4),(2,2),(0.480150145632388,0.485112609224293,0.490075072816199,0.492556304612152,
0.495037536408105,0.497518768204057,0.50000000000001,0.502481231795963,
0.504962463591916,0.507443695387869,0.509924927183822,0.514887390775727,
0.519849854367633),(0.,2.52),.UNSPECIFIED.);
#69=B_SPLINE_SURFACE_WITH_KNOTS('',3,1,((#4808,#4809),(#4810,#4811),(#4812,
#4813),(#4814,#4815),(#4816,#4817),(#4818,#4819),(#4820,#4821),(#4822,#4823),
(#4824,#4825),(#4826,#4827),(#4828,#4829),(#4830,#4831),(#4832,#4833),(#4834,
#4835),(#4836,#4837)),.UNSPECIFIED.,.F.,.F.,.F.,(4,1,1,1,1,1,1,1,1,1,1,
1,4),(2,2),(0.480150145632388,0.485112609224293,0.490075072816199,0.492556304612152,
0.495037536408105,0.497518768204057,0.50000000000001,0.502481231795963,
0.504962463591916,0.507443695387869,0.509924927183822,0.514887390775727,
0.519849854367633),(0.,2.52),.UNSPECIFIED.);
#70=B_SPLINE_SURFACE_WITH_KNOTS('',3,1,((#4841,#4842),(#4843,#4844),(#4845,
#4846),(#4847,#4848)),.UNSPECIFIED.,.F.,.F.,.F.,(4,4),(2,2),(0.9307323336088,
1.),(0.,2.64),.UNSPECIFIED.);
#71=B_SPLINE_SURFACE_WITH_KNOTS('',3,1,((#4852,#4853),(#4854,#4855),(#4856,
#4857),(#4858,#4859)),.UNSPECIFIED.,.F.,.F.,.F.,(4,4),(2,2),(0.,0.0692677246891453),
(0.,2.64),.UNSPECIFIED.);
#72=B_SPLINE_SURFACE_WITH_KNOTS('',3,1,((#4860,#4861),(#4862,#4863),(#4864,
#4865),(#4866,#4867)),.UNSPECIFIED.,.F.,.F.,.F.,(4,4),(2,2),(0.9307323336088,
1.),(0.,2.40000000000002),.UNSPECIFIED.);
#73=B_SPLINE_SURFACE_WITH_KNOTS('',3,1,((#4871,#4872),(#4873,#4874),(#4875,
#4876),(#4877,#4878)),.UNSPECIFIED.,.F.,.F.,.F.,(4,4),(2,2),(0.,0.0692677246891496),
(0.,2.4),.UNSPECIFIED.);
#74=B_SPLINE_SURFACE_WITH_KNOTS('',3,1,((#4882,#4883),(#4884,#4885),(#4886,
#4887),(#4888,#4889)),.UNSPECIFIED.,.F.,.F.,.F.,(4,4),(2,2),(0.9307323336088,
1.),(0.,2.52),.UNSPECIFIED.);
#75=B_SPLINE_SURFACE_WITH_KNOTS('',3,1,((#4890,#4891),(#4892,#4893),(#4894,
#4895),(#4896,#4897)),.UNSPECIFIED.,.F.,.F.,.F.,(4,4),(2,2),(0.,0.0692677246891496),
(0.,2.52),.UNSPECIFIED.);
#76=B_SPLINE_SURFACE_WITH_KNOTS('',3,1,((#4898,#4899),(#4900,#4901),(#4902,
#4903),(#4904,#4905)),.UNSPECIFIED.,.F.,.F.,.F.,(4,4),(2,2),(0.9307323336088,
1.),(0.,2.52),.UNSPECIFIED.);
#77=B_SPLINE_SURFACE_WITH_KNOTS('',3,1,((#4907,#4908),(#4909,#4910),(#4911,
#4912),(#4913,#4914)),.UNSPECIFIED.,.F.,.F.,.F.,(4,4),(2,2),(0.,0.0692677246891496),
(0.,2.52),.UNSPECIFIED.);
#78=FACE_BOUND('',#632,.T.);
#79=FACE_BOUND('',#633,.T.);
#80=FACE_BOUND('',#634,.T.);
#81=FACE_BOUND('',#635,.T.);
#82=FACE_BOUND('',#636,.T.);
#83=FACE_BOUND('',#637,.T.);
#84=FACE_BOUND('',#638,.T.);
#85=FACE_BOUND('',#639,.T.);
#86=FACE_BOUND('',#645,.T.);
#87=FACE_BOUND('',#646,.T.);
#88=FACE_BOUND('',#647,.T.);
#89=FACE_BOUND('',#648,.T.);
#90=FACE_BOUND('',#649,.T.);
#91=FACE_BOUND('',#650,.T.);
#92=FACE_BOUND('',#651,.T.);
#93=FACE_BOUND('',#652,.T.);
#94=FACE_BOUND('',#653,.T.);
#95=FACE_BOUND('',#655,.T.);
#96=FACE_BOUND('',#656,.T.);
#97=FACE_BOUND('',#657,.T.);
#98=FACE_BOUND('',#658,.T.);
#99=FACE_BOUND('',#659,.T.);
#100=FACE_BOUND('',#660,.T.);
#101=FACE_BOUND('',#661,.T.);
#102=FACE_BOUND('',#662,.T.);
#103=FACE_BOUND('',#663,.T.);
#104=FACE_BOUND('',#665,.T.);
#105=FACE_BOUND('',#666,.T.);
#106=FACE_BOUND('',#667,.T.);
#107=FACE_BOUND('',#668,.T.);
#108=FACE_BOUND('',#669,.T.);
#109=FACE_BOUND('',#670,.T.);
#110=FACE_BOUND('',#671,.T.);
#111=FACE_BOUND('',#672,.T.);
#112=FACE_BOUND('',#673,.T.);
#113=FACE_BOUND('',#675,.T.);
#114=FACE_BOUND('',#676,.T.);
#115=FACE_BOUND('',#677,.T.);
#116=FACE_BOUND('',#678,.T.);
#117=FACE_BOUND('',#679,.T.);
#118=FACE_BOUND('',#680,.T.);
#119=FACE_BOUND('',#681,.T.);
#120=FACE_BOUND('',#682,.T.);
#121=FACE_BOUND('',#683,.T.);
#122=FACE_BOUND('',#685,.T.);
#123=FACE_BOUND('',#686,.T.);
#124=FACE_BOUND('',#687,.T.);
#125=FACE_BOUND('',#688,.T.);
#126=FACE_BOUND('',#689,.T.);
#127=FACE_BOUND('',#690,.T.);
#128=FACE_BOUND('',#691,.T.);
#129=FACE_BOUND('',#692,.T.);
#130=FACE_BOUND('',#693,.T.);
#131=FACE_BOUND('',#695,.T.);
#132=FACE_BOUND('',#696,.T.);
#133=FACE_BOUND('',#697,.T.);
#134=FACE_BOUND('',#698,.T.);
#135=FACE_BOUND('',#699,.T.);
#136=FACE_BOUND('',#700,.T.);
#137=FACE_BOUND('',#701,.T.);
#138=FACE_BOUND('',#702,.T.);
#139=FACE_BOUND('',#704,.T.);
#140=FACE_BOUND('',#705,.T.);
#141=FACE_BOUND('',#706,.T.);
#142=FACE_BOUND('',#707,.T.);
#143=FACE_BOUND('',#708,.T.);
#144=FACE_BOUND('',#709,.T.);
#145=FACE_BOUND('',#710,.T.);
#146=FACE_BOUND('',#711,.T.);
#147=FACE_BOUND('',#712,.T.);
#148=FACE_BOUND('',#728,.T.);
#149=FACE_BOUND('',#729,.T.);
#150=B_SPLINE_CURVE_WITH_KNOTS('',3,(#2897,#2898,#2899,#2900,#2901,#2902),
 .UNSPECIFIED.,.F.,.F.,(4,1,1,4),(0.407135746737212,0.421875,0.4375,0.442163477762999),
 .UNSPECIFIED.);
#151=B_SPLINE_CURVE_WITH_KNOTS('',3,(#2908,#2909,#2910,#2911,#2912,#2913,
#2914,#2915,#2916,#2917,#2918,#2919,#2920,#2921,#2922,#2923,#2924,#2925,
#2926,#2927,#2928,#2929,#2930),.UNSPECIFIED.,.F.,.F.,(4,1,1,1,1,1,1,1,1,
1,1,1,1,1,1,1,1,1,1,1,4),(0.51984986567725,0.5234375,0.53125,0.5390625,
0.546875,0.5546875,0.5625,0.578125,0.59375,0.609375,0.625,0.640625,0.65625,
0.6875,0.71875,0.75,0.78125,0.8125,0.84375,0.875,0.930732346939141),
 .UNSPECIFIED.);
#152=B_SPLINE_CURVE_WITH_KNOTS('',3,(#2933,#2934,#2935,#2936,#2937,#2938,
#2939,#2940,#2941,#2942,#2943,#2944,#2945,#2946,#2947,#2948),
 .UNSPECIFIED.,.F.,.F.,(4,1,1,1,1,1,1,1,1,1,1,1,1,4),(0.0692677056049354,
0.125,0.15625,0.1875,0.21875,0.25,0.28125,0.3125,0.34375,0.359375,0.375,
0.390625,0.40625,0.407135746737212),.UNSPECIFIED.);
#153=B_SPLINE_CURVE_WITH_KNOTS('',3,(#2950,#2951,#2952,#2953,#2954,#2955,
#2956,#2957,#2958),.UNSPECIFIED.,.F.,.F.,(4,1,1,1,1,1,4),(0.442166157643767,
0.4453125,0.453125,0.4609375,0.46875,0.4765625,0.48015013432034),
 .UNSPECIFIED.);
#154=B_SPLINE_CURVE_WITH_KNOTS('',3,(#3102,#3103,#3104,#3105,#3106,#3107),
 .UNSPECIFIED.,.F.,.F.,(4,2,4),(0.,0.494367467042157,0.988736672174326),
 .UNSPECIFIED.);
#155=B_SPLINE_CURVE_WITH_KNOTS('',3,(#3108,#3109,#3110,#3111,#3112,#3113,
#3114,#3115,#3116,#3117,#3118,#3119,#3120,#3121,#3122,#3123,#3124,#3125,
#3126,#3127,#3128,#3129,#3130,#3131,#3132,#3133,#3134,#3135,#3136,#3137,
#3138,#3139,#3140,#3141,#3142,#3143,#3144),.UNSPECIFIED.,.F.,.F.,(4,3,3,
3,3,3,3,3,3,3,3,3,4),(0.,0.0990751381634245,0.19815027632685,0.247687845408563,
0.297225414490276,0.346762983571989,0.396300552653702,0.445838121735414,
0.495375690817127,0.54491325989884,0.594450828980553,0.693525967143978,
0.792601105307404),.UNSPECIFIED.);
#156=B_SPLINE_CURVE_WITH_KNOTS('',3,(#3146,#3147,#3148,#3149,#3150,#3151),
 .UNSPECIFIED.,.F.,.F.,(4,2,4),(0.,0.494369594458226,0.988736764811244),
 .UNSPECIFIED.);
#157=B_SPLINE_CURVE_WITH_KNOTS('',3,(#3154,#3155,#3156,#3157,#3158,#3159,
#3160,#3161,#3162,#3163,#3164,#3165,#3166,#3167,#3168,#3169,#3170,#3171,
#3172,#3173,#3174,#3175,#3176,#3177,#3178,#3179,#3180,#3181,#3182,#3183,
#3184,#3185,#3186,#3187,#3188,#3189,#3190,#3191,#3192,#3193,#3194,#3195,
#3196,#3197,#3198,#3199,#3200,#3201,#3202,#3203,#3204,#3205,#3206,#3207,
#3208,#3209,#3210),.UNSPECIFIED.,.F.,.F.,(4,1,1,1,1,1,1,1,1,1,1,1,1,1,1,
1,1,1,1,1,1,1,1,1,1,1,1,1,1,1,1,1,1,1,1,1,1,1,1,1,1,1,1,1,1,1,1,1,1,1,1,
1,1,1,4),(-1.,-0.9375,-0.875,-0.84375,-0.8125,-0.78125,-0.75,-0.71875,-0.6875,
-0.65625,-0.640625,-0.625,-0.609375,-0.59375,-0.578125,-0.5625,-0.5546875,
-0.546875,-0.5390625,-0.53125,-0.5234375,-0.51953125,-0.515625,-0.51171875,
-0.5078125,-0.50390625,-0.501953125,-0.5,-0.498046875,-0.49609375,-0.4921875,
-0.48828125,-0.484375,-0.48046875,-0.4765625,-0.46875,-0.4609375,-0.453125,
-0.4453125,-0.4375,-0.421875,-0.40625,-0.390625,-0.375,-0.359375,-0.34375,
-0.3125,-0.28125,-0.25,-0.21875,-0.1875,-0.15625,-0.125,-0.0625,0.),
 .UNSPECIFIED.);
#158=B_SPLINE_CURVE_WITH_KNOTS('',3,(#3224,#3225,#3226,#3227,#3228,#3229,
#3230,#3231,#3232,#3233,#3234,#3235,#3236,#3237,#3238,#3239,#3240,#3241,
#3242,#3243,#3244,#3245,#3246),.UNSPECIFIED.,.F.,.F.,(4,1,1,1,1,1,1,1,1,
1,1,1,1,1,1,1,1,1,1,1,4),(0.519849867318335,0.5234375,0.53125,0.5390625,
0.546875,0.5546875,0.5625,0.578125,0.59375,0.609375,0.625,0.640625,0.65625,
0.6875,0.71875,0.75,0.78125,0.8125,0.84375,0.875,0.930732345031902),
 .UNSPECIFIED.);
#159=B_SPLINE_CURVE_WITH_KNOTS('',3,(#3250,#3251,#3252,#3253,#3254,#3255,
#3256,#3257,#3258),.UNSPECIFIED.,.F.,.F.,(4,1,1,1,1,1,4),(0.442166156794328,
0.4453125,0.453125,0.4609375,0.46875,0.4765625,0.480150132684893),
 .UNSPECIFIED.);
#160=B_SPLINE_CURVE_WITH_KNOTS('',3,(#3261,#3262,#3263,#3264,#3265,#3266,
#3267,#3268,#3269,#3270,#3271,#3272,#3273,#3274,#3275,#3276),
 .UNSPECIFIED.,.F.,.F.,(4,1,1,1,1,1,1,1,1,1,1,1,1,4),(0.0692677071199664,
0.125,0.15625,0.1875,0.21875,0.25,0.28125,0.3125,0.34375,0.359375,0.375,
0.390625,0.40625,0.407135746737212),.UNSPECIFIED.);
#161=B_SPLINE_CURVE_WITH_KNOTS('',3,(#3310,#3311,#3312,#3313,#3314,#3315,
#3316,#3317,#3318,#3319,#3320,#3321,#3322,#3323,#3324,#3325,#3326,#3327,
#3328,#3329,#3330,#3331,#3332),.UNSPECIFIED.,.F.,.F.,(4,1,1,1,1,1,1,1,1,
1,1,1,1,1,1,1,1,1,1,1,4),(0.519849867318335,0.5234375,0.53125,0.5390625,
0.546875,0.5546875,0.5625,0.578125,0.59375,0.609375,0.625,0.640625,0.65625,
0.6875,0.71875,0.75,0.78125,0.8125,0.84375,0.875,0.930732345031902),
 .UNSPECIFIED.);
#162=B_SPLINE_CURVE_WITH_KNOTS('',3,(#3336,#3337,#3338,#3339,#3340,#3341,
#3342,#3343,#3344),.UNSPECIFIED.,.F.,.F.,(4,1,1,1,1,1,4),(0.442166156794328,
0.4453125,0.453125,0.4609375,0.46875,0.4765625,0.480150132684894),
 .UNSPECIFIED.);
#163=B_SPLINE_CURVE_WITH_KNOTS('',3,(#3347,#3348,#3349,#3350,#3351,#3352,
#3353,#3354,#3355,#3356,#3357,#3358,#3359,#3360,#3361,#3362),
 .UNSPECIFIED.,.F.,.F.,(4,1,1,1,1,1,1,1,1,1,1,1,1,4),(0.0692677071199664,
0.125,0.15625,0.1875,0.21875,0.25,0.28125,0.3125,0.34375,0.359375,0.375,
0.390625,0.40625,0.407135746737212),.UNSPECIFIED.);
#164=B_SPLINE_CURVE_WITH_KNOTS('',3,(#3394,#3395,#3396,#3397,#3398,#3399,
#3400,#3401,#3402,#3403,#3404,#3405,#3406,#3407,#3408,#3409,#3410,#3411,
#3412,#3413,#3414,#3415,#3416),.UNSPECIFIED.,.F.,.F.,(4,1,1,1,1,1,1,1,1,
1,1,1,1,1,1,1,1,1,1,1,4),(0.519849867318335,0.5234375,0.53125,0.5390625,
0.546875,0.5546875,0.5625,0.578125,0.59375,0.609375,0.625,0.640625,0.65625,
0.6875,0.71875,0.75,0.78125,0.8125,0.84375,0.875,0.930732345031902),
 .UNSPECIFIED.);
#165=B_SPLINE_CURVE_WITH_KNOTS('',3,(#3420,#3421,#3422,#3423,#3424,#3425,
#3426,#3427,#3428,#3429,#3430,#3431,#3432,#3433,#3434,#3435),
 .UNSPECIFIED.,.F.,.F.,(4,1,1,1,1,1,1,1,1,1,1,1,1,4),(0.0692677071199663,
0.125,0.15625,0.1875,0.21875,0.25,0.28125,0.3125,0.34375,0.359375,0.375,
0.390625,0.40625,0.407135746737212),.UNSPECIFIED.);
#166=B_SPLINE_CURVE_WITH_KNOTS('',3,(#3439,#3440,#3441,#3442,#3443,#3444,
#3445,#3446,#3447),.UNSPECIFIED.,.F.,.F.,(4,1,1,1,1,1,4),(0.442166156794328,
0.4453125,0.453125,0.4609375,0.46875,0.4765625,0.480150132684893),
 .UNSPECIFIED.);
#167=B_SPLINE_CURVE_WITH_KNOTS('',3,(#3482,#3483,#3484,#3485,#3486,#3487,
#3488,#3489,#3490,#3491,#3492,#3493,#3494,#3495,#3496,#3497,#3498,#3499,
#3500,#3501,#3502,#3503,#3504),.UNSPECIFIED.,.F.,.F.,(4,1,1,1,1,1,1,1,1,
1,1,1,1,1,1,1,1,1,1,1,4),(0.519849867318335,0.5234375,0.53125,0.5390625,
0.546875,0.5546875,0.5625,0.578125,0.59375,0.609375,0.625,0.640625,0.65625,
0.6875,0.71875,0.75,0.78125,0.8125,0.84375,0.875,0.930732345031902),
 .UNSPECIFIED.);
#168=B_SPLINE_CURVE_WITH_KNOTS('',3,(#3508,#3509,#3510,#3511,#3512,#3513,
#3514,#3515,#3516),.UNSPECIFIED.,.F.,.F.,(4,1,1,1,1,1,4),(0.442166156794328,
0.4453125,0.453125,0.4609375,0.46875,0.4765625,0.480150132684894),
 .UNSPECIFIED.);
#169=B_SPLINE_CURVE_WITH_KNOTS('',3,(#3519,#3520,#3521,#3522,#3523,#3524,
#3525,#3526,#3527,#3528,#3529,#3530,#3531,#3532,#3533,#3534),
 .UNSPECIFIED.,.F.,.F.,(4,1,1,1,1,1,1,1,1,1,1,1,1,4),(0.0692677071199664,
0.125,0.15625,0.1875,0.21875,0.25,0.28125,0.3125,0.34375,0.359375,0.375,
0.390625,0.40625,0.407135746737212),.UNSPECIFIED.);
#170=B_SPLINE_CURVE_WITH_KNOTS('',3,(#3566,#3567,#3568,#3569,#3570,#3571,
#3572,#3573,#3574,#3575,#3576,#3577,#3578,#3579,#3580,#3581,#3582,#3583,
#3584,#3585,#3586,#3587,#3588),.UNSPECIFIED.,.F.,.F.,(4,1,1,1,1,1,1,1,1,
1,1,1,1,1,1,1,1,1,1,1,4),(0.519849867318334,0.5234375,0.53125,0.5390625,
0.546875,0.5546875,0.5625,0.578125,0.59375,0.609375,0.625,0.640625,0.65625,
0.6875,0.71875,0.75,0.78125,0.8125,0.84375,0.875,0.930732345031902),
 .UNSPECIFIED.);
#171=B_SPLINE_CURVE_WITH_KNOTS('',3,(#3592,#3593,#3594,#3595,#3596,#3597,
#3598,#3599,#3600,#3601,#3602,#3603,#3604,#3605,#3606,#3607),
 .UNSPECIFIED.,.F.,.F.,(4,1,1,1,1,1,1,1,1,1,1,1,1,4),(0.0692677071199663,
0.125,0.15625,0.1875,0.21875,0.25,0.28125,0.3125,0.34375,0.359375,0.375,
0.390625,0.40625,0.407135746737212),.UNSPECIFIED.);
#172=B_SPLINE_CURVE_WITH_KNOTS('',3,(#3611,#3612,#3613,#3614,#3615,#3616,
#3617,#3618,#3619),.UNSPECIFIED.,.F.,.F.,(4,1,1,1,1,1,4),(0.442166156794328,
0.4453125,0.453125,0.4609375,0.46875,0.4765625,0.480150132684894),
 .UNSPECIFIED.);
#173=B_SPLINE_CURVE_WITH_KNOTS('',3,(#3652,#3653,#3654,#3655,#3656,#3657,
#3658,#3659,#3660,#3661,#3662,#3663,#3664,#3665,#3666,#3667,#3668,#3669,
#3670,#3671,#3672,#3673,#3674),.UNSPECIFIED.,.F.,.F.,(4,1,1,1,1,1,1,1,1,
1,1,1,1,1,1,1,1,1,1,1,4),(0.519849867318335,0.5234375,0.53125,0.5390625,
0.546875,0.5546875,0.5625,0.578125,0.59375,0.609375,0.625,0.640625,0.65625,
0.6875,0.71875,0.75,0.78125,0.8125,0.84375,0.875,0.930732345031902),
 .UNSPECIFIED.);
#174=B_SPLINE_CURVE_WITH_KNOTS('',3,(#3678,#3679,#3680,#3681,#3682,#3683,
#3684,#3685,#3686,#3687,#3688,#3689,#3690,#3691,#3692,#3693),
 .UNSPECIFIED.,.F.,.F.,(4,1,1,1,1,1,1,1,1,1,1,1,1,4),(0.0692677071199661,
0.125,0.15625,0.1875,0.21875,0.25,0.28125,0.3125,0.34375,0.359375,0.375,
0.390625,0.40625,0.407135746737211),.UNSPECIFIED.);
#175=B_SPLINE_CURVE_WITH_KNOTS('',3,(#3697,#3698,#3699,#3700,#3701,#3702,
#3703,#3704,#3705),.UNSPECIFIED.,.F.,.F.,(4,1,1,1,1,1,4),(0.442166156794328,
0.4453125,0.453125,0.4609375,0.46875,0.4765625,0.480150132684893),
 .UNSPECIFIED.);
#176=B_SPLINE_CURVE_WITH_KNOTS('',3,(#3736,#3737,#3738,#3739,#3740,#3741,
#3742,#3743,#3744,#3745,#3746,#3747,#3748,#3749,#3750,#3751),
 .UNSPECIFIED.,.F.,.F.,(4,1,1,1,1,1,1,1,1,1,1,1,1,4),(-0.407135746737212,
-0.40625,-0.390625,-0.375,-0.359375,-0.34375,-0.3125,-0.28125,-0.25,-0.21875,
-0.1875,-0.15625,-0.125,-0.0692677071199662),.UNSPECIFIED.);
#177=B_SPLINE_CURVE_WITH_KNOTS('',3,(#3755,#3756,#3757,#3758,#3759,#3760,
#3761,#3762,#3763,#3764,#3765,#3766,#3767,#3768,#3769,#3770,#3771,#3772,
#3773,#3774,#3775,#3776,#3777),.UNSPECIFIED.,.F.,.F.,(4,1,1,1,1,1,1,1,1,
1,1,1,1,1,1,1,1,1,1,1,4),(-0.930732345031902,-0.875,-0.84375,-0.8125,-0.78125,
-0.75,-0.71875,-0.6875,-0.65625,-0.640625,-0.625,-0.609375,-0.59375,-0.578125,
-0.5625,-0.5546875,-0.546875,-0.5390625,-0.53125,-0.5234375,-0.519849867318335),
 .UNSPECIFIED.);
#178=B_SPLINE_CURVE_WITH_KNOTS('',3,(#3781,#3782,#3783,#3784,#3785,#3786,
#3787,#3788,#3789),.UNSPECIFIED.,.F.,.F.,(4,1,1,1,1,1,4),(-0.480150132684893,
-0.4765625,-0.46875,-0.4609375,-0.453125,-0.4453125,-0.442166156794328),
 .UNSPECIFIED.);
#179=B_SPLINE_CURVE_WITH_KNOTS('',3,(#3818,#3819,#3820,#3821,#3822,#3823),
 .UNSPECIFIED.,.F.,.F.,(4,1,1,4),(0.407135746737212,0.421875,0.4375,0.442163477762999),
 .UNSPECIFIED.);
#180=B_SPLINE_CURVE_WITH_KNOTS('',3,(#3826,#3827,#3828,#3829,#3830,#3831),
 .UNSPECIFIED.,.F.,.F.,(4,1,1,4),(0.407135746737212,0.421875,0.4375,0.442163477762999),
 .UNSPECIFIED.);
#181=B_SPLINE_CURVE_WITH_KNOTS('',3,(#3835,#3836,#3837,#3838,#3839,#3840),
 .UNSPECIFIED.,.F.,.F.,(4,1,1,4),(0.407135746737212,0.421875,0.4375,0.442163477763003),
 .UNSPECIFIED.);
#182=B_SPLINE_CURVE_WITH_KNOTS('',3,(#3842,#3843,#3844,#3845,#3846,#3847),
 .UNSPECIFIED.,.F.,.F.,(4,1,1,4),(0.407135746737212,0.421875,0.4375,0.442163477762999),
 .UNSPECIFIED.);
#183=B_SPLINE_CURVE_WITH_KNOTS('',3,(#3851,#3852,#3853,#3854,#3855,#3856),
 .UNSPECIFIED.,.F.,.F.,(4,1,1,4),(0.407135746737212,0.421875,0.4375,0.442163477762994),
 .UNSPECIFIED.);
#184=B_SPLINE_CURVE_WITH_KNOTS('',3,(#3859,#3860,#3861,#3862,#3863,#3864),
 .UNSPECIFIED.,.F.,.F.,(4,1,1,4),(0.407135746737211,0.421875,0.4375,0.442163477762994),
 .UNSPECIFIED.);
#185=B_SPLINE_CURVE_WITH_KNOTS('',3,(#3867,#3868,#3869,#3870,#3871,#3872),
 .UNSPECIFIED.,.F.,.F.,(4,1,1,4),(-0.442163477762994,-0.4375,-0.421875,
-0.407135746737211),.UNSPECIFIED.);
#186=B_SPLINE_CURVE_WITH_KNOTS('',3,(#3999,#4000,#4001,#4002,#4003,#4004,
#4005,#4006,#4007,#4008,#4009,#4010,#4011,#4012,#4013,#4014,#4015,#4016,
#4017,#4018,#4019,#4020,#4021,#4022,#4023,#4024,#4025,#4026,#4027,#4028,
#4029,#4030,#4031,#4032,#4033,#4034,#4035,#4036,#4037,#4038,#4039,#4040,
#4041,#4042,#4043,#4044,#4045,#4046,#4047,#4048,#4049,#4050,#4051,#4052,
#4053,#4054,#4055),.UNSPECIFIED.,.F.,.F.,(4,1,1,1,1,1,1,1,1,1,1,1,1,1,1,
1,1,1,1,1,1,1,1,1,1,1,1,1,1,1,1,1,1,1,1,1,1,1,1,1,1,1,1,1,1,1,1,1,1,1,1,
1,1,1,4),(0.,0.0625,0.125,0.15625,0.1875,0.21875,0.25,0.28125,0.3125,0.34375,
0.359375,0.375,0.390625,0.40625,0.421875,0.4375,0.4453125,0.453125,0.4609375,
0.46875,0.4765625,0.48046875,0.484375,0.48828125,0.4921875,0.49609375,0.498046875,
0.5,0.501953125,0.50390625,0.5078125,0.51171875,0.515625,0.51953125,0.5234375,
0.53125,0.5390625,0.546875,0.5546875,0.5625,0.578125,0.59375,0.609375,0.625,
0.640625,0.65625,0.6875,0.71875,0.75,0.78125,0.8125,0.84375,0.875,0.9375,
1.),.UNSPECIFIED.);
#187=B_SPLINE_CURVE_WITH_KNOTS('',3,(#4058,#4059,#4060,#4061,#4062),
 .UNSPECIFIED.,.F.,.F.,(4,1,4),(0.,0.0625,0.0692677056048829),
 .UNSPECIFIED.);
#188=B_SPLINE_CURVE_WITH_KNOTS('',3,(#4063,#4064,#4065,#4066,#4067,#4068,
#4069,#4070,#4071,#4072,#4073,#4074,#4075,#4076,#4077,#4078,#4079),
 .UNSPECIFIED.,.F.,.F.,(4,1,1,1,1,1,1,1,1,1,1,1,1,1,4),(0.480150145632388,
0.483636857140142,0.487250262770082,0.490431337960153,0.493218828079602,
0.495674085869199,0.497891368316545,0.5,0.502108631683455,0.504325914130801,
0.506781171920398,0.509568662039847,0.512749737229917,0.516363142859858,
0.519849854367633),.UNSPECIFIED.);
#189=B_SPLINE_CURVE_WITH_KNOTS('',3,(#4080,#4081,#4082,#4083,#4084),
 .UNSPECIFIED.,.F.,.F.,(4,1,4),(0.930732346939427,0.9375,1.),
 .UNSPECIFIED.);
#190=B_SPLINE_CURVE_WITH_KNOTS('',3,(#4234,#4235,#4236,#4237,#4238),
 .UNSPECIFIED.,.F.,.F.,(4,1,4),(0.930732346939427,0.9375,1.),
 .UNSPECIFIED.);
#191=B_SPLINE_CURVE_WITH_KNOTS('',3,(#4239,#4240,#4241,#4242,#4243,#4244,
#4245,#4246,#4247,#4248,#4249,#4250,#4251,#4252,#4253,#4254,#4255),
 .UNSPECIFIED.,.F.,.F.,(4,1,1,1,1,1,1,1,1,1,1,1,1,1,4),(0.480150145632388,
0.483636857140163,0.487250262770103,0.490431337960174,0.493218828079623,
0.49567408586922,0.497891368316566,0.500000000000021,0.502108631683476,
0.504325914130822,0.506781171920419,0.509568662039868,0.512749737229938,
0.516363142859878,0.519849854367633),.UNSPECIFIED.);
#192=B_SPLINE_CURVE_WITH_KNOTS('',3,(#4256,#4257,#4258,#4259,#4260),
 .UNSPECIFIED.,.F.,.F.,(4,1,4),(0.,0.0625,0.0692677056048409),
 .UNSPECIFIED.);
#193=B_SPLINE_CURVE_WITH_KNOTS('',3,(#4261,#4262,#4263,#4264,#4265),
 .UNSPECIFIED.,.F.,.F.,(4,1,4),(0.,0.0625,0.0692677056048829),
 .UNSPECIFIED.);
#194=B_SPLINE_CURVE_WITH_KNOTS('',3,(#4266,#4267,#4268,#4269,#4270,#4271,
#4272,#4273,#4274,#4275,#4276,#4277,#4278,#4279,#4280,#4281,#4282),
 .UNSPECIFIED.,.F.,.F.,(4,1,1,1,1,1,1,1,1,1,1,1,1,1,4),(0.480150134320383,
0.48046875,0.484375,0.48828125,0.4921875,0.49609375,0.498046875,0.5,0.501953125,
0.50390625,0.5078125,0.51171875,0.515625,0.51953125,0.519849865677214),
 .UNSPECIFIED.);
#195=B_SPLINE_CURVE_WITH_KNOTS('',3,(#4283,#4284,#4285,#4286,#4287),
 .UNSPECIFIED.,.F.,.F.,(4,1,4),(0.930732346939427,0.9375,1.),
 .UNSPECIFIED.);
#196=B_SPLINE_CURVE_WITH_KNOTS('',3,(#4404,#4405,#4406,#4407,#4408),
 .UNSPECIFIED.,.F.,.F.,(4,1,4),(0.930732346939427,0.9375,1.),
 .UNSPECIFIED.);
#197=B_SPLINE_CURVE_WITH_KNOTS('',3,(#4409,#4410,#4411,#4412,#4413,#4414,
#4415,#4416,#4417,#4418,#4419,#4420,#4421,#4422,#4423,#4424,#4425),
 .UNSPECIFIED.,.F.,.F.,(4,1,1,1,1,1,1,1,1,1,1,1,1,1,4),(0.48015013432034,
0.48046875,0.484375,0.48828125,0.4921875,0.49609375,0.498046875,0.5,0.501953125,
0.50390625,0.5078125,0.51171875,0.515625,0.51953125,0.519849865677237),
 .UNSPECIFIED.);
#198=B_SPLINE_CURVE_WITH_KNOTS('',3,(#4426,#4427,#4428,#4429,#4430),
 .UNSPECIFIED.,.F.,.F.,(4,1,4),(0.,0.0625,0.0692677056048409),
 .UNSPECIFIED.);
#199=B_SPLINE_CURVE_WITH_KNOTS('',3,(#4431,#4432,#4433,#4434,#4435),
 .UNSPECIFIED.,.F.,.F.,(4,1,4),(0.,0.0625,0.0692677056048829),
 .UNSPECIFIED.);
#200=B_SPLINE_CURVE_WITH_KNOTS('',3,(#4436,#4437,#4438,#4439,#4440,#4441,
#4442,#4443,#4444,#4445,#4446,#4447,#4448,#4449,#4450,#4451,#4452),
 .UNSPECIFIED.,.F.,.F.,(4,1,1,1,1,1,1,1,1,1,1,1,1,1,4),(0.480150134320383,
0.48046875,0.484375,0.48828125,0.4921875,0.49609375,0.498046875,0.5,0.501953125,
0.50390625,0.5078125,0.51171875,0.515625,0.51953125,0.519849865677214),
 .UNSPECIFIED.);
#201=B_SPLINE_CURVE_WITH_KNOTS('',3,(#4453,#4454,#4455,#4456,#4457),
 .UNSPECIFIED.,.F.,.F.,(4,1,4),(0.930732346939427,0.9375,1.),
 .UNSPECIFIED.);
#202=B_SPLINE_CURVE_WITH_KNOTS('',3,(#4584,#4585,#4586,#4587,#4588),
 .UNSPECIFIED.,.F.,.F.,(4,1,4),(0.930732346939427,0.9375,1.),
 .UNSPECIFIED.);
#203=B_SPLINE_CURVE_WITH_KNOTS('',3,(#4589,#4590,#4591,#4592,#4593,#4594,
#4595,#4596,#4597,#4598,#4599,#4600,#4601,#4602,#4603,#4604,#4605),
 .UNSPECIFIED.,.F.,.F.,(4,1,1,1,1,1,1,1,1,1,1,1,1,1,4),(0.48015013432034,
0.48046875,0.484375,0.48828125,0.4921875,0.49609375,0.498046875,0.5,0.501953125,
0.50390625,0.5078125,0.51171875,0.515625,0.51953125,0.519849865677237),
 .UNSPECIFIED.);
#204=B_SPLINE_CURVE_WITH_KNOTS('',3,(#4606,#4607,#4608,#4609,#4610),
 .UNSPECIFIED.,.F.,.F.,(4,1,4),(-1.41541983572281E-16,0.0624999999999999,
0.0692677056048213),.UNSPECIFIED.);
#205=B_SPLINE_CURVE_WITH_KNOTS('',3,(#4611,#4612,#4613,#4614,#4615),
 .UNSPECIFIED.,.F.,.F.,(4,1,4),(-0.0692677056048212,-0.0624999999999999,
1.41541983572281E-16),.UNSPECIFIED.);
#206=B_SPLINE_CURVE_WITH_KNOTS('',3,(#4616,#4617,#4618,#4619,#4620,#4621,
#4622,#4623,#4624,#4625,#4626,#4627,#4628,#4629,#4630,#4631,#4632),
 .UNSPECIFIED.,.F.,.F.,(4,1,1,1,1,1,1,1,1,1,1,1,1,1,4),(-0.519849865677237,
-0.51953125,-0.515625,-0.51171875,-0.5078125,-0.50390625,-0.501953125,-0.5,
-0.498046875,-0.49609375,-0.4921875,-0.48828125,-0.484375,-0.48046875,-0.48015013432034),
 .UNSPECIFIED.);
#207=B_SPLINE_CURVE_WITH_KNOTS('',3,(#4633,#4634,#4635,#4636,#4637),
 .UNSPECIFIED.,.F.,.F.,(4,1,4),(-1.,-0.9375,-0.930732346939427),
 .UNSPECIFIED.);
#208=LINE('',#2896,#363);
#209=LINE('',#2906,#364);
#210=LINE('',#2966,#365);
#211=LINE('',#2970,#366);
#212=LINE('',#2974,#367);
#213=LINE('',#2978,#368);
#214=LINE('',#2982,#369);
#215=LINE('',#3101,#370);
#216=LINE('',#3153,#371);
#217=LINE('',#3212,#372);
#218=LINE('',#3218,#373);
#219=LINE('',#3248,#374);
#220=LINE('',#3288,#375);
#221=LINE('',#3292,#376);
#222=LINE('',#3296,#377);
#223=LINE('',#3300,#378);
#224=LINE('',#3304,#379);
#225=LINE('',#3334,#380);
#226=LINE('',#3374,#381);
#227=LINE('',#3378,#382);
#228=LINE('',#3382,#383);
#229=LINE('',#3386,#384);
#230=LINE('',#3390,#385);
#231=LINE('',#3448,#386);
#232=LINE('',#3457,#387);
#233=LINE('',#3461,#388);
#234=LINE('',#3465,#389);
#235=LINE('',#3469,#390);
#236=LINE('',#3473,#391);
#237=LINE('',#3506,#392);
#238=LINE('',#3546,#393);
#239=LINE('',#3550,#394);
#240=LINE('',#3554,#395);
#241=LINE('',#3558,#396);
#242=LINE('',#3562,#397);
#243=LINE('',#3620,#398);
#244=LINE('',#3629,#399);
#245=LINE('',#3633,#400);
#246=LINE('',#3637,#401);
#247=LINE('',#3641,#402);
#248=LINE('',#3645,#403);
#249=LINE('',#3706,#404);
#250=LINE('',#3709,#405);
#251=LINE('',#3713,#406);
#252=LINE('',#3717,#407);
#253=LINE('',#3721,#408);
#254=LINE('',#3725,#409);
#255=LINE('',#3779,#410);
#256=LINE('',#3795,#411);
#257=LINE('',#3799,#412);
#258=LINE('',#3803,#413);
#259=LINE('',#3809,#414);
#260=LINE('',#3813,#415);
#261=LINE('',#3824,#416);
#262=LINE('',#3832,#417);
#263=LINE('',#3834,#418);
#264=LINE('',#3848,#419);
#265=LINE('',#3850,#420);
#266=LINE('',#3858,#421);
#267=LINE('',#3866,#422);
#268=LINE('',#3874,#423);
#269=LINE('',#3876,#424);
#270=LINE('',#3878,#425);
#271=LINE('',#3880,#426);
#272=LINE('',#3997,#427);
#273=LINE('',#4057,#428);
#274=LINE('',#4088,#429);
#275=LINE('',#4090,#430);
#276=LINE('',#4092,#431);
#277=LINE('',#4094,#432);
#278=LINE('',#4096,#433);
#279=LINE('',#4098,#434);
#280=LINE('',#4099,#435);
#281=LINE('',#4101,#436);
#282=LINE('',#4103,#437);
#283=LINE('',#4105,#438);
#284=LINE('',#4107,#439);
#285=LINE('',#4109,#440);
#286=LINE('',#4111,#441);
#287=LINE('',#4112,#442);
#288=LINE('',#4115,#443);
#289=LINE('',#4289,#444);
#290=LINE('',#4459,#445);
#291=LINE('',#4461,#446);
#292=LINE('',#4463,#447);
#293=LINE('',#4465,#448);
#294=LINE('',#4467,#449);
#295=LINE('',#4469,#450);
#296=LINE('',#4639,#451);
#297=LINE('',#4644,#452);
#298=LINE('',#4646,#453);
#299=LINE('',#4647,#454);
#300=LINE('',#4650,#455);
#301=LINE('',#4651,#456);
#302=LINE('',#4654,#457);
#303=LINE('',#4655,#458);
#304=LINE('',#4658,#459);
#305=LINE('',#4659,#460);
#306=LINE('',#4662,#461);
#307=LINE('',#4663,#462);
#308=LINE('',#4666,#463);
#309=LINE('',#4667,#464);
#310=LINE('',#4670,#465);
#311=LINE('',#4671,#466);
#312=LINE('',#4674,#467);
#313=LINE('',#4675,#468);
#314=LINE('',#4678,#469);
#315=LINE('',#4679,#470);
#316=LINE('',#4682,#471);
#317=LINE('',#4683,#472);
#318=LINE('',#4686,#473);
#319=LINE('',#4687,#474);
#320=LINE('',#4690,#475);
#321=LINE('',#4691,#476);
#322=LINE('',#4694,#477);
#323=LINE('',#4695,#478);
#324=LINE('',#4698,#479);
#325=LINE('',#4699,#480);
#326=LINE('',#4702,#481);
#327=LINE('',#4703,#482);
#328=LINE('',#4706,#483);
#329=LINE('',#4707,#484);
#330=LINE('',#4739,#485);
#331=LINE('',#4740,#486);
#332=LINE('',#4743,#487);
#333=LINE('',#4744,#488);
#334=LINE('',#4776,#489);
#335=LINE('',#4777,#490);
#336=LINE('',#4838,#491);
#337=LINE('',#4839,#492);
#338=LINE('',#4849,#493);
#339=LINE('',#4851,#494);
#340=LINE('',#4868,#495);
#341=LINE('',#4870,#496);
#342=LINE('',#4880,#497);
#343=LINE('',#4881,#498);
#344=LINE('',#4906,#499);
#345=LINE('',#4915,#500);
#346=LINE('',#4918,#501);
#347=LINE('',#4919,#502);
#348=LINE('',#4922,#503);
#349=LINE('',#4923,#504);
#350=LINE('',#4926,#505);
#351=LINE('',#4927,#506);
#352=LINE('',#4930,#507);
#353=LINE('',#4931,#508);
#354=LINE('',#4934,#509);
#355=LINE('',#4935,#510);
#356=LINE('',#4938,#511);
#357=LINE('',#4939,#512);
#358=LINE('',#4942,#513);
#359=LINE('',#4943,#514);
#360=LINE('',#4946,#515);
#361=LINE('',#4947,#516);
#362=LINE('',#4950,#517);
#363=VECTOR('',#2368,4.99891999374723);
#364=VECTOR('',#2371,3.80790097893103);
#365=VECTOR('',#2382,4.99891999374723);
#366=VECTOR('',#2385,4.99891999374723);
#367=VECTOR('',#2388,4.99891999374723);
#368=VECTOR('',#2391,4.99891999374723);
#369=VECTOR('',#2394,4.99891999374723);
#370=VECTOR('',#2397,5.);
#371=VECTOR('',#2398,5.);
#372=VECTOR('',#2401,2.);
#373=VECTOR('',#2410,1.58739008747265);
#374=VECTOR('',#2415,3.80790097893103);
#375=VECTOR('',#2428,4.99891999374723);
#376=VECTOR('',#2431,4.99891999374723);
#377=VECTOR('',#2434,4.99891999374723);
#378=VECTOR('',#2437,4.99891999374723);
#379=VECTOR('',#2440,4.99891999374723);
#380=VECTOR('',#2445,3.80790097893103);
#381=VECTOR('',#2458,4.99891999374723);
#382=VECTOR('',#2461,4.99891999374723);
#383=VECTOR('',#2464,4.99891999374723);
#384=VECTOR('',#2467,4.99891999374723);
#385=VECTOR('',#2470,4.99891999374723);
#386=VECTOR('',#2477,3.80790097893103);
#387=VECTOR('',#2484,4.99891999374723);
#388=VECTOR('',#2487,4.99891999374723);
#389=VECTOR('',#2490,4.99891999374723);
#390=VECTOR('',#2493,4.99891999374724);
#391=VECTOR('',#2496,4.99891999374723);
#392=VECTOR('',#2505,3.80790097893103);
#393=VECTOR('',#2518,4.99891999374723);
#394=VECTOR('',#2521,4.99891999374723);
#395=VECTOR('',#2524,4.99891999374723);
#396=VECTOR('',#2527,4.99891999374723);
#397=VECTOR('',#2530,4.99891999374723);
#398=VECTOR('',#2537,3.80790097893103);
#399=VECTOR('',#2544,4.99891999374723);
#400=VECTOR('',#2547,4.99891999374723);
#401=VECTOR('',#2550,4.99891999374723);
#402=VECTOR('',#2553,4.99891999374724);
#403=VECTOR('',#2556,4.99891999374723);
#404=VECTOR('',#2567,3.80790097893103);
#405=VECTOR('',#2568,4.99891999374723);
#406=VECTOR('',#2571,4.99891999374724);
#407=VECTOR('',#2574,4.99891999374723);
#408=VECTOR('',#2577,4.99891999374723);
#409=VECTOR('',#2580,4.99891999374723);
#410=VECTOR('',#2593,3.80790097893103);
#411=VECTOR('',#2598,4.99891999374723);
#412=VECTOR('',#2601,4.99891999374723);
#413=VECTOR('',#2604,4.99891999374723);
#414=VECTOR('',#2609,4.99891999374723);
#415=VECTOR('',#2612,4.99891999374723);
#416=VECTOR('',#2619,4.99891999374723);
#417=VECTOR('',#2622,4.99891999374723);
#418=VECTOR('',#2625,4.99891999374722);
#419=VECTOR('',#2628,4.99891999374723);
#420=VECTOR('',#2631,4.99891999374722);
#421=VECTOR('',#2634,4.99891999374722);
#422=VECTOR('',#2637,4.99891999374722);
#423=VECTOR('',#2640,1.58739008747265);
#424=VECTOR('',#2643,1.61300626894953);
#425=VECTOR('',#2646,1.58739008747265);
#426=VECTOR('',#2649,1.58739008747265);
#427=VECTOR('',#2650,4.);
#428=VECTOR('',#2651,4.);
#429=VECTOR('',#2656,21.);
#430=VECTOR('',#2657,3.99999999999999);
#431=VECTOR('',#2658,21.);
#432=VECTOR('',#2659,4.);
#433=VECTOR('',#2660,20.);
#434=VECTOR('',#2661,4.);
#435=VECTOR('',#2662,22.);
#436=VECTOR('',#2663,22.);
#437=VECTOR('',#2664,4.);
#438=VECTOR('',#2665,20.);
#439=VECTOR('',#2666,4.);
#440=VECTOR('',#2667,21.);
#441=VECTOR('',#2668,3.99999999999999);
#442=VECTOR('',#2669,21.);
#443=VECTOR('',#2672,2.);
#444=VECTOR('',#2681,2.);
#445=VECTOR('',#2684,2.);
#446=VECTOR('',#2687,1.61300626894953);
#447=VECTOR('',#2690,1.61300626894953);
#448=VECTOR('',#2693,0.769094517692257);
#449=VECTOR('',#2696,0.769094517692258);
#450=VECTOR('',#2699,0.769094517692258);
#451=VECTOR('',#2702,2.);
#452=VECTOR('',#2709,0.769094517692257);
#453=VECTOR('',#2712,22.);
#454=VECTOR('',#2713,22.);
#455=VECTOR('',#2718,20.);
#456=VECTOR('',#2719,20.);
#457=VECTOR('',#2724,21.);
#458=VECTOR('',#2725,21.);
#459=VECTOR('',#2730,21.);
#460=VECTOR('',#2731,21.);
#461=VECTOR('',#2736,22.);
#462=VECTOR('',#2737,22.);
#463=VECTOR('',#2742,20.);
#464=VECTOR('',#2743,20.);
#465=VECTOR('',#2748,21.);
#466=VECTOR('',#2749,21.);
#467=VECTOR('',#2754,21.);
#468=VECTOR('',#2755,21.);
#469=VECTOR('',#2760,22.);
#470=VECTOR('',#2761,22.);
#471=VECTOR('',#2766,22.);
#472=VECTOR('',#2767,22.);
#473=VECTOR('',#2772,20.);
#474=VECTOR('',#2773,20.);
#475=VECTOR('',#2778,20.);
#476=VECTOR('',#2779,20.);
#477=VECTOR('',#2784,21.);
#478=VECTOR('',#2785,21.);
#479=VECTOR('',#2790,21.);
#480=VECTOR('',#2791,21.);
#481=VECTOR('',#2796,21.);
#482=VECTOR('',#2797,21.);
#483=VECTOR('',#2802,21.);
#484=VECTOR('',#2803,21.);
#485=VECTOR('',#2806,22.);
#486=VECTOR('',#2807,22.);
#487=VECTOR('',#2812,20.);
#488=VECTOR('',#2813,20.);
#489=VECTOR('',#2816,21.);
#490=VECTOR('',#2817,21.);
#491=VECTOR('',#2818,21.);
#492=VECTOR('',#2819,21.);
#493=VECTOR('',#2822,22.);
#494=VECTOR('',#2825,22.);
#495=VECTOR('',#2826,20.);
#496=VECTOR('',#2829,20.);
#497=VECTOR('',#2832,21.);
#498=VECTOR('',#2833,21.);
#499=VECTOR('',#2834,21.);
#500=VECTOR('',#2835,21.);
#501=VECTOR('',#2840,22.);
#502=VECTOR('',#2841,22.);
#503=VECTOR('',#2846,20.);
#504=VECTOR('',#2847,20.);
#505=VECTOR('',#2852,21.);
#506=VECTOR('',#2853,21.);
#507=VECTOR('',#2858,21.);
#508=VECTOR('',#2859,21.);
#509=VECTOR('',#2864,22.);
#510=VECTOR('',#2865,22.);
#511=VECTOR('',#2870,20.);
#512=VECTOR('',#2871,20.);
#513=VECTOR('',#2876,21.);
#514=VECTOR('',#2877,21.);
#515=VECTOR('',#2882,21.);
#516=VECTOR('',#2883,21.);
#517=VECTOR('',#2888,1.61300626894953);
#518=FACE_OUTER_BOUND('',#629,.T.);
#519=FACE_OUTER_BOUND('',#630,.T.);
#520=FACE_OUTER_BOUND('',#631,.T.);
#521=FACE_OUTER_BOUND('',#640,.T.);
#522=FACE_OUTER_BOUND('',#641,.T.);
#523=FACE_OUTER_BOUND('',#642,.T.);
#524=FACE_OUTER_BOUND('',#643,.T.);
#525=FACE_OUTER_BOUND('',#644,.T.);
#526=FACE_OUTER_BOUND('',#654,.T.);
#527=FACE_OUTER_BOUND('',#664,.T.);
#528=FACE_OUTER_BOUND('',#674,.T.);
#529=FACE_OUTER_BOUND('',#684,.T.);
#530=FACE_OUTER_BOUND('',#694,.T.);
#531=FACE_OUTER_BOUND('',#703,.T.);
#532=FACE_OUTER_BOUND('',#713,.T.);
#533=FACE_OUTER_BOUND('',#714,.T.);
#534=FACE_OUTER_BOUND('',#715,.T.);
#535=FACE_OUTER_BOUND('',#716,.T.);
#536=FACE_OUTER_BOUND('',#717,.T.);
#537=FACE_OUTER_BOUND('',#718,.T.);
#538=FACE_OUTER_BOUND('',#719,.T.);
#539=FACE_OUTER_BOUND('',#720,.T.);
#540=FACE_OUTER_BOUND('',#721,.T.);
#541=FACE_OUTER_BOUND('',#722,.T.);
#542=FACE_OUTER_BOUND('',#723,.T.);
#543=FACE_OUTER_BOUND('',#724,.T.);
#544=FACE_OUTER_BOUND('',#725,.T.);
#545=FACE_OUTER_BOUND('',#726,.T.);
#546=FACE_OUTER_BOUND('',#727,.T.);
#547=FACE_OUTER_BOUND('',#730,.T.);
#548=FACE_OUTER_BOUND('',#731,.T.);
#549=FACE_OUTER_BOUND('',#732,.T.);
#550=FACE_OUTER_BOUND('',#733,.T.);
#551=FACE_OUTER_BOUND('',#734,.T.);
#552=FACE_OUTER_BOUND('',#735,.T.);
#553=FACE_OUTER_BOUND('',#736,.T.);
#554=FACE_OUTER_BOUND('',#737,.T.);
#555=FACE_OUTER_BOUND('',#738,.T.);
#556=FACE_OUTER_BOUND('',#739,.T.);
#557=FACE_OUTER_BOUND('',#740,.T.);
#558=FACE_OUTER_BOUND('',#741,.T.);
#559=FACE_OUTER_BOUND('',#742,.T.);
#560=FACE_OUTER_BOUND('',#743,.T.);
#561=FACE_OUTER_BOUND('',#744,.T.);
#562=FACE_OUTER_BOUND('',#745,.T.);
#563=FACE_OUTER_BOUND('',#746,.T.);
#564=FACE_OUTER_BOUND('',#747,.T.);
#565=FACE_OUTER_BOUND('',#748,.T.);
#566=FACE_OUTER_BOUND('',#749,.T.);
#567=FACE_OUTER_BOUND('',#750,.T.);
#568=FACE_OUTER_BOUND('',#751,.T.);
#569=FACE_OUTER_BOUND('',#752,.T.);
#570=FACE_OUTER_BOUND('',#753,.T.);
#571=FACE_OUTER_BOUND('',#754,.T.);
#572=FACE_OUTER_BOUND('',#755,.T.);
#573=FACE_OUTER_BOUND('',#756,.T.);
#574=FACE_OUTER_BOUND('',#757,.T.);
#575=FACE_OUTER_BOUND('',#758,.T.);
#576=FACE_OUTER_BOUND('',#759,.T.);
#577=FACE_OUTER_BOUND('',#760,.T.);
#578=FACE_OUTER_BOUND('',#761,.T.);
#579=FACE_OUTER_BOUND('',#762,.T.);
#580=FACE_OUTER_BOUND('',#763,.T.);
#581=FACE_OUTER_BOUND('',#764,.T.);
#582=FACE_OUTER_BOUND('',#765,.T.);
#583=FACE_OUTER_BOUND('',#766,.T.);
#584=FACE_OUTER_BOUND('',#767,.T.);
#585=FACE_OUTER_BOUND('',#768,.T.);
#586=FACE_OUTER_BOUND('',#769,.T.);
#587=FACE_OUTER_BOUND('',#770,.T.);
#588=FACE_OUTER_BOUND('',#771,.T.);
#589=FACE_OUTER_BOUND('',#772,.T.);
#590=FACE_OUTER_BOUND('',#773,.T.);
#591=FACE_OUTER_BOUND('',#774,.T.);
#592=FACE_OUTER_BOUND('',#775,.T.);
#593=FACE_OUTER_BOUND('',#776,.T.);
#594=FACE_OUTER_BOUND('',#777,.T.);
#595=FACE_OUTER_BOUND('',#778,.T.);
#596=FACE_OUTER_BOUND('',#779,.T.);
#597=FACE_OUTER_BOUND('',#780,.T.);
#598=FACE_OUTER_BOUND('',#781,.T.);
#599=FACE_OUTER_BOUND('',#782,.T.);
#600=FACE_OUTER_BOUND('',#783,.T.);
#601=FACE_OUTER_BOUND('',#784,.T.);
#602=FACE_OUTER_BOUND('',#785,.T.);
#603=FACE_OUTER_BOUND('',#786,.T.);
#604=FACE_OUTER_BOUND('',#787,.T.);
#605=FACE_OUTER_BOUND('',#788,.T.);
#606=FACE_OUTER_BOUND('',#789,.T.);
#607=FACE_OUTER_BOUND('',#790,.T.);
#608=FACE_OUTER_BOUND('',#791,.T.);
#609=FACE_OUTER_BOUND('',#792,.T.);
#610=FACE_OUTER_BOUND('',#793,.T.);
#611=FACE_OUTER_BOUND('',#794,.T.);
#612=FACE_OUTER_BOUND('',#795,.T.);
#613=FACE_OUTER_BOUND('',#796,.T.);
#614=FACE_OUTER_BOUND('',#797,.T.);
#615=FACE_OUTER_BOUND('',#798,.T.);
#616=FACE_OUTER_BOUND('',#799,.T.);
#617=FACE_OUTER_BOUND('',#800,.T.);
#618=FACE_OUTER_BOUND('',#801,.T.);
#619=FACE_OUTER_BOUND('',#802,.T.);
#620=FACE_OUTER_BOUND('',#803,.T.);
#621=FACE_OUTER_BOUND('',#804,.T.);
#622=FACE_OUTER_BOUND('',#805,.T.);
#623=FACE_OUTER_BOUND('',#806,.T.);
#624=FACE_OUTER_BOUND('',#807,.T.);
#625=FACE_OUTER_BOUND('',#808,.T.);
#626=FACE_OUTER_BOUND('',#809,.T.);
#627=FACE_OUTER_BOUND('',#810,.T.);
#628=FACE_OUTER_BOUND('',#811,.T.);
#629=EDGE_LOOP('',(#1391));
#630=EDGE_LOOP('',(#1392,#1393));
#631=EDGE_LOOP('',(#1394,#1395,#1396,#1397,#1398,#1399));
#632=EDGE_LOOP('',(#1400));
#633=EDGE_LOOP('',(#1401));
#634=EDGE_LOOP('',(#1402,#1403));
#635=EDGE_LOOP('',(#1404,#1405));
#636=EDGE_LOOP('',(#1406,#1407));
#637=EDGE_LOOP('',(#1408,#1409));
#638=EDGE_LOOP('',(#1410,#1411));
#639=EDGE_LOOP('',(#1412));
#640=EDGE_LOOP('',(#1413,#1414,#1415,#1416,#1417,#1418,#1419,#1420,#1421,
#1422));
#641=EDGE_LOOP('',(#1423,#1424,#1425,#1426));
#642=EDGE_LOOP('',(#1427,#1428));
#643=EDGE_LOOP('',(#1429,#1430,#1431,#1432));
#644=EDGE_LOOP('',(#1433,#1434,#1435,#1436,#1437,#1438));
#645=EDGE_LOOP('',(#1439));
#646=EDGE_LOOP('',(#1440));
#647=EDGE_LOOP('',(#1441));
#648=EDGE_LOOP('',(#1442));
#649=EDGE_LOOP('',(#1443,#1444));
#650=EDGE_LOOP('',(#1445,#1446));
#651=EDGE_LOOP('',(#1447,#1448));
#652=EDGE_LOOP('',(#1449,#1450));
#653=EDGE_LOOP('',(#1451,#1452));
#654=EDGE_LOOP('',(#1453,#1454,#1455,#1456,#1457,#1458));
#655=EDGE_LOOP('',(#1459));
#656=EDGE_LOOP('',(#1460));
#657=EDGE_LOOP('',(#1461));
#658=EDGE_LOOP('',(#1462));
#659=EDGE_LOOP('',(#1463,#1464));
#660=EDGE_LOOP('',(#1465,#1466));
#661=EDGE_LOOP('',(#1467,#1468));
#662=EDGE_LOOP('',(#1469,#1470));
#663=EDGE_LOOP('',(#1471,#1472));
#664=EDGE_LOOP('',(#1473,#1474,#1475,#1476,#1477,#1478));
#665=EDGE_LOOP('',(#1479));
#666=EDGE_LOOP('',(#1480));
#667=EDGE_LOOP('',(#1481));
#668=EDGE_LOOP('',(#1482,#1483));
#669=EDGE_LOOP('',(#1484,#1485));
#670=EDGE_LOOP('',(#1486,#1487));
#671=EDGE_LOOP('',(#1488,#1489));
#672=EDGE_LOOP('',(#1490,#1491));
#673=EDGE_LOOP('',(#1492));
#674=EDGE_LOOP('',(#1493,#1494,#1495,#1496,#1497,#1498));
#675=EDGE_LOOP('',(#1499));
#676=EDGE_LOOP('',(#1500));
#677=EDGE_LOOP('',(#1501));
#678=EDGE_LOOP('',(#1502));
#679=EDGE_LOOP('',(#1503,#1504));
#680=EDGE_LOOP('',(#1505,#1506));
#681=EDGE_LOOP('',(#1507,#1508));
#682=EDGE_LOOP('',(#1509,#1510));
#683=EDGE_LOOP('',(#1511,#1512));
#684=EDGE_LOOP('',(#1513,#1514,#1515,#1516,#1517,#1518));
#685=EDGE_LOOP('',(#1519));
#686=EDGE_LOOP('',(#1520));
#687=EDGE_LOOP('',(#1521));
#688=EDGE_LOOP('',(#1522,#1523));
#689=EDGE_LOOP('',(#1524,#1525));
#690=EDGE_LOOP('',(#1526,#1527));
#691=EDGE_LOOP('',(#1528,#1529));
#692=EDGE_LOOP('',(#1530,#1531));
#693=EDGE_LOOP('',(#1532));
#694=EDGE_LOOP('',(#1533,#1534,#1535,#1536,#1537,#1538));
#695=EDGE_LOOP('',(#1539,#1540));
#696=EDGE_LOOP('',(#1541,#1542));
#697=EDGE_LOOP('',(#1543,#1544));
#698=EDGE_LOOP('',(#1545,#1546));
#699=EDGE_LOOP('',(#1547,#1548));
#700=EDGE_LOOP('',(#1549));
#701=EDGE_LOOP('',(#1550));
#702=EDGE_LOOP('',(#1551));
#703=EDGE_LOOP('',(#1552,#1553,#1554,#1555,#1556,#1557));
#704=EDGE_LOOP('',(#1558));
#705=EDGE_LOOP('',(#1559,#1560));
#706=EDGE_LOOP('',(#1561,#1562));
#707=EDGE_LOOP('',(#1563,#1564));
#708=EDGE_LOOP('',(#1565));
#709=EDGE_LOOP('',(#1566));
#710=EDGE_LOOP('',(#1567,#1568));
#711=EDGE_LOOP('',(#1569,#1570));
#712=EDGE_LOOP('',(#1571));
#713=EDGE_LOOP('',(#1572,#1573));
#714=EDGE_LOOP('',(#1574,#1575));
#715=EDGE_LOOP('',(#1576,#1577));
#716=EDGE_LOOP('',(#1578,#1579));
#717=EDGE_LOOP('',(#1580,#1581));
#718=EDGE_LOOP('',(#1582,#1583));
#719=EDGE_LOOP('',(#1584,#1585));
#720=EDGE_LOOP('',(#1586,#1587,#1588,#1589));
#721=EDGE_LOOP('',(#1590,#1591,#1592,#1593));
#722=EDGE_LOOP('',(#1594,#1595,#1596,#1597));
#723=EDGE_LOOP('',(#1598,#1599,#1600,#1601));
#724=EDGE_LOOP('',(#1602,#1603,#1604,#1605,#1606,#1607,#1608,#1609,#1610,
#1611));
#725=EDGE_LOOP('',(#1612,#1613,#1614,#1615,#1616,#1617,#1618,#1619,#1620,
#1621,#1622,#1623,#1624,#1625,#1626,#1627,#1628,#1629,#1630,#1631));
#726=EDGE_LOOP('',(#1632,#1633,#1634,#1635));
#727=EDGE_LOOP('',(#1636,#1637));
#728=EDGE_LOOP('',(#1638));
#729=EDGE_LOOP('',(#1639));
#730=EDGE_LOOP('',(#1640,#1641,#1642,#1643,#1644,#1645,#1646,#1647,#1648,
#1649,#1650,#1651,#1652,#1653,#1654,#1655));
#731=EDGE_LOOP('',(#1656,#1657,#1658,#1659));
#732=EDGE_LOOP('',(#1660,#1661,#1662,#1663,#1664,#1665,#1666,#1667,#1668,
#1669,#1670,#1671,#1672,#1673,#1674,#1675));
#733=EDGE_LOOP('',(#1676,#1677,#1678,#1679));
#734=EDGE_LOOP('',(#1680,#1681,#1682,#1683));
#735=EDGE_LOOP('',(#1684,#1685,#1686,#1687));
#736=EDGE_LOOP('',(#1688,#1689,#1690,#1691));
#737=EDGE_LOOP('',(#1692,#1693,#1694,#1695));
#738=EDGE_LOOP('',(#1696,#1697,#1698,#1699));
#739=EDGE_LOOP('',(#1700,#1701,#1702,#1703,#1704,#1705,#1706,#1707,#1708,
#1709,#1710,#1711,#1712,#1713,#1714,#1715));
#740=EDGE_LOOP('',(#1716,#1717,#1718,#1719));
#741=EDGE_LOOP('',(#1720));
#742=EDGE_LOOP('',(#1721,#1722,#1723,#1724));
#743=EDGE_LOOP('',(#1725,#1726,#1727,#1728));
#744=EDGE_LOOP('',(#1729,#1730,#1731,#1732));
#745=EDGE_LOOP('',(#1733,#1734,#1735,#1736));
#746=EDGE_LOOP('',(#1737,#1738,#1739,#1740));
#747=EDGE_LOOP('',(#1741,#1742,#1743,#1744));
#748=EDGE_LOOP('',(#1745,#1746,#1747,#1748));
#749=EDGE_LOOP('',(#1749,#1750,#1751,#1752));
#750=EDGE_LOOP('',(#1753,#1754,#1755,#1756));
#751=EDGE_LOOP('',(#1757,#1758,#1759,#1760));
#752=EDGE_LOOP('',(#1761,#1762,#1763,#1764));
#753=EDGE_LOOP('',(#1765,#1766,#1767,#1768));
#754=EDGE_LOOP('',(#1769,#1770,#1771,#1772));
#755=EDGE_LOOP('',(#1773,#1774,#1775,#1776));
#756=EDGE_LOOP('',(#1777,#1778,#1779,#1780));
#757=EDGE_LOOP('',(#1781,#1782,#1783,#1784));
#758=EDGE_LOOP('',(#1785,#1786,#1787,#1788));
#759=EDGE_LOOP('',(#1789,#1790,#1791,#1792));
#760=EDGE_LOOP('',(#1793,#1794,#1795,#1796));
#761=EDGE_LOOP('',(#1797,#1798,#1799,#1800));
#762=EDGE_LOOP('',(#1801,#1802,#1803,#1804));
#763=EDGE_LOOP('',(#1805,#1806,#1807,#1808));
#764=EDGE_LOOP('',(#1809,#1810,#1811,#1812));
#765=EDGE_LOOP('',(#1813,#1814,#1815,#1816));
#766=EDGE_LOOP('',(#1817,#1818,#1819,#1820));
#767=EDGE_LOOP('',(#1821,#1822,#1823,#1824));
#768=EDGE_LOOP('',(#1825,#1826,#1827,#1828));
#769=EDGE_LOOP('',(#1829,#1830,#1831,#1832));
#770=EDGE_LOOP('',(#1833,#1834,#1835,#1836));
#771=EDGE_LOOP('',(#1837,#1838,#1839,#1840));
#772=EDGE_LOOP('',(#1841,#1842,#1843,#1844));
#773=EDGE_LOOP('',(#1845,#1846,#1847,#1848));
#774=EDGE_LOOP('',(#1849,#1850,#1851,#1852));
#775=EDGE_LOOP('',(#1853,#1854,#1855,#1856));
#776=EDGE_LOOP('',(#1857,#1858,#1859,#1860));
#777=EDGE_LOOP('',(#1861,#1862,#1863,#1864));
#778=EDGE_LOOP('',(#1865,#1866,#1867,#1868));
#779=EDGE_LOOP('',(#1869,#1870,#1871,#1872));
#780=EDGE_LOOP('',(#1873,#1874,#1875,#1876));
#781=EDGE_LOOP('',(#1877,#1878,#1879,#1880));
#782=EDGE_LOOP('',(#1881,#1882,#1883,#1884));
#783=EDGE_LOOP('',(#1885,#1886,#1887,#1888));
#784=EDGE_LOOP('',(#1889,#1890,#1891,#1892));
#785=EDGE_LOOP('',(#1893,#1894,#1895,#1896));
#786=EDGE_LOOP('',(#1897,#1898,#1899,#1900));
#787=EDGE_LOOP('',(#1901,#1902,#1903,#1904));
#788=EDGE_LOOP('',(#1905,#1906,#1907,#1908));
#789=EDGE_LOOP('',(#1909,#1910,#1911,#1912));
#790=EDGE_LOOP('',(#1913,#1914,#1915,#1916));
#791=EDGE_LOOP('',(#1917,#1918,#1919,#1920));
#792=EDGE_LOOP('',(#1921,#1922,#1923,#1924));
#793=EDGE_LOOP('',(#1925,#1926,#1927,#1928));
#794=EDGE_LOOP('',(#1929,#1930,#1931,#1932));
#795=EDGE_LOOP('',(#1933,#1934,#1935,#1936));
#796=EDGE_LOOP('',(#1937,#1938,#1939,#1940));
#797=EDGE_LOOP('',(#1941,#1942,#1943,#1944));
#798=EDGE_LOOP('',(#1945,#1946,#1947,#1948));
#799=EDGE_LOOP('',(#1949,#1950,#1951,#1952));
#800=EDGE_LOOP('',(#1953,#1954,#1955,#1956));
#801=EDGE_LOOP('',(#1957,#1958,#1959,#1960));
#802=EDGE_LOOP('',(#1961,#1962,#1963,#1964));
#803=EDGE_LOOP('',(#1965,#1966,#1967,#1968));
#804=EDGE_LOOP('',(#1969,#1970,#1971,#1972));
#805=EDGE_LOOP('',(#1973,#1974,#1975,#1976));
#806=EDGE_LOOP('',(#1977,#1978,#1979,#1980));
#807=EDGE_LOOP('',(#1981,#1982,#1983,#1984));
#808=EDGE_LOOP('',(#1985,#1986,#1987,#1988));
#809=EDGE_LOOP('',(#1989,#1990,#1991,#1992));
#810=EDGE_LOOP('',(#1993,#1994,#1995,#1996));
#811=EDGE_LOOP('',(#1997,#1998,#1999,#2000));
#812=CIRCLE('',#2175,2.);
#813=CIRCLE('',#2178,9.89886592735058);
#814=CIRCLE('',#2179,2.5);
#815=CIRCLE('',#2180,2.);
#816=CIRCLE('',#2181,1.61300626894953);
#817=CIRCLE('',#2182,2.5);
#818=CIRCLE('',#2183,2.5);
#819=CIRCLE('',#2184,2.5);
#820=CIRCLE('',#2185,2.5);
#821=CIRCLE('',#2186,2.5);
#822=CIRCLE('',#2187,1.58739008747265);
#823=CIRCLE('',#2190,0.0882);
#824=CIRCLE('',#2192,1.58739008747265);
#825=CIRCLE('',#2194,9.89886592735058);
#826=CIRCLE('',#2195,2.5);
#827=CIRCLE('',#2196,0.769094517692257);
#828=CIRCLE('',#2197,1.61300626894953);
#829=CIRCLE('',#2198,1.58739008747265);
#830=CIRCLE('',#2199,2.);
#831=CIRCLE('',#2200,2.5);
#832=CIRCLE('',#2201,2.5);
#833=CIRCLE('',#2202,2.5);
#834=CIRCLE('',#2203,2.5);
#835=CIRCLE('',#2204,2.5);
#836=CIRCLE('',#2206,9.89886592735058);
#837=CIRCLE('',#2207,2.5);
#838=CIRCLE('',#2208,0.769094517692257);
#839=CIRCLE('',#2209,1.61300626894953);
#840=CIRCLE('',#2210,1.58739008747265);
#841=CIRCLE('',#2211,2.);
#842=CIRCLE('',#2212,2.5);
#843=CIRCLE('',#2213,2.5);
#844=CIRCLE('',#2214,2.5);
#845=CIRCLE('',#2215,2.5);
#846=CIRCLE('',#2216,2.5);
#847=CIRCLE('',#2218,9.89886592735058);
#848=CIRCLE('',#2219,2.5);
#849=CIRCLE('',#2220,1.58739008747265);
#850=CIRCLE('',#2221,1.61300626894953);
#851=CIRCLE('',#2222,0.769094517692257);
#852=CIRCLE('',#2223,2.5);
#853=CIRCLE('',#2224,2.5);
#854=CIRCLE('',#2225,2.5);
#855=CIRCLE('',#2226,2.5);
#856=CIRCLE('',#2227,2.5);
#857=CIRCLE('',#2228,2.);
#858=CIRCLE('',#2230,9.89886592735058);
#859=CIRCLE('',#2231,2.5);
#860=CIRCLE('',#2232,0.769094517692257);
#861=CIRCLE('',#2233,1.61300626894953);
#862=CIRCLE('',#2234,1.58739008747265);
#863=CIRCLE('',#2235,2.);
#864=CIRCLE('',#2236,2.5);
#865=CIRCLE('',#2237,2.5);
#866=CIRCLE('',#2238,2.5);
#867=CIRCLE('',#2239,2.5);
#868=CIRCLE('',#2240,2.5);
#869=CIRCLE('',#2242,9.89886592735058);
#870=CIRCLE('',#2243,2.5);
#871=CIRCLE('',#2244,1.58739008747265);
#872=CIRCLE('',#2245,1.61300626894953);
#873=CIRCLE('',#2246,0.769094517692257);
#874=CIRCLE('',#2247,2.5);
#875=CIRCLE('',#2248,2.5);
#876=CIRCLE('',#2249,2.5);
#877=CIRCLE('',#2250,2.5);
#878=CIRCLE('',#2251,2.5);
#879=CIRCLE('',#2252,2.);
#880=CIRCLE('',#2254,9.89886592735058);
#881=CIRCLE('',#2255,2.5);
#882=CIRCLE('',#2256,2.5);
#883=CIRCLE('',#2257,2.5);
#884=CIRCLE('',#2258,2.5);
#885=CIRCLE('',#2259,2.5);
#886=CIRCLE('',#2260,2.5);
#887=CIRCLE('',#2261,1.58739008747265);
#888=CIRCLE('',#2262,1.61300626894953);
#889=CIRCLE('',#2263,2.);
#890=CIRCLE('',#2265,9.89886592735058);
#891=CIRCLE('',#2266,2.5);
#892=CIRCLE('',#2267,0.769094517692257);
#893=CIRCLE('',#2268,2.5);
#894=CIRCLE('',#2269,2.5);
#895=CIRCLE('',#2270,2.5);
#896=CIRCLE('',#2271,1.61300626894953);
#897=CIRCLE('',#2272,2.5);
#898=CIRCLE('',#2273,2.5);
#899=CIRCLE('',#2274,2.);
#900=CIRCLE('',#2287,0.0882);
#901=CIRCLE('',#2289,2.);
#902=CIRCLE('',#2291,0.769094517692257);
#903=CIRCLE('',#2301,0.769094517692257);
#904=VERTEX_POINT('',#2891);
#905=VERTEX_POINT('',#2894);
#906=VERTEX_POINT('',#2895);
#907=VERTEX_POINT('',#2904);
#908=VERTEX_POINT('',#2905);
#909=VERTEX_POINT('',#2907);
#910=VERTEX_POINT('',#2931);
#911=VERTEX_POINT('',#2959);
#912=VERTEX_POINT('',#2961);
#913=VERTEX_POINT('',#2963);
#914=VERTEX_POINT('',#2964);
#915=VERTEX_POINT('',#2967);
#916=VERTEX_POINT('',#2968);
#917=VERTEX_POINT('',#2971);
#918=VERTEX_POINT('',#2972);
#919=VERTEX_POINT('',#2975);
#920=VERTEX_POINT('',#2976);
#921=VERTEX_POINT('',#2979);
#922=VERTEX_POINT('',#2980);
#923=VERTEX_POINT('',#2983);
#924=VERTEX_POINT('',#3099);
#925=VERTEX_POINT('',#3100);
#926=VERTEX_POINT('',#3145);
#927=VERTEX_POINT('',#3152);
#928=VERTEX_POINT('',#3216);
#929=VERTEX_POINT('',#3220);
#930=VERTEX_POINT('',#3221);
#931=VERTEX_POINT('',#3223);
#932=VERTEX_POINT('',#3247);
#933=VERTEX_POINT('',#3249);
#934=VERTEX_POINT('',#3259);
#935=VERTEX_POINT('',#3277);
#936=VERTEX_POINT('',#3279);
#937=VERTEX_POINT('',#3281);
#938=VERTEX_POINT('',#3283);
#939=VERTEX_POINT('',#3285);
#940=VERTEX_POINT('',#3286);
#941=VERTEX_POINT('',#3289);
#942=VERTEX_POINT('',#3290);
#943=VERTEX_POINT('',#3293);
#944=VERTEX_POINT('',#3294);
#945=VERTEX_POINT('',#3297);
#946=VERTEX_POINT('',#3298);
#947=VERTEX_POINT('',#3301);
#948=VERTEX_POINT('',#3302);
#949=VERTEX_POINT('',#3306);
#950=VERTEX_POINT('',#3307);
#951=VERTEX_POINT('',#3309);
#952=VERTEX_POINT('',#3333);
#953=VERTEX_POINT('',#3335);
#954=VERTEX_POINT('',#3345);
#955=VERTEX_POINT('',#3363);
#956=VERTEX_POINT('',#3365);
#957=VERTEX_POINT('',#3367);
#958=VERTEX_POINT('',#3369);
#959=VERTEX_POINT('',#3371);
#960=VERTEX_POINT('',#3372);
#961=VERTEX_POINT('',#3375);
#962=VERTEX_POINT('',#3376);
#963=VERTEX_POINT('',#3379);
#964=VERTEX_POINT('',#3380);
#965=VERTEX_POINT('',#3383);
#966=VERTEX_POINT('',#3384);
#967=VERTEX_POINT('',#3387);
#968=VERTEX_POINT('',#3388);
#969=VERTEX_POINT('',#3392);
#970=VERTEX_POINT('',#3393);
#971=VERTEX_POINT('',#3417);
#972=VERTEX_POINT('',#3419);
#973=VERTEX_POINT('',#3436);
#974=VERTEX_POINT('',#3438);
#975=VERTEX_POINT('',#3449);
#976=VERTEX_POINT('',#3451);
#977=VERTEX_POINT('',#3453);
#978=VERTEX_POINT('',#3455);
#979=VERTEX_POINT('',#3456);
#980=VERTEX_POINT('',#3459);
#981=VERTEX_POINT('',#3460);
#982=VERTEX_POINT('',#3463);
#983=VERTEX_POINT('',#3464);
#984=VERTEX_POINT('',#3467);
#985=VERTEX_POINT('',#3468);
#986=VERTEX_POINT('',#3471);
#987=VERTEX_POINT('',#3472);
#988=VERTEX_POINT('',#3475);
#989=VERTEX_POINT('',#3478);
#990=VERTEX_POINT('',#3479);
#991=VERTEX_POINT('',#3481);
#992=VERTEX_POINT('',#3505);
#993=VERTEX_POINT('',#3507);
#994=VERTEX_POINT('',#3517);
#995=VERTEX_POINT('',#3535);
#996=VERTEX_POINT('',#3537);
#997=VERTEX_POINT('',#3539);
#998=VERTEX_POINT('',#3541);
#999=VERTEX_POINT('',#3543);
#1000=VERTEX_POINT('',#3544);
#1001=VERTEX_POINT('',#3547);
#1002=VERTEX_POINT('',#3548);
#1003=VERTEX_POINT('',#3551);
#1004=VERTEX_POINT('',#3552);
#1005=VERTEX_POINT('',#3555);
#1006=VERTEX_POINT('',#3556);
#1007=VERTEX_POINT('',#3559);
#1008=VERTEX_POINT('',#3560);
#1009=VERTEX_POINT('',#3564);
#1010=VERTEX_POINT('',#3565);
#1011=VERTEX_POINT('',#3589);
#1012=VERTEX_POINT('',#3591);
#1013=VERTEX_POINT('',#3608);
#1014=VERTEX_POINT('',#3610);
#1015=VERTEX_POINT('',#3621);
#1016=VERTEX_POINT('',#3623);
#1017=VERTEX_POINT('',#3625);
#1018=VERTEX_POINT('',#3627);
#1019=VERTEX_POINT('',#3628);
#1020=VERTEX_POINT('',#3631);
#1021=VERTEX_POINT('',#3632);
#1022=VERTEX_POINT('',#3635);
#1023=VERTEX_POINT('',#3636);
#1024=VERTEX_POINT('',#3639);
#1025=VERTEX_POINT('',#3640);
#1026=VERTEX_POINT('',#3643);
#1027=VERTEX_POINT('',#3644);
#1028=VERTEX_POINT('',#3647);
#1029=VERTEX_POINT('',#3650);
#1030=VERTEX_POINT('',#3651);
#1031=VERTEX_POINT('',#3675);
#1032=VERTEX_POINT('',#3677);
#1033=VERTEX_POINT('',#3694);
#1034=VERTEX_POINT('',#3696);
#1035=VERTEX_POINT('',#3707);
#1036=VERTEX_POINT('',#3708);
#1037=VERTEX_POINT('',#3711);
#1038=VERTEX_POINT('',#3712);
#1039=VERTEX_POINT('',#3715);
#1040=VERTEX_POINT('',#3716);
#1041=VERTEX_POINT('',#3719);
#1042=VERTEX_POINT('',#3720);
#1043=VERTEX_POINT('',#3723);
#1044=VERTEX_POINT('',#3724);
#1045=VERTEX_POINT('',#3727);
#1046=VERTEX_POINT('',#3729);
#1047=VERTEX_POINT('',#3731);
#1048=VERTEX_POINT('',#3734);
#1049=VERTEX_POINT('',#3735);
#1050=VERTEX_POINT('',#3752);
#1051=VERTEX_POINT('',#3754);
#1052=VERTEX_POINT('',#3778);
#1053=VERTEX_POINT('',#3780);
#1054=VERTEX_POINT('',#3791);
#1055=VERTEX_POINT('',#3793);
#1056=VERTEX_POINT('',#3794);
#1057=VERTEX_POINT('',#3797);
#1058=VERTEX_POINT('',#3798);
#1059=VERTEX_POINT('',#3801);
#1060=VERTEX_POINT('',#3802);
#1061=VERTEX_POINT('',#3805);
#1062=VERTEX_POINT('',#3807);
#1063=VERTEX_POINT('',#3808);
#1064=VERTEX_POINT('',#3811);
#1065=VERTEX_POINT('',#3812);
#1066=VERTEX_POINT('',#3815);
#1067=VERTEX_POINT('',#3995);
#1068=VERTEX_POINT('',#3996);
#1069=VERTEX_POINT('',#3998);
#1070=VERTEX_POINT('',#4056);
#1071=VERTEX_POINT('',#4087);
#1072=VERTEX_POINT('',#4089);
#1073=VERTEX_POINT('',#4091);
#1074=VERTEX_POINT('',#4093);
#1075=VERTEX_POINT('',#4095);
#1076=VERTEX_POINT('',#4097);
#1077=VERTEX_POINT('',#4100);
#1078=VERTEX_POINT('',#4102);
#1079=VERTEX_POINT('',#4104);
#1080=VERTEX_POINT('',#4106);
#1081=VERTEX_POINT('',#4108);
#1082=VERTEX_POINT('',#4110);
#1083=VERTEX_POINT('',#4114);
#1084=VERTEX_POINT('',#4118);
#1085=VERTEX_POINT('',#4641);
#1086=EDGE_CURVE('',#904,#904,#812,.T.);
#1087=EDGE_CURVE('',#905,#906,#208,.T.);
#1088=EDGE_CURVE('',#906,#905,#150,.T.);
#1089=EDGE_CURVE('',#907,#908,#209,.T.);
#1090=EDGE_CURVE('',#908,#909,#151,.T.);
#1091=EDGE_CURVE('',#910,#909,#813,.F.);
#1092=EDGE_CURVE('',#910,#906,#152,.T.);
#1093=EDGE_CURVE('',#905,#906,#814,.T.);
#1094=EDGE_CURVE('',#905,#907,#153,.T.);
#1095=EDGE_CURVE('',#911,#911,#815,.T.);
#1096=EDGE_CURVE('',#912,#912,#816,.F.);
#1097=EDGE_CURVE('',#913,#914,#817,.T.);
#1098=EDGE_CURVE('',#913,#914,#210,.T.);
#1099=EDGE_CURVE('',#915,#916,#818,.T.);
#1100=EDGE_CURVE('',#915,#916,#211,.T.);
#1101=EDGE_CURVE('',#917,#918,#819,.T.);
#1102=EDGE_CURVE('',#917,#918,#212,.T.);
#1103=EDGE_CURVE('',#919,#920,#820,.T.);
#1104=EDGE_CURVE('',#919,#920,#213,.T.);
#1105=EDGE_CURVE('',#921,#922,#821,.T.);
#1106=EDGE_CURVE('',#921,#922,#214,.T.);
#1107=EDGE_CURVE('',#923,#923,#822,.F.);
#1108=EDGE_CURVE('',#924,#925,#215,.T.);
#1109=EDGE_CURVE('',#909,#925,#154,.T.);
#1110=EDGE_CURVE('',#908,#907,#155,.T.);
#1111=EDGE_CURVE('',#926,#910,#156,.T.);
#1112=EDGE_CURVE('',#927,#926,#216,.T.);
#1113=EDGE_CURVE('',#924,#927,#157,.T.);
#1114=EDGE_CURVE('',#904,#911,#217,.T.);
#1115=EDGE_CURVE('',#927,#924,#823,.T.);
#1116=EDGE_CURVE('',#928,#928,#824,.T.);
#1117=EDGE_CURVE('',#928,#923,#218,.T.);
#1118=EDGE_CURVE('',#929,#930,#825,.T.);
#1119=EDGE_CURVE('',#931,#929,#158,.T.);
#1120=EDGE_CURVE('',#931,#932,#219,.T.);
#1121=EDGE_CURVE('',#933,#932,#159,.T.);
#1122=EDGE_CURVE('',#934,#933,#826,.T.);
#1123=EDGE_CURVE('',#930,#934,#160,.T.);
#1124=EDGE_CURVE('',#935,#935,#827,.T.);
#1125=EDGE_CURVE('',#936,#936,#828,.T.);
#1126=EDGE_CURVE('',#937,#937,#829,.T.);
#1127=EDGE_CURVE('',#938,#938,#830,.T.);
#1128=EDGE_CURVE('',#939,#940,#831,.T.);
#1129=EDGE_CURVE('',#939,#940,#220,.T.);
#1130=EDGE_CURVE('',#941,#942,#832,.T.);
#1131=EDGE_CURVE('',#941,#942,#221,.T.);
#1132=EDGE_CURVE('',#943,#944,#833,.T.);
#1133=EDGE_CURVE('',#943,#944,#222,.T.);
#1134=EDGE_CURVE('',#945,#946,#834,.T.);
#1135=EDGE_CURVE('',#945,#946,#223,.T.);
#1136=EDGE_CURVE('',#947,#948,#835,.T.);
#1137=EDGE_CURVE('',#947,#948,#224,.T.);
#1138=EDGE_CURVE('',#949,#950,#836,.T.);
#1139=EDGE_CURVE('',#951,#949,#161,.T.);
#1140=EDGE_CURVE('',#952,#951,#225,.T.);
#1141=EDGE_CURVE('',#953,#952,#162,.T.);
#1142=EDGE_CURVE('',#954,#953,#837,.T.);
#1143=EDGE_CURVE('',#950,#954,#163,.T.);
#1144=EDGE_CURVE('',#955,#955,#838,.T.);
#1145=EDGE_CURVE('',#956,#956,#839,.T.);
#1146=EDGE_CURVE('',#957,#957,#840,.F.);
#1147=EDGE_CURVE('',#958,#958,#841,.T.);
#1148=EDGE_CURVE('',#959,#960,#842,.T.);
#1149=EDGE_CURVE('',#959,#960,#226,.T.);
#1150=EDGE_CURVE('',#961,#962,#843,.T.);
#1151=EDGE_CURVE('',#961,#962,#227,.T.);
#1152=EDGE_CURVE('',#963,#964,#844,.T.);
#1153=EDGE_CURVE('',#963,#964,#228,.T.);
#1154=EDGE_CURVE('',#965,#966,#845,.T.);
#1155=EDGE_CURVE('',#965,#966,#229,.T.);
#1156=EDGE_CURVE('',#967,#968,#846,.T.);
#1157=EDGE_CURVE('',#967,#968,#230,.T.);
#1158=EDGE_CURVE('',#969,#970,#164,.T.);
#1159=EDGE_CURVE('',#970,#971,#847,.T.);
#1160=EDGE_CURVE('',#971,#972,#165,.T.);
#1161=EDGE_CURVE('',#972,#973,#848,.T.);
#1162=EDGE_CURVE('',#973,#974,#166,.T.);
#1163=EDGE_CURVE('',#974,#969,#231,.T.);
#1164=EDGE_CURVE('',#975,#975,#849,.F.);
#1165=EDGE_CURVE('',#976,#976,#850,.T.);
#1166=EDGE_CURVE('',#977,#977,#851,.T.);
#1167=EDGE_CURVE('',#978,#979,#232,.T.);
#1168=EDGE_CURVE('',#978,#979,#852,.T.);
#1169=EDGE_CURVE('',#980,#981,#233,.T.);
#1170=EDGE_CURVE('',#980,#981,#853,.T.);
#1171=EDGE_CURVE('',#982,#983,#234,.T.);
#1172=EDGE_CURVE('',#982,#983,#854,.T.);
#1173=EDGE_CURVE('',#984,#985,#235,.T.);
#1174=EDGE_CURVE('',#984,#985,#855,.T.);
#1175=EDGE_CURVE('',#986,#987,#236,.T.);
#1176=EDGE_CURVE('',#986,#987,#856,.T.);
#1177=EDGE_CURVE('',#988,#988,#857,.T.);
#1178=EDGE_CURVE('',#989,#990,#858,.T.);
#1179=EDGE_CURVE('',#991,#989,#167,.T.);
#1180=EDGE_CURVE('',#992,#991,#237,.T.);
#1181=EDGE_CURVE('',#993,#992,#168,.T.);
#1182=EDGE_CURVE('',#994,#993,#859,.T.);
#1183=EDGE_CURVE('',#990,#994,#169,.T.);
#1184=EDGE_CURVE('',#995,#995,#860,.T.);
#1185=EDGE_CURVE('',#996,#996,#861,.T.);
#1186=EDGE_CURVE('',#997,#997,#862,.F.);
#1187=EDGE_CURVE('',#998,#998,#863,.T.);
#1188=EDGE_CURVE('',#999,#1000,#864,.T.);
#1189=EDGE_CURVE('',#999,#1000,#238,.T.);
#1190=EDGE_CURVE('',#1001,#1002,#865,.T.);
#1191=EDGE_CURVE('',#1001,#1002,#239,.T.);
#1192=EDGE_CURVE('',#1003,#1004,#866,.T.);
#1193=EDGE_CURVE('',#1003,#1004,#240,.T.);
#1194=EDGE_CURVE('',#1005,#1006,#867,.T.);
#1195=EDGE_CURVE('',#1005,#1006,#241,.T.);
#1196=EDGE_CURVE('',#1007,#1008,#868,.T.);
#1197=EDGE_CURVE('',#1007,#1008,#242,.T.);
#1198=EDGE_CURVE('',#1009,#1010,#170,.T.);
#1199=EDGE_CURVE('',#1010,#1011,#869,.T.);
#1200=EDGE_CURVE('',#1011,#1012,#171,.T.);
#1201=EDGE_CURVE('',#1012,#1013,#870,.T.);
#1202=EDGE_CURVE('',#1013,#1014,#172,.T.);
#1203=EDGE_CURVE('',#1014,#1009,#243,.T.);
#1204=EDGE_CURVE('',#1015,#1015,#871,.F.);
#1205=EDGE_CURVE('',#1016,#1016,#872,.T.);
#1206=EDGE_CURVE('',#1017,#1017,#873,.T.);
#1207=EDGE_CURVE('',#1018,#1019,#244,.T.);
#1208=EDGE_CURVE('',#1018,#1019,#874,.T.);
#1209=EDGE_CURVE('',#1020,#1021,#245,.T.);
#1210=EDGE_CURVE('',#1020,#1021,#875,.T.);
#1211=EDGE_CURVE('',#1022,#1023,#246,.T.);
#1212=EDGE_CURVE('',#1022,#1023,#876,.T.);
#1213=EDGE_CURVE('',#1024,#1025,#247,.T.);
#1214=EDGE_CURVE('',#1024,#1025,#877,.T.);
#1215=EDGE_CURVE('',#1026,#1027,#248,.T.);
#1216=EDGE_CURVE('',#1026,#1027,#878,.T.);
#1217=EDGE_CURVE('',#1028,#1028,#879,.T.);
#1218=EDGE_CURVE('',#1029,#1030,#173,.T.);
#1219=EDGE_CURVE('',#1030,#1031,#880,.T.);
#1220=EDGE_CURVE('',#1031,#1032,#174,.T.);
#1221=EDGE_CURVE('',#1032,#1033,#881,.T.);
#1222=EDGE_CURVE('',#1033,#1034,#175,.T.);
#1223=EDGE_CURVE('',#1034,#1029,#249,.T.);
#1224=EDGE_CURVE('',#1035,#1036,#250,.T.);
#1225=EDGE_CURVE('',#1035,#1036,#882,.T.);
#1226=EDGE_CURVE('',#1037,#1038,#251,.T.);
#1227=EDGE_CURVE('',#1037,#1038,#883,.T.);
#1228=EDGE_CURVE('',#1039,#1040,#252,.T.);
#1229=EDGE_CURVE('',#1039,#1040,#884,.T.);
#1230=EDGE_CURVE('',#1041,#1042,#253,.T.);
#1231=EDGE_CURVE('',#1041,#1042,#885,.T.);
#1232=EDGE_CURVE('',#1043,#1044,#254,.T.);
#1233=EDGE_CURVE('',#1043,#1044,#886,.T.);
#1234=EDGE_CURVE('',#1045,#1045,#887,.F.);
#1235=EDGE_CURVE('',#1046,#1046,#888,.F.);
#1236=EDGE_CURVE('',#1047,#1047,#889,.T.);
#1237=EDGE_CURVE('',#1048,#1049,#176,.T.);
#1238=EDGE_CURVE('',#1049,#1050,#890,.T.);
#1239=EDGE_CURVE('',#1050,#1051,#177,.T.);
#1240=EDGE_CURVE('',#1051,#1052,#255,.T.);
#1241=EDGE_CURVE('',#1052,#1053,#178,.T.);
#1242=EDGE_CURVE('',#1053,#1048,#891,.T.);
#1243=EDGE_CURVE('',#1054,#1054,#892,.F.);
#1244=EDGE_CURVE('',#1055,#1056,#256,.T.);
#1245=EDGE_CURVE('',#1055,#1056,#893,.T.);
#1246=EDGE_CURVE('',#1057,#1058,#257,.T.);
#1247=EDGE_CURVE('',#1057,#1058,#894,.T.);
#1248=EDGE_CURVE('',#1059,#1060,#258,.T.);
#1249=EDGE_CURVE('',#1059,#1060,#895,.T.);
#1250=EDGE_CURVE('',#1061,#1061,#896,.F.);
#1251=EDGE_CURVE('',#1062,#1063,#259,.T.);
#1252=EDGE_CURVE('',#1062,#1063,#897,.T.);
#1253=EDGE_CURVE('',#1064,#1065,#260,.T.);
#1254=EDGE_CURVE('',#1064,#1065,#898,.T.);
#1255=EDGE_CURVE('',#1066,#1066,#899,.F.);
#1256=EDGE_CURVE('',#934,#933,#179,.T.);
#1257=EDGE_CURVE('',#934,#933,#261,.T.);
#1258=EDGE_CURVE('',#954,#953,#180,.T.);
#1259=EDGE_CURVE('',#954,#953,#262,.T.);
#1260=EDGE_CURVE('',#972,#973,#263,.T.);
#1261=EDGE_CURVE('',#972,#973,#181,.T.);
#1262=EDGE_CURVE('',#994,#993,#182,.T.);
#1263=EDGE_CURVE('',#994,#993,#264,.T.);
#1264=EDGE_CURVE('',#1012,#1013,#265,.T.);
#1265=EDGE_CURVE('',#1012,#1013,#183,.T.);
#1266=EDGE_CURVE('',#1032,#1033,#266,.T.);
#1267=EDGE_CURVE('',#1032,#1033,#184,.T.);
#1268=EDGE_CURVE('',#1053,#1048,#267,.T.);
#1269=EDGE_CURVE('',#1053,#1048,#185,.T.);
#1270=EDGE_CURVE('',#997,#1045,#268,.T.);
#1271=EDGE_CURVE('',#996,#1046,#269,.T.);
#1272=EDGE_CURVE('',#957,#1015,#270,.T.);
#1273=EDGE_CURVE('',#937,#975,#271,.T.);
#1274=EDGE_CURVE('',#1067,#1068,#272,.T.);
#1275=EDGE_CURVE('',#1069,#1068,#186,.T.);
#1276=EDGE_CURVE('',#1070,#1069,#273,.T.);
#1277=EDGE_CURVE('',#1070,#930,#187,.T.);
#1278=EDGE_CURVE('',#932,#931,#188,.F.);
#1279=EDGE_CURVE('',#929,#1067,#189,.T.);
#1280=EDGE_CURVE('',#1068,#1069,#900,.T.);
#1281=EDGE_CURVE('',#1071,#1067,#274,.T.);
#1282=EDGE_CURVE('',#1072,#1071,#275,.T.);
#1283=EDGE_CURVE('',#1073,#1072,#276,.T.);
#1284=EDGE_CURVE('',#1074,#1073,#277,.T.);
#1285=EDGE_CURVE('',#1075,#1074,#278,.T.);
#1286=EDGE_CURVE('',#1076,#1075,#279,.T.);
#1287=EDGE_CURVE('',#925,#1076,#280,.T.);
#1288=EDGE_CURVE('',#926,#1077,#281,.T.);
#1289=EDGE_CURVE('',#1077,#1078,#282,.T.);
#1290=EDGE_CURVE('',#1078,#1079,#283,.T.);
#1291=EDGE_CURVE('',#1079,#1080,#284,.T.);
#1292=EDGE_CURVE('',#1080,#1081,#285,.T.);
#1293=EDGE_CURVE('',#1081,#1082,#286,.T.);
#1294=EDGE_CURVE('',#1082,#1070,#287,.T.);
#1295=EDGE_CURVE('',#938,#1083,#288,.T.);
#1296=EDGE_CURVE('',#1083,#1083,#901,.T.);
#1297=EDGE_CURVE('',#1084,#1084,#902,.T.);
#1298=EDGE_CURVE('',#970,#1071,#190,.T.);
#1299=EDGE_CURVE('',#974,#969,#191,.T.);
#1300=EDGE_CURVE('',#1082,#971,#192,.T.);
#1301=EDGE_CURVE('',#1081,#950,#193,.T.);
#1302=EDGE_CURVE('',#952,#951,#194,.T.);
#1303=EDGE_CURVE('',#949,#1072,#195,.T.);
#1304=EDGE_CURVE('',#958,#988,#289,.T.);
#1305=EDGE_CURVE('',#1010,#1073,#196,.T.);
#1306=EDGE_CURVE('',#1014,#1009,#197,.T.);
#1307=EDGE_CURVE('',#1080,#1011,#198,.T.);
#1308=EDGE_CURVE('',#1079,#990,#199,.T.);
#1309=EDGE_CURVE('',#992,#991,#200,.T.);
#1310=EDGE_CURVE('',#989,#1074,#201,.T.);
#1311=EDGE_CURVE('',#998,#1028,#290,.T.);
#1312=EDGE_CURVE('',#956,#1016,#291,.T.);
#1313=EDGE_CURVE('',#936,#976,#292,.T.);
#1314=EDGE_CURVE('',#995,#1017,#293,.T.);
#1315=EDGE_CURVE('',#955,#977,#294,.T.);
#1316=EDGE_CURVE('',#935,#1084,#295,.T.);
#1317=EDGE_CURVE('',#1030,#1075,#202,.T.);
#1318=EDGE_CURVE('',#1034,#1029,#203,.T.);
#1319=EDGE_CURVE('',#1078,#1031,#204,.T.);
#1320=EDGE_CURVE('',#1049,#1077,#205,.T.);
#1321=EDGE_CURVE('',#1051,#1052,#206,.T.);
#1322=EDGE_CURVE('',#1076,#1050,#207,.T.);
#1323=EDGE_CURVE('',#1066,#1047,#296,.T.);
#1324=EDGE_CURVE('',#1085,#1085,#903,.T.);
#1325=EDGE_CURVE('',#1054,#1085,#297,.T.);
#1326=EDGE_CURVE('',#905,#1053,#298,.T.);
#1327=EDGE_CURVE('',#906,#1048,#299,.T.);
#1328=EDGE_CURVE('',#1032,#994,#300,.T.);
#1329=EDGE_CURVE('',#1033,#993,#301,.T.);
#1330=EDGE_CURVE('',#1012,#954,#302,.T.);
#1331=EDGE_CURVE('',#1013,#953,#303,.T.);
#1332=EDGE_CURVE('',#972,#934,#304,.T.);
#1333=EDGE_CURVE('',#973,#933,#305,.T.);
#1334=EDGE_CURVE('',#921,#1055,#306,.T.);
#1335=EDGE_CURVE('',#922,#1056,#307,.T.);
#1336=EDGE_CURVE('',#1043,#999,#308,.T.);
#1337=EDGE_CURVE('',#1044,#1000,#309,.T.);
#1338=EDGE_CURVE('',#1018,#959,#310,.T.);
#1339=EDGE_CURVE('',#1019,#960,#311,.T.);
#1340=EDGE_CURVE('',#978,#939,#312,.T.);
#1341=EDGE_CURVE('',#979,#940,#313,.T.);
#1342=EDGE_CURVE('',#919,#1064,#314,.T.);
#1343=EDGE_CURVE('',#920,#1065,#315,.T.);
#1344=EDGE_CURVE('',#917,#1057,#316,.T.);
#1345=EDGE_CURVE('',#918,#1058,#317,.T.);
#1346=EDGE_CURVE('',#1035,#1001,#318,.T.);
#1347=EDGE_CURVE('',#1036,#1002,#319,.T.);
#1348=EDGE_CURVE('',#1041,#1003,#320,.T.);
#1349=EDGE_CURVE('',#1042,#1004,#321,.T.);
#1350=EDGE_CURVE('',#1026,#961,#322,.T.);
#1351=EDGE_CURVE('',#1027,#962,#323,.T.);
#1352=EDGE_CURVE('',#1020,#963,#324,.T.);
#1353=EDGE_CURVE('',#1021,#964,#325,.T.);
#1354=EDGE_CURVE('',#986,#941,#326,.T.);
#1355=EDGE_CURVE('',#987,#942,#327,.T.);
#1356=EDGE_CURVE('',#980,#943,#328,.T.);
#1357=EDGE_CURVE('',#981,#944,#329,.T.);
#1358=EDGE_CURVE('',#1051,#908,#330,.T.);
#1359=EDGE_CURVE('',#1052,#907,#331,.T.);
#1360=EDGE_CURVE('',#992,#1034,#332,.T.);
#1361=EDGE_CURVE('',#991,#1029,#333,.T.);
#1362=EDGE_CURVE('',#952,#1014,#334,.T.);
#1363=EDGE_CURVE('',#951,#1009,#335,.T.);
#1364=EDGE_CURVE('',#932,#974,#336,.T.);
#1365=EDGE_CURVE('',#931,#969,#337,.T.);
#1366=EDGE_CURVE('',#909,#1050,#338,.T.);
#1367=EDGE_CURVE('',#910,#1049,#339,.T.);
#1368=EDGE_CURVE('',#1030,#989,#340,.T.);
#1369=EDGE_CURVE('',#1031,#990,#341,.T.);
#1370=EDGE_CURVE('',#1010,#949,#342,.T.);
#1371=EDGE_CURVE('',#1011,#950,#343,.T.);
#1372=EDGE_CURVE('',#970,#929,#344,.T.);
#1373=EDGE_CURVE('',#971,#930,#345,.T.);
#1374=EDGE_CURVE('',#915,#1062,#346,.T.);
#1375=EDGE_CURVE('',#916,#1063,#347,.T.);
#1376=EDGE_CURVE('',#1037,#1005,#348,.T.);
#1377=EDGE_CURVE('',#1038,#1006,#349,.T.);
#1378=EDGE_CURVE('',#1024,#965,#350,.T.);
#1379=EDGE_CURVE('',#1025,#966,#351,.T.);
#1380=EDGE_CURVE('',#984,#945,#352,.T.);
#1381=EDGE_CURVE('',#985,#946,#353,.T.);
#1382=EDGE_CURVE('',#913,#1059,#354,.T.);
#1383=EDGE_CURVE('',#914,#1060,#355,.T.);
#1384=EDGE_CURVE('',#1039,#1007,#356,.T.);
#1385=EDGE_CURVE('',#1040,#1008,#357,.T.);
#1386=EDGE_CURVE('',#1022,#967,#358,.T.);
#1387=EDGE_CURVE('',#1023,#968,#359,.T.);
#1388=EDGE_CURVE('',#982,#947,#360,.T.);
#1389=EDGE_CURVE('',#983,#948,#361,.T.);
#1390=EDGE_CURVE('',#912,#1061,#362,.T.);
#1391=ORIENTED_EDGE('',*,*,#1086,.F.);
#1392=ORIENTED_EDGE('',*,*,#1087,.T.);
#1393=ORIENTED_EDGE('',*,*,#1088,.T.);
#1394=ORIENTED_EDGE('',*,*,#1089,.T.);
#1395=ORIENTED_EDGE('',*,*,#1090,.T.);
#1396=ORIENTED_EDGE('',*,*,#1091,.F.);
#1397=ORIENTED_EDGE('',*,*,#1092,.T.);
#1398=ORIENTED_EDGE('',*,*,#1093,.F.);
#1399=ORIENTED_EDGE('',*,*,#1094,.T.);
#1400=ORIENTED_EDGE('',*,*,#1095,.F.);
#1401=ORIENTED_EDGE('',*,*,#1096,.F.);
#1402=ORIENTED_EDGE('',*,*,#1097,.F.);
#1403=ORIENTED_EDGE('',*,*,#1098,.T.);
#1404=ORIENTED_EDGE('',*,*,#1099,.F.);
#1405=ORIENTED_EDGE('',*,*,#1100,.T.);
#1406=ORIENTED_EDGE('',*,*,#1101,.F.);
#1407=ORIENTED_EDGE('',*,*,#1102,.T.);
#1408=ORIENTED_EDGE('',*,*,#1103,.F.);
#1409=ORIENTED_EDGE('',*,*,#1104,.T.);
#1410=ORIENTED_EDGE('',*,*,#1105,.F.);
#1411=ORIENTED_EDGE('',*,*,#1106,.T.);
#1412=ORIENTED_EDGE('',*,*,#1107,.F.);
#1413=ORIENTED_EDGE('',*,*,#1108,.T.);
#1414=ORIENTED_EDGE('',*,*,#1109,.F.);
#1415=ORIENTED_EDGE('',*,*,#1090,.F.);
#1416=ORIENTED_EDGE('',*,*,#1110,.T.);
#1417=ORIENTED_EDGE('',*,*,#1094,.F.);
#1418=ORIENTED_EDGE('',*,*,#1088,.F.);
#1419=ORIENTED_EDGE('',*,*,#1092,.F.);
#1420=ORIENTED_EDGE('',*,*,#1111,.F.);
#1421=ORIENTED_EDGE('',*,*,#1112,.F.);
#1422=ORIENTED_EDGE('',*,*,#1113,.F.);
#1423=ORIENTED_EDGE('',*,*,#1086,.T.);
#1424=ORIENTED_EDGE('',*,*,#1114,.T.);
#1425=ORIENTED_EDGE('',*,*,#1095,.T.);
#1426=ORIENTED_EDGE('',*,*,#1114,.F.);
#1427=ORIENTED_EDGE('',*,*,#1113,.T.);
#1428=ORIENTED_EDGE('',*,*,#1115,.T.);
#1429=ORIENTED_EDGE('',*,*,#1116,.F.);
#1430=ORIENTED_EDGE('',*,*,#1117,.T.);
#1431=ORIENTED_EDGE('',*,*,#1107,.T.);
#1432=ORIENTED_EDGE('',*,*,#1117,.F.);
#1433=ORIENTED_EDGE('',*,*,#1118,.F.);
#1434=ORIENTED_EDGE('',*,*,#1119,.F.);
#1435=ORIENTED_EDGE('',*,*,#1120,.T.);
#1436=ORIENTED_EDGE('',*,*,#1121,.F.);
#1437=ORIENTED_EDGE('',*,*,#1122,.F.);
#1438=ORIENTED_EDGE('',*,*,#1123,.F.);
#1439=ORIENTED_EDGE('',*,*,#1124,.F.);
#1440=ORIENTED_EDGE('',*,*,#1125,.F.);
#1441=ORIENTED_EDGE('',*,*,#1126,.F.);
#1442=ORIENTED_EDGE('',*,*,#1127,.T.);
#1443=ORIENTED_EDGE('',*,*,#1128,.F.);
#1444=ORIENTED_EDGE('',*,*,#1129,.T.);
#1445=ORIENTED_EDGE('',*,*,#1130,.F.);
#1446=ORIENTED_EDGE('',*,*,#1131,.T.);
#1447=ORIENTED_EDGE('',*,*,#1132,.F.);
#1448=ORIENTED_EDGE('',*,*,#1133,.T.);
#1449=ORIENTED_EDGE('',*,*,#1134,.F.);
#1450=ORIENTED_EDGE('',*,*,#1135,.T.);
#1451=ORIENTED_EDGE('',*,*,#1136,.F.);
#1452=ORIENTED_EDGE('',*,*,#1137,.T.);
#1453=ORIENTED_EDGE('',*,*,#1138,.F.);
#1454=ORIENTED_EDGE('',*,*,#1139,.F.);
#1455=ORIENTED_EDGE('',*,*,#1140,.F.);
#1456=ORIENTED_EDGE('',*,*,#1141,.F.);
#1457=ORIENTED_EDGE('',*,*,#1142,.F.);
#1458=ORIENTED_EDGE('',*,*,#1143,.F.);
#1459=ORIENTED_EDGE('',*,*,#1144,.F.);
#1460=ORIENTED_EDGE('',*,*,#1145,.F.);
#1461=ORIENTED_EDGE('',*,*,#1146,.T.);
#1462=ORIENTED_EDGE('',*,*,#1147,.T.);
#1463=ORIENTED_EDGE('',*,*,#1148,.F.);
#1464=ORIENTED_EDGE('',*,*,#1149,.T.);
#1465=ORIENTED_EDGE('',*,*,#1150,.F.);
#1466=ORIENTED_EDGE('',*,*,#1151,.T.);
#1467=ORIENTED_EDGE('',*,*,#1152,.F.);
#1468=ORIENTED_EDGE('',*,*,#1153,.T.);
#1469=ORIENTED_EDGE('',*,*,#1154,.F.);
#1470=ORIENTED_EDGE('',*,*,#1155,.T.);
#1471=ORIENTED_EDGE('',*,*,#1156,.F.);
#1472=ORIENTED_EDGE('',*,*,#1157,.T.);
#1473=ORIENTED_EDGE('',*,*,#1158,.T.);
#1474=ORIENTED_EDGE('',*,*,#1159,.T.);
#1475=ORIENTED_EDGE('',*,*,#1160,.T.);
#1476=ORIENTED_EDGE('',*,*,#1161,.T.);
#1477=ORIENTED_EDGE('',*,*,#1162,.T.);
#1478=ORIENTED_EDGE('',*,*,#1163,.T.);
#1479=ORIENTED_EDGE('',*,*,#1164,.F.);
#1480=ORIENTED_EDGE('',*,*,#1165,.T.);
#1481=ORIENTED_EDGE('',*,*,#1166,.T.);
#1482=ORIENTED_EDGE('',*,*,#1167,.F.);
#1483=ORIENTED_EDGE('',*,*,#1168,.T.);
#1484=ORIENTED_EDGE('',*,*,#1169,.F.);
#1485=ORIENTED_EDGE('',*,*,#1170,.T.);
#1486=ORIENTED_EDGE('',*,*,#1171,.F.);
#1487=ORIENTED_EDGE('',*,*,#1172,.T.);
#1488=ORIENTED_EDGE('',*,*,#1173,.F.);
#1489=ORIENTED_EDGE('',*,*,#1174,.T.);
#1490=ORIENTED_EDGE('',*,*,#1175,.F.);
#1491=ORIENTED_EDGE('',*,*,#1176,.T.);
#1492=ORIENTED_EDGE('',*,*,#1177,.F.);
#1493=ORIENTED_EDGE('',*,*,#1178,.F.);
#1494=ORIENTED_EDGE('',*,*,#1179,.F.);
#1495=ORIENTED_EDGE('',*,*,#1180,.F.);
#1496=ORIENTED_EDGE('',*,*,#1181,.F.);
#1497=ORIENTED_EDGE('',*,*,#1182,.F.);
#1498=ORIENTED_EDGE('',*,*,#1183,.F.);
#1499=ORIENTED_EDGE('',*,*,#1184,.F.);
#1500=ORIENTED_EDGE('',*,*,#1185,.F.);
#1501=ORIENTED_EDGE('',*,*,#1186,.T.);
#1502=ORIENTED_EDGE('',*,*,#1187,.T.);
#1503=ORIENTED_EDGE('',*,*,#1188,.F.);
#1504=ORIENTED_EDGE('',*,*,#1189,.T.);
#1505=ORIENTED_EDGE('',*,*,#1190,.F.);
#1506=ORIENTED_EDGE('',*,*,#1191,.T.);
#1507=ORIENTED_EDGE('',*,*,#1192,.F.);
#1508=ORIENTED_EDGE('',*,*,#1193,.T.);
#1509=ORIENTED_EDGE('',*,*,#1194,.F.);
#1510=ORIENTED_EDGE('',*,*,#1195,.T.);
#1511=ORIENTED_EDGE('',*,*,#1196,.F.);
#1512=ORIENTED_EDGE('',*,*,#1197,.T.);
#1513=ORIENTED_EDGE('',*,*,#1198,.T.);
#1514=ORIENTED_EDGE('',*,*,#1199,.T.);
#1515=ORIENTED_EDGE('',*,*,#1200,.T.);
#1516=ORIENTED_EDGE('',*,*,#1201,.T.);
#1517=ORIENTED_EDGE('',*,*,#1202,.T.);
#1518=ORIENTED_EDGE('',*,*,#1203,.T.);
#1519=ORIENTED_EDGE('',*,*,#1204,.F.);
#1520=ORIENTED_EDGE('',*,*,#1205,.T.);
#1521=ORIENTED_EDGE('',*,*,#1206,.T.);
#1522=ORIENTED_EDGE('',*,*,#1207,.F.);
#1523=ORIENTED_EDGE('',*,*,#1208,.T.);
#1524=ORIENTED_EDGE('',*,*,#1209,.F.);
#1525=ORIENTED_EDGE('',*,*,#1210,.T.);
#1526=ORIENTED_EDGE('',*,*,#1211,.F.);
#1527=ORIENTED_EDGE('',*,*,#1212,.T.);
#1528=ORIENTED_EDGE('',*,*,#1213,.F.);
#1529=ORIENTED_EDGE('',*,*,#1214,.T.);
#1530=ORIENTED_EDGE('',*,*,#1215,.F.);
#1531=ORIENTED_EDGE('',*,*,#1216,.T.);
#1532=ORIENTED_EDGE('',*,*,#1217,.F.);
#1533=ORIENTED_EDGE('',*,*,#1218,.T.);
#1534=ORIENTED_EDGE('',*,*,#1219,.T.);
#1535=ORIENTED_EDGE('',*,*,#1220,.T.);
#1536=ORIENTED_EDGE('',*,*,#1221,.T.);
#1537=ORIENTED_EDGE('',*,*,#1222,.T.);
#1538=ORIENTED_EDGE('',*,*,#1223,.T.);
#1539=ORIENTED_EDGE('',*,*,#1224,.F.);
#1540=ORIENTED_EDGE('',*,*,#1225,.T.);
#1541=ORIENTED_EDGE('',*,*,#1226,.F.);
#1542=ORIENTED_EDGE('',*,*,#1227,.T.);
#1543=ORIENTED_EDGE('',*,*,#1228,.F.);
#1544=ORIENTED_EDGE('',*,*,#1229,.T.);
#1545=ORIENTED_EDGE('',*,*,#1230,.F.);
#1546=ORIENTED_EDGE('',*,*,#1231,.T.);
#1547=ORIENTED_EDGE('',*,*,#1232,.F.);
#1548=ORIENTED_EDGE('',*,*,#1233,.T.);
#1549=ORIENTED_EDGE('',*,*,#1234,.F.);
#1550=ORIENTED_EDGE('',*,*,#1235,.F.);
#1551=ORIENTED_EDGE('',*,*,#1236,.T.);
#1552=ORIENTED_EDGE('',*,*,#1237,.T.);
#1553=ORIENTED_EDGE('',*,*,#1238,.T.);
#1554=ORIENTED_EDGE('',*,*,#1239,.T.);
#1555=ORIENTED_EDGE('',*,*,#1240,.T.);
#1556=ORIENTED_EDGE('',*,*,#1241,.T.);
#1557=ORIENTED_EDGE('',*,*,#1242,.T.);
#1558=ORIENTED_EDGE('',*,*,#1243,.F.);
#1559=ORIENTED_EDGE('',*,*,#1244,.F.);
#1560=ORIENTED_EDGE('',*,*,#1245,.T.);
#1561=ORIENTED_EDGE('',*,*,#1246,.F.);
#1562=ORIENTED_EDGE('',*,*,#1247,.T.);
#1563=ORIENTED_EDGE('',*,*,#1248,.F.);
#1564=ORIENTED_EDGE('',*,*,#1249,.T.);
#1565=ORIENTED_EDGE('',*,*,#1116,.T.);
#1566=ORIENTED_EDGE('',*,*,#1250,.F.);
#1567=ORIENTED_EDGE('',*,*,#1251,.F.);
#1568=ORIENTED_EDGE('',*,*,#1252,.T.);
#1569=ORIENTED_EDGE('',*,*,#1253,.F.);
#1570=ORIENTED_EDGE('',*,*,#1254,.T.);
#1571=ORIENTED_EDGE('',*,*,#1255,.F.);
#1572=ORIENTED_EDGE('',*,*,#1256,.F.);
#1573=ORIENTED_EDGE('',*,*,#1257,.T.);
#1574=ORIENTED_EDGE('',*,*,#1258,.F.);
#1575=ORIENTED_EDGE('',*,*,#1259,.T.);
#1576=ORIENTED_EDGE('',*,*,#1260,.F.);
#1577=ORIENTED_EDGE('',*,*,#1261,.T.);
#1578=ORIENTED_EDGE('',*,*,#1262,.F.);
#1579=ORIENTED_EDGE('',*,*,#1263,.T.);
#1580=ORIENTED_EDGE('',*,*,#1264,.F.);
#1581=ORIENTED_EDGE('',*,*,#1265,.T.);
#1582=ORIENTED_EDGE('',*,*,#1266,.F.);
#1583=ORIENTED_EDGE('',*,*,#1267,.T.);
#1584=ORIENTED_EDGE('',*,*,#1268,.F.);
#1585=ORIENTED_EDGE('',*,*,#1269,.T.);
#1586=ORIENTED_EDGE('',*,*,#1186,.F.);
#1587=ORIENTED_EDGE('',*,*,#1270,.T.);
#1588=ORIENTED_EDGE('',*,*,#1234,.T.);
#1589=ORIENTED_EDGE('',*,*,#1270,.F.);
#1590=ORIENTED_EDGE('',*,*,#1185,.T.);
#1591=ORIENTED_EDGE('',*,*,#1271,.T.);
#1592=ORIENTED_EDGE('',*,*,#1235,.T.);
#1593=ORIENTED_EDGE('',*,*,#1271,.F.);
#1594=ORIENTED_EDGE('',*,*,#1146,.F.);
#1595=ORIENTED_EDGE('',*,*,#1272,.T.);
#1596=ORIENTED_EDGE('',*,*,#1204,.T.);
#1597=ORIENTED_EDGE('',*,*,#1272,.F.);
#1598=ORIENTED_EDGE('',*,*,#1126,.T.);
#1599=ORIENTED_EDGE('',*,*,#1273,.T.);
#1600=ORIENTED_EDGE('',*,*,#1164,.T.);
#1601=ORIENTED_EDGE('',*,*,#1273,.F.);
#1602=ORIENTED_EDGE('',*,*,#1274,.T.);
#1603=ORIENTED_EDGE('',*,*,#1275,.F.);
#1604=ORIENTED_EDGE('',*,*,#1276,.F.);
#1605=ORIENTED_EDGE('',*,*,#1277,.T.);
#1606=ORIENTED_EDGE('',*,*,#1123,.T.);
#1607=ORIENTED_EDGE('',*,*,#1256,.T.);
#1608=ORIENTED_EDGE('',*,*,#1121,.T.);
#1609=ORIENTED_EDGE('',*,*,#1278,.T.);
#1610=ORIENTED_EDGE('',*,*,#1119,.T.);
#1611=ORIENTED_EDGE('',*,*,#1279,.T.);
#1612=ORIENTED_EDGE('',*,*,#1276,.T.);
#1613=ORIENTED_EDGE('',*,*,#1280,.F.);
#1614=ORIENTED_EDGE('',*,*,#1274,.F.);
#1615=ORIENTED_EDGE('',*,*,#1281,.F.);
#1616=ORIENTED_EDGE('',*,*,#1282,.F.);
#1617=ORIENTED_EDGE('',*,*,#1283,.F.);
#1618=ORIENTED_EDGE('',*,*,#1284,.F.);
#1619=ORIENTED_EDGE('',*,*,#1285,.F.);
#1620=ORIENTED_EDGE('',*,*,#1286,.F.);
#1621=ORIENTED_EDGE('',*,*,#1287,.F.);
#1622=ORIENTED_EDGE('',*,*,#1108,.F.);
#1623=ORIENTED_EDGE('',*,*,#1115,.F.);
#1624=ORIENTED_EDGE('',*,*,#1112,.T.);
#1625=ORIENTED_EDGE('',*,*,#1288,.T.);
#1626=ORIENTED_EDGE('',*,*,#1289,.T.);
#1627=ORIENTED_EDGE('',*,*,#1290,.T.);
#1628=ORIENTED_EDGE('',*,*,#1291,.T.);
#1629=ORIENTED_EDGE('',*,*,#1292,.T.);
#1630=ORIENTED_EDGE('',*,*,#1293,.T.);
#1631=ORIENTED_EDGE('',*,*,#1294,.T.);
#1632=ORIENTED_EDGE('',*,*,#1127,.F.);
#1633=ORIENTED_EDGE('',*,*,#1295,.T.);
#1634=ORIENTED_EDGE('',*,*,#1296,.T.);
#1635=ORIENTED_EDGE('',*,*,#1295,.F.);
#1636=ORIENTED_EDGE('',*,*,#1275,.T.);
#1637=ORIENTED_EDGE('',*,*,#1280,.T.);
#1638=ORIENTED_EDGE('',*,*,#1296,.F.);
#1639=ORIENTED_EDGE('',*,*,#1297,.F.);
#1640=ORIENTED_EDGE('',*,*,#1298,.F.);
#1641=ORIENTED_EDGE('',*,*,#1158,.F.);
#1642=ORIENTED_EDGE('',*,*,#1299,.F.);
#1643=ORIENTED_EDGE('',*,*,#1162,.F.);
#1644=ORIENTED_EDGE('',*,*,#1261,.F.);
#1645=ORIENTED_EDGE('',*,*,#1160,.F.);
#1646=ORIENTED_EDGE('',*,*,#1300,.F.);
#1647=ORIENTED_EDGE('',*,*,#1293,.F.);
#1648=ORIENTED_EDGE('',*,*,#1301,.T.);
#1649=ORIENTED_EDGE('',*,*,#1143,.T.);
#1650=ORIENTED_EDGE('',*,*,#1258,.T.);
#1651=ORIENTED_EDGE('',*,*,#1141,.T.);
#1652=ORIENTED_EDGE('',*,*,#1302,.T.);
#1653=ORIENTED_EDGE('',*,*,#1139,.T.);
#1654=ORIENTED_EDGE('',*,*,#1303,.T.);
#1655=ORIENTED_EDGE('',*,*,#1282,.T.);
#1656=ORIENTED_EDGE('',*,*,#1147,.F.);
#1657=ORIENTED_EDGE('',*,*,#1304,.T.);
#1658=ORIENTED_EDGE('',*,*,#1177,.T.);
#1659=ORIENTED_EDGE('',*,*,#1304,.F.);
#1660=ORIENTED_EDGE('',*,*,#1305,.F.);
#1661=ORIENTED_EDGE('',*,*,#1198,.F.);
#1662=ORIENTED_EDGE('',*,*,#1306,.F.);
#1663=ORIENTED_EDGE('',*,*,#1202,.F.);
#1664=ORIENTED_EDGE('',*,*,#1265,.F.);
#1665=ORIENTED_EDGE('',*,*,#1200,.F.);
#1666=ORIENTED_EDGE('',*,*,#1307,.F.);
#1667=ORIENTED_EDGE('',*,*,#1291,.F.);
#1668=ORIENTED_EDGE('',*,*,#1308,.T.);
#1669=ORIENTED_EDGE('',*,*,#1183,.T.);
#1670=ORIENTED_EDGE('',*,*,#1262,.T.);
#1671=ORIENTED_EDGE('',*,*,#1181,.T.);
#1672=ORIENTED_EDGE('',*,*,#1309,.T.);
#1673=ORIENTED_EDGE('',*,*,#1179,.T.);
#1674=ORIENTED_EDGE('',*,*,#1310,.T.);
#1675=ORIENTED_EDGE('',*,*,#1284,.T.);
#1676=ORIENTED_EDGE('',*,*,#1187,.F.);
#1677=ORIENTED_EDGE('',*,*,#1311,.T.);
#1678=ORIENTED_EDGE('',*,*,#1217,.T.);
#1679=ORIENTED_EDGE('',*,*,#1311,.F.);
#1680=ORIENTED_EDGE('',*,*,#1145,.T.);
#1681=ORIENTED_EDGE('',*,*,#1312,.T.);
#1682=ORIENTED_EDGE('',*,*,#1205,.F.);
#1683=ORIENTED_EDGE('',*,*,#1312,.F.);
#1684=ORIENTED_EDGE('',*,*,#1125,.T.);
#1685=ORIENTED_EDGE('',*,*,#1313,.T.);
#1686=ORIENTED_EDGE('',*,*,#1165,.F.);
#1687=ORIENTED_EDGE('',*,*,#1313,.F.);
#1688=ORIENTED_EDGE('',*,*,#1184,.T.);
#1689=ORIENTED_EDGE('',*,*,#1314,.T.);
#1690=ORIENTED_EDGE('',*,*,#1206,.F.);
#1691=ORIENTED_EDGE('',*,*,#1314,.F.);
#1692=ORIENTED_EDGE('',*,*,#1144,.T.);
#1693=ORIENTED_EDGE('',*,*,#1315,.T.);
#1694=ORIENTED_EDGE('',*,*,#1166,.F.);
#1695=ORIENTED_EDGE('',*,*,#1315,.F.);
#1696=ORIENTED_EDGE('',*,*,#1124,.T.);
#1697=ORIENTED_EDGE('',*,*,#1316,.T.);
#1698=ORIENTED_EDGE('',*,*,#1297,.T.);
#1699=ORIENTED_EDGE('',*,*,#1316,.F.);
#1700=ORIENTED_EDGE('',*,*,#1317,.F.);
#1701=ORIENTED_EDGE('',*,*,#1218,.F.);
#1702=ORIENTED_EDGE('',*,*,#1318,.F.);
#1703=ORIENTED_EDGE('',*,*,#1222,.F.);
#1704=ORIENTED_EDGE('',*,*,#1267,.F.);
#1705=ORIENTED_EDGE('',*,*,#1220,.F.);
#1706=ORIENTED_EDGE('',*,*,#1319,.F.);
#1707=ORIENTED_EDGE('',*,*,#1289,.F.);
#1708=ORIENTED_EDGE('',*,*,#1320,.F.);
#1709=ORIENTED_EDGE('',*,*,#1237,.F.);
#1710=ORIENTED_EDGE('',*,*,#1269,.F.);
#1711=ORIENTED_EDGE('',*,*,#1241,.F.);
#1712=ORIENTED_EDGE('',*,*,#1321,.F.);
#1713=ORIENTED_EDGE('',*,*,#1239,.F.);
#1714=ORIENTED_EDGE('',*,*,#1322,.F.);
#1715=ORIENTED_EDGE('',*,*,#1286,.T.);
#1716=ORIENTED_EDGE('',*,*,#1255,.T.);
#1717=ORIENTED_EDGE('',*,*,#1323,.T.);
#1718=ORIENTED_EDGE('',*,*,#1236,.F.);
#1719=ORIENTED_EDGE('',*,*,#1323,.F.);
#1720=ORIENTED_EDGE('',*,*,#1324,.T.);
#1721=ORIENTED_EDGE('',*,*,#1243,.T.);
#1722=ORIENTED_EDGE('',*,*,#1325,.T.);
#1723=ORIENTED_EDGE('',*,*,#1324,.F.);
#1724=ORIENTED_EDGE('',*,*,#1325,.F.);
#1725=ORIENTED_EDGE('',*,*,#1242,.F.);
#1726=ORIENTED_EDGE('',*,*,#1326,.F.);
#1727=ORIENTED_EDGE('',*,*,#1093,.T.);
#1728=ORIENTED_EDGE('',*,*,#1327,.T.);
#1729=ORIENTED_EDGE('',*,*,#1326,.T.);
#1730=ORIENTED_EDGE('',*,*,#1268,.T.);
#1731=ORIENTED_EDGE('',*,*,#1327,.F.);
#1732=ORIENTED_EDGE('',*,*,#1087,.F.);
#1733=ORIENTED_EDGE('',*,*,#1328,.T.);
#1734=ORIENTED_EDGE('',*,*,#1182,.T.);
#1735=ORIENTED_EDGE('',*,*,#1329,.F.);
#1736=ORIENTED_EDGE('',*,*,#1221,.F.);
#1737=ORIENTED_EDGE('',*,*,#1263,.F.);
#1738=ORIENTED_EDGE('',*,*,#1328,.F.);
#1739=ORIENTED_EDGE('',*,*,#1266,.T.);
#1740=ORIENTED_EDGE('',*,*,#1329,.T.);
#1741=ORIENTED_EDGE('',*,*,#1330,.T.);
#1742=ORIENTED_EDGE('',*,*,#1142,.T.);
#1743=ORIENTED_EDGE('',*,*,#1331,.F.);
#1744=ORIENTED_EDGE('',*,*,#1201,.F.);
#1745=ORIENTED_EDGE('',*,*,#1259,.F.);
#1746=ORIENTED_EDGE('',*,*,#1330,.F.);
#1747=ORIENTED_EDGE('',*,*,#1264,.T.);
#1748=ORIENTED_EDGE('',*,*,#1331,.T.);
#1749=ORIENTED_EDGE('',*,*,#1257,.F.);
#1750=ORIENTED_EDGE('',*,*,#1332,.F.);
#1751=ORIENTED_EDGE('',*,*,#1260,.T.);
#1752=ORIENTED_EDGE('',*,*,#1333,.T.);
#1753=ORIENTED_EDGE('',*,*,#1332,.T.);
#1754=ORIENTED_EDGE('',*,*,#1122,.T.);
#1755=ORIENTED_EDGE('',*,*,#1333,.F.);
#1756=ORIENTED_EDGE('',*,*,#1161,.F.);
#1757=ORIENTED_EDGE('',*,*,#1245,.F.);
#1758=ORIENTED_EDGE('',*,*,#1334,.F.);
#1759=ORIENTED_EDGE('',*,*,#1105,.T.);
#1760=ORIENTED_EDGE('',*,*,#1335,.T.);
#1761=ORIENTED_EDGE('',*,*,#1334,.T.);
#1762=ORIENTED_EDGE('',*,*,#1244,.T.);
#1763=ORIENTED_EDGE('',*,*,#1335,.F.);
#1764=ORIENTED_EDGE('',*,*,#1106,.F.);
#1765=ORIENTED_EDGE('',*,*,#1336,.T.);
#1766=ORIENTED_EDGE('',*,*,#1188,.T.);
#1767=ORIENTED_EDGE('',*,*,#1337,.F.);
#1768=ORIENTED_EDGE('',*,*,#1233,.F.);
#1769=ORIENTED_EDGE('',*,*,#1189,.F.);
#1770=ORIENTED_EDGE('',*,*,#1336,.F.);
#1771=ORIENTED_EDGE('',*,*,#1232,.T.);
#1772=ORIENTED_EDGE('',*,*,#1337,.T.);
#1773=ORIENTED_EDGE('',*,*,#1338,.T.);
#1774=ORIENTED_EDGE('',*,*,#1148,.T.);
#1775=ORIENTED_EDGE('',*,*,#1339,.F.);
#1776=ORIENTED_EDGE('',*,*,#1208,.F.);
#1777=ORIENTED_EDGE('',*,*,#1149,.F.);
#1778=ORIENTED_EDGE('',*,*,#1338,.F.);
#1779=ORIENTED_EDGE('',*,*,#1207,.T.);
#1780=ORIENTED_EDGE('',*,*,#1339,.T.);
#1781=ORIENTED_EDGE('',*,*,#1129,.F.);
#1782=ORIENTED_EDGE('',*,*,#1340,.F.);
#1783=ORIENTED_EDGE('',*,*,#1167,.T.);
#1784=ORIENTED_EDGE('',*,*,#1341,.T.);
#1785=ORIENTED_EDGE('',*,*,#1340,.T.);
#1786=ORIENTED_EDGE('',*,*,#1128,.T.);
#1787=ORIENTED_EDGE('',*,*,#1341,.F.);
#1788=ORIENTED_EDGE('',*,*,#1168,.F.);
#1789=ORIENTED_EDGE('',*,*,#1254,.F.);
#1790=ORIENTED_EDGE('',*,*,#1342,.F.);
#1791=ORIENTED_EDGE('',*,*,#1103,.T.);
#1792=ORIENTED_EDGE('',*,*,#1343,.T.);
#1793=ORIENTED_EDGE('',*,*,#1342,.T.);
#1794=ORIENTED_EDGE('',*,*,#1253,.T.);
#1795=ORIENTED_EDGE('',*,*,#1343,.F.);
#1796=ORIENTED_EDGE('',*,*,#1104,.F.);
#1797=ORIENTED_EDGE('',*,*,#1247,.F.);
#1798=ORIENTED_EDGE('',*,*,#1344,.F.);
#1799=ORIENTED_EDGE('',*,*,#1101,.T.);
#1800=ORIENTED_EDGE('',*,*,#1345,.T.);
#1801=ORIENTED_EDGE('',*,*,#1344,.T.);
#1802=ORIENTED_EDGE('',*,*,#1246,.T.);
#1803=ORIENTED_EDGE('',*,*,#1345,.F.);
#1804=ORIENTED_EDGE('',*,*,#1102,.F.);
#1805=ORIENTED_EDGE('',*,*,#1346,.T.);
#1806=ORIENTED_EDGE('',*,*,#1190,.T.);
#1807=ORIENTED_EDGE('',*,*,#1347,.F.);
#1808=ORIENTED_EDGE('',*,*,#1225,.F.);
#1809=ORIENTED_EDGE('',*,*,#1191,.F.);
#1810=ORIENTED_EDGE('',*,*,#1346,.F.);
#1811=ORIENTED_EDGE('',*,*,#1224,.T.);
#1812=ORIENTED_EDGE('',*,*,#1347,.T.);
#1813=ORIENTED_EDGE('',*,*,#1348,.T.);
#1814=ORIENTED_EDGE('',*,*,#1192,.T.);
#1815=ORIENTED_EDGE('',*,*,#1349,.F.);
#1816=ORIENTED_EDGE('',*,*,#1231,.F.);
#1817=ORIENTED_EDGE('',*,*,#1193,.F.);
#1818=ORIENTED_EDGE('',*,*,#1348,.F.);
#1819=ORIENTED_EDGE('',*,*,#1230,.T.);
#1820=ORIENTED_EDGE('',*,*,#1349,.T.);
#1821=ORIENTED_EDGE('',*,*,#1350,.T.);
#1822=ORIENTED_EDGE('',*,*,#1150,.T.);
#1823=ORIENTED_EDGE('',*,*,#1351,.F.);
#1824=ORIENTED_EDGE('',*,*,#1216,.F.);
#1825=ORIENTED_EDGE('',*,*,#1151,.F.);
#1826=ORIENTED_EDGE('',*,*,#1350,.F.);
#1827=ORIENTED_EDGE('',*,*,#1215,.T.);
#1828=ORIENTED_EDGE('',*,*,#1351,.T.);
#1829=ORIENTED_EDGE('',*,*,#1352,.T.);
#1830=ORIENTED_EDGE('',*,*,#1152,.T.);
#1831=ORIENTED_EDGE('',*,*,#1353,.F.);
#1832=ORIENTED_EDGE('',*,*,#1210,.F.);
#1833=ORIENTED_EDGE('',*,*,#1153,.F.);
#1834=ORIENTED_EDGE('',*,*,#1352,.F.);
#1835=ORIENTED_EDGE('',*,*,#1209,.T.);
#1836=ORIENTED_EDGE('',*,*,#1353,.T.);
#1837=ORIENTED_EDGE('',*,*,#1131,.F.);
#1838=ORIENTED_EDGE('',*,*,#1354,.F.);
#1839=ORIENTED_EDGE('',*,*,#1175,.T.);
#1840=ORIENTED_EDGE('',*,*,#1355,.T.);
#1841=ORIENTED_EDGE('',*,*,#1354,.T.);
#1842=ORIENTED_EDGE('',*,*,#1130,.T.);
#1843=ORIENTED_EDGE('',*,*,#1355,.F.);
#1844=ORIENTED_EDGE('',*,*,#1176,.F.);
#1845=ORIENTED_EDGE('',*,*,#1133,.F.);
#1846=ORIENTED_EDGE('',*,*,#1356,.F.);
#1847=ORIENTED_EDGE('',*,*,#1169,.T.);
#1848=ORIENTED_EDGE('',*,*,#1357,.T.);
#1849=ORIENTED_EDGE('',*,*,#1356,.T.);
#1850=ORIENTED_EDGE('',*,*,#1132,.T.);
#1851=ORIENTED_EDGE('',*,*,#1357,.F.);
#1852=ORIENTED_EDGE('',*,*,#1170,.F.);
#1853=ORIENTED_EDGE('',*,*,#1358,.F.);
#1854=ORIENTED_EDGE('',*,*,#1321,.T.);
#1855=ORIENTED_EDGE('',*,*,#1359,.T.);
#1856=ORIENTED_EDGE('',*,*,#1110,.F.);
#1857=ORIENTED_EDGE('',*,*,#1240,.F.);
#1858=ORIENTED_EDGE('',*,*,#1358,.T.);
#1859=ORIENTED_EDGE('',*,*,#1089,.F.);
#1860=ORIENTED_EDGE('',*,*,#1359,.F.);
#1861=ORIENTED_EDGE('',*,*,#1360,.F.);
#1862=ORIENTED_EDGE('',*,*,#1180,.T.);
#1863=ORIENTED_EDGE('',*,*,#1361,.T.);
#1864=ORIENTED_EDGE('',*,*,#1223,.F.);
#1865=ORIENTED_EDGE('',*,*,#1309,.F.);
#1866=ORIENTED_EDGE('',*,*,#1360,.T.);
#1867=ORIENTED_EDGE('',*,*,#1318,.T.);
#1868=ORIENTED_EDGE('',*,*,#1361,.F.);
#1869=ORIENTED_EDGE('',*,*,#1362,.F.);
#1870=ORIENTED_EDGE('',*,*,#1140,.T.);
#1871=ORIENTED_EDGE('',*,*,#1363,.T.);
#1872=ORIENTED_EDGE('',*,*,#1203,.F.);
#1873=ORIENTED_EDGE('',*,*,#1302,.F.);
#1874=ORIENTED_EDGE('',*,*,#1362,.T.);
#1875=ORIENTED_EDGE('',*,*,#1306,.T.);
#1876=ORIENTED_EDGE('',*,*,#1363,.F.);
#1877=ORIENTED_EDGE('',*,*,#1364,.T.);
#1878=ORIENTED_EDGE('',*,*,#1299,.T.);
#1879=ORIENTED_EDGE('',*,*,#1365,.F.);
#1880=ORIENTED_EDGE('',*,*,#1278,.F.);
#1881=ORIENTED_EDGE('',*,*,#1163,.F.);
#1882=ORIENTED_EDGE('',*,*,#1364,.F.);
#1883=ORIENTED_EDGE('',*,*,#1120,.F.);
#1884=ORIENTED_EDGE('',*,*,#1365,.T.);
#1885=ORIENTED_EDGE('',*,*,#1322,.T.);
#1886=ORIENTED_EDGE('',*,*,#1366,.F.);
#1887=ORIENTED_EDGE('',*,*,#1109,.T.);
#1888=ORIENTED_EDGE('',*,*,#1287,.T.);
#1889=ORIENTED_EDGE('',*,*,#1238,.F.);
#1890=ORIENTED_EDGE('',*,*,#1367,.F.);
#1891=ORIENTED_EDGE('',*,*,#1091,.T.);
#1892=ORIENTED_EDGE('',*,*,#1366,.T.);
#1893=ORIENTED_EDGE('',*,*,#1320,.T.);
#1894=ORIENTED_EDGE('',*,*,#1288,.F.);
#1895=ORIENTED_EDGE('',*,*,#1111,.T.);
#1896=ORIENTED_EDGE('',*,*,#1367,.T.);
#1897=ORIENTED_EDGE('',*,*,#1310,.F.);
#1898=ORIENTED_EDGE('',*,*,#1368,.F.);
#1899=ORIENTED_EDGE('',*,*,#1317,.T.);
#1900=ORIENTED_EDGE('',*,*,#1285,.T.);
#1901=ORIENTED_EDGE('',*,*,#1368,.T.);
#1902=ORIENTED_EDGE('',*,*,#1178,.T.);
#1903=ORIENTED_EDGE('',*,*,#1369,.F.);
#1904=ORIENTED_EDGE('',*,*,#1219,.F.);
#1905=ORIENTED_EDGE('',*,*,#1308,.F.);
#1906=ORIENTED_EDGE('',*,*,#1290,.F.);
#1907=ORIENTED_EDGE('',*,*,#1319,.T.);
#1908=ORIENTED_EDGE('',*,*,#1369,.T.);
#1909=ORIENTED_EDGE('',*,*,#1370,.T.);
#1910=ORIENTED_EDGE('',*,*,#1138,.T.);
#1911=ORIENTED_EDGE('',*,*,#1371,.F.);
#1912=ORIENTED_EDGE('',*,*,#1199,.F.);
#1913=ORIENTED_EDGE('',*,*,#1303,.F.);
#1914=ORIENTED_EDGE('',*,*,#1370,.F.);
#1915=ORIENTED_EDGE('',*,*,#1305,.T.);
#1916=ORIENTED_EDGE('',*,*,#1283,.T.);
#1917=ORIENTED_EDGE('',*,*,#1301,.F.);
#1918=ORIENTED_EDGE('',*,*,#1292,.F.);
#1919=ORIENTED_EDGE('',*,*,#1307,.T.);
#1920=ORIENTED_EDGE('',*,*,#1371,.T.);
#1921=ORIENTED_EDGE('',*,*,#1279,.F.);
#1922=ORIENTED_EDGE('',*,*,#1372,.F.);
#1923=ORIENTED_EDGE('',*,*,#1298,.T.);
#1924=ORIENTED_EDGE('',*,*,#1281,.T.);
#1925=ORIENTED_EDGE('',*,*,#1277,.F.);
#1926=ORIENTED_EDGE('',*,*,#1294,.F.);
#1927=ORIENTED_EDGE('',*,*,#1300,.T.);
#1928=ORIENTED_EDGE('',*,*,#1373,.T.);
#1929=ORIENTED_EDGE('',*,*,#1372,.T.);
#1930=ORIENTED_EDGE('',*,*,#1118,.T.);
#1931=ORIENTED_EDGE('',*,*,#1373,.F.);
#1932=ORIENTED_EDGE('',*,*,#1159,.F.);
#1933=ORIENTED_EDGE('',*,*,#1252,.F.);
#1934=ORIENTED_EDGE('',*,*,#1374,.F.);
#1935=ORIENTED_EDGE('',*,*,#1099,.T.);
#1936=ORIENTED_EDGE('',*,*,#1375,.T.);
#1937=ORIENTED_EDGE('',*,*,#1374,.T.);
#1938=ORIENTED_EDGE('',*,*,#1251,.T.);
#1939=ORIENTED_EDGE('',*,*,#1375,.F.);
#1940=ORIENTED_EDGE('',*,*,#1100,.F.);
#1941=ORIENTED_EDGE('',*,*,#1376,.T.);
#1942=ORIENTED_EDGE('',*,*,#1194,.T.);
#1943=ORIENTED_EDGE('',*,*,#1377,.F.);
#1944=ORIENTED_EDGE('',*,*,#1227,.F.);
#1945=ORIENTED_EDGE('',*,*,#1195,.F.);
#1946=ORIENTED_EDGE('',*,*,#1376,.F.);
#1947=ORIENTED_EDGE('',*,*,#1226,.T.);
#1948=ORIENTED_EDGE('',*,*,#1377,.T.);
#1949=ORIENTED_EDGE('',*,*,#1378,.T.);
#1950=ORIENTED_EDGE('',*,*,#1154,.T.);
#1951=ORIENTED_EDGE('',*,*,#1379,.F.);
#1952=ORIENTED_EDGE('',*,*,#1214,.F.);
#1953=ORIENTED_EDGE('',*,*,#1155,.F.);
#1954=ORIENTED_EDGE('',*,*,#1378,.F.);
#1955=ORIENTED_EDGE('',*,*,#1213,.T.);
#1956=ORIENTED_EDGE('',*,*,#1379,.T.);
#1957=ORIENTED_EDGE('',*,*,#1135,.F.);
#1958=ORIENTED_EDGE('',*,*,#1380,.F.);
#1959=ORIENTED_EDGE('',*,*,#1173,.T.);
#1960=ORIENTED_EDGE('',*,*,#1381,.T.);
#1961=ORIENTED_EDGE('',*,*,#1380,.T.);
#1962=ORIENTED_EDGE('',*,*,#1134,.T.);
#1963=ORIENTED_EDGE('',*,*,#1381,.F.);
#1964=ORIENTED_EDGE('',*,*,#1174,.F.);
#1965=ORIENTED_EDGE('',*,*,#1249,.F.);
#1966=ORIENTED_EDGE('',*,*,#1382,.F.);
#1967=ORIENTED_EDGE('',*,*,#1097,.T.);
#1968=ORIENTED_EDGE('',*,*,#1383,.T.);
#1969=ORIENTED_EDGE('',*,*,#1382,.T.);
#1970=ORIENTED_EDGE('',*,*,#1248,.T.);
#1971=ORIENTED_EDGE('',*,*,#1383,.F.);
#1972=ORIENTED_EDGE('',*,*,#1098,.F.);
#1973=ORIENTED_EDGE('',*,*,#1384,.T.);
#1974=ORIENTED_EDGE('',*,*,#1196,.T.);
#1975=ORIENTED_EDGE('',*,*,#1385,.F.);
#1976=ORIENTED_EDGE('',*,*,#1229,.F.);
#1977=ORIENTED_EDGE('',*,*,#1197,.F.);
#1978=ORIENTED_EDGE('',*,*,#1384,.F.);
#1979=ORIENTED_EDGE('',*,*,#1228,.T.);
#1980=ORIENTED_EDGE('',*,*,#1385,.T.);
#1981=ORIENTED_EDGE('',*,*,#1386,.T.);
#1982=ORIENTED_EDGE('',*,*,#1156,.T.);
#1983=ORIENTED_EDGE('',*,*,#1387,.F.);
#1984=ORIENTED_EDGE('',*,*,#1212,.F.);
#1985=ORIENTED_EDGE('',*,*,#1157,.F.);
#1986=ORIENTED_EDGE('',*,*,#1386,.F.);
#1987=ORIENTED_EDGE('',*,*,#1211,.T.);
#1988=ORIENTED_EDGE('',*,*,#1387,.T.);
#1989=ORIENTED_EDGE('',*,*,#1137,.F.);
#1990=ORIENTED_EDGE('',*,*,#1388,.F.);
#1991=ORIENTED_EDGE('',*,*,#1171,.T.);
#1992=ORIENTED_EDGE('',*,*,#1389,.T.);
#1993=ORIENTED_EDGE('',*,*,#1388,.T.);
#1994=ORIENTED_EDGE('',*,*,#1136,.T.);
#1995=ORIENTED_EDGE('',*,*,#1389,.F.);
#1996=ORIENTED_EDGE('',*,*,#1172,.F.);
#1997=ORIENTED_EDGE('',*,*,#1096,.T.);
#1998=ORIENTED_EDGE('',*,*,#1390,.T.);
#1999=ORIENTED_EDGE('',*,*,#1250,.T.);
#2000=ORIENTED_EDGE('',*,*,#1390,.F.);
#2001=PLANE('',#2174);
#2002=PLANE('',#2176);
#2003=PLANE('',#2177);
#2004=PLANE('',#2189);
#2005=PLANE('',#2193);
#2006=PLANE('',#2205);
#2007=PLANE('',#2217);
#2008=PLANE('',#2229);
#2009=PLANE('',#2241);
#2010=PLANE('',#2253);
#2011=PLANE('',#2264);
#2012=PLANE('',#2275);
#2013=PLANE('',#2276);
#2014=PLANE('',#2277);
#2015=PLANE('',#2278);
#2016=PLANE('',#2279);
#2017=PLANE('',#2280);
#2018=PLANE('',#2281);
#2019=PLANE('',#2290);
#2020=PLANE('',#2300);
#2021=PLANE('',#2304);
#2022=PLANE('',#2306);
#2023=PLANE('',#2308);
#2024=PLANE('',#2309);
#2025=PLANE('',#2312);
#2026=PLANE('',#2314);
#2027=PLANE('',#2316);
#2028=PLANE('',#2317);
#2029=PLANE('',#2320);
#2030=PLANE('',#2322);
#2031=PLANE('',#2324);
#2032=PLANE('',#2326);
#2033=PLANE('',#2328);
#2034=PLANE('',#2330);
#2035=PLANE('',#2331);
#2036=PLANE('',#2333);
#2037=PLANE('',#2335);
#2038=PLANE('',#2336);
#2039=PLANE('',#2337);
#2040=PLANE('',#2338);
#2041=PLANE('',#2344);
#2042=PLANE('',#2346);
#2043=PLANE('',#2348);
#2044=PLANE('',#2349);
#2045=PLANE('',#2352);
#2046=PLANE('',#2354);
#2047=PLANE('',#2356);
#2048=PLANE('',#2357);
#2049=ADVANCED_FACE('',(#518),#2001,.T.);
#2050=ADVANCED_FACE('',(#519),#2002,.F.);
#2051=ADVANCED_FACE('',(#520,#78,#79,#80,#81,#82,#83,#84,#85),#2003,.F.);
#2052=ADVANCED_FACE('',(#521),#61,.T.);
#2053=ADVANCED_FACE('',(#522),#15,.F.);
#2054=ADVANCED_FACE('',(#523),#2004,.F.);
#2055=ADVANCED_FACE('',(#524),#16,.T.);
#2056=ADVANCED_FACE('',(#525,#86,#87,#88,#89,#90,#91,#92,#93,#94),#2005,
 .T.);
#2057=ADVANCED_FACE('',(#526,#95,#96,#97,#98,#99,#100,#101,#102,#103),#2006,
 .T.);
#2058=ADVANCED_FACE('',(#527,#104,#105,#106,#107,#108,#109,#110,#111,#112),
#2007,.F.);
#2059=ADVANCED_FACE('',(#528,#113,#114,#115,#116,#117,#118,#119,#120,#121),
#2008,.T.);
#2060=ADVANCED_FACE('',(#529,#122,#123,#124,#125,#126,#127,#128,#129,#130),
#2009,.F.);
#2061=ADVANCED_FACE('',(#530,#131,#132,#133,#134,#135,#136,#137,#138),#2010,
 .F.);
#2062=ADVANCED_FACE('',(#531,#139,#140,#141,#142,#143,#144,#145,#146,#147),
#2011,.F.);
#2063=ADVANCED_FACE('',(#532),#2012,.T.);
#2064=ADVANCED_FACE('',(#533),#2013,.T.);
#2065=ADVANCED_FACE('',(#534),#2014,.F.);
#2066=ADVANCED_FACE('',(#535),#2015,.T.);
#2067=ADVANCED_FACE('',(#536),#2016,.F.);
#2068=ADVANCED_FACE('',(#537),#2017,.F.);
#2069=ADVANCED_FACE('',(#538),#2018,.F.);
#2070=ADVANCED_FACE('',(#539),#17,.T.);
#2071=ADVANCED_FACE('',(#540),#18,.T.);
#2072=ADVANCED_FACE('',(#541),#19,.T.);
#2073=ADVANCED_FACE('',(#542),#20,.T.);
#2074=ADVANCED_FACE('',(#543),#62,.T.);
#2075=ADVANCED_FACE('',(#544),#21,.T.);
#2076=ADVANCED_FACE('',(#545),#22,.F.);
#2077=ADVANCED_FACE('',(#546,#148,#149),#2019,.F.);
#2078=ADVANCED_FACE('',(#547),#63,.T.);
#2079=ADVANCED_FACE('',(#548),#23,.F.);
#2080=ADVANCED_FACE('',(#549),#64,.T.);
#2081=ADVANCED_FACE('',(#550),#24,.F.);
#2082=ADVANCED_FACE('',(#551),#25,.T.);
#2083=ADVANCED_FACE('',(#552),#26,.T.);
#2084=ADVANCED_FACE('',(#553),#27,.F.);
#2085=ADVANCED_FACE('',(#554),#28,.F.);
#2086=ADVANCED_FACE('',(#555),#29,.F.);
#2087=ADVANCED_FACE('',(#556),#65,.T.);
#2088=ADVANCED_FACE('',(#557),#30,.F.);
#2089=ADVANCED_FACE('',(#558),#2020,.T.);
#2090=ADVANCED_FACE('',(#559),#31,.F.);
#2091=ADVANCED_FACE('',(#560),#32,.T.);
#2092=ADVANCED_FACE('',(#561),#2021,.F.);
#2093=ADVANCED_FACE('',(#562),#33,.T.);
#2094=ADVANCED_FACE('',(#563),#2022,.F.);
#2095=ADVANCED_FACE('',(#564),#34,.T.);
#2096=ADVANCED_FACE('',(#565),#2023,.F.);
#2097=ADVANCED_FACE('',(#566),#2024,.F.);
#2098=ADVANCED_FACE('',(#567),#35,.T.);
#2099=ADVANCED_FACE('',(#568),#36,.T.);
#2100=ADVANCED_FACE('',(#569),#2025,.F.);
#2101=ADVANCED_FACE('',(#570),#37,.T.);
#2102=ADVANCED_FACE('',(#571),#2026,.F.);
#2103=ADVANCED_FACE('',(#572),#38,.T.);
#2104=ADVANCED_FACE('',(#573),#2027,.F.);
#2105=ADVANCED_FACE('',(#574),#2028,.F.);
#2106=ADVANCED_FACE('',(#575),#39,.T.);
#2107=ADVANCED_FACE('',(#576),#40,.T.);
#2108=ADVANCED_FACE('',(#577),#2029,.F.);
#2109=ADVANCED_FACE('',(#578),#41,.T.);
#2110=ADVANCED_FACE('',(#579),#2030,.F.);
#2111=ADVANCED_FACE('',(#580),#42,.T.);
#2112=ADVANCED_FACE('',(#581),#2031,.F.);
#2113=ADVANCED_FACE('',(#582),#43,.T.);
#2114=ADVANCED_FACE('',(#583),#2032,.F.);
#2115=ADVANCED_FACE('',(#584),#44,.T.);
#2116=ADVANCED_FACE('',(#585),#2033,.F.);
#2117=ADVANCED_FACE('',(#586),#45,.T.);
#2118=ADVANCED_FACE('',(#587),#2034,.F.);
#2119=ADVANCED_FACE('',(#588),#2035,.F.);
#2120=ADVANCED_FACE('',(#589),#46,.T.);
#2121=ADVANCED_FACE('',(#590),#2036,.F.);
#2122=ADVANCED_FACE('',(#591),#47,.T.);
#2123=ADVANCED_FACE('',(#592),#66,.T.);
#2124=ADVANCED_FACE('',(#593),#2037,.T.);
#2125=ADVANCED_FACE('',(#594),#2038,.T.);
#2126=ADVANCED_FACE('',(#595),#67,.T.);
#2127=ADVANCED_FACE('',(#596),#2039,.T.);
#2128=ADVANCED_FACE('',(#597),#68,.T.);
#2129=ADVANCED_FACE('',(#598),#69,.T.);
#2130=ADVANCED_FACE('',(#599),#2040,.T.);
#2131=ADVANCED_FACE('',(#600),#70,.T.);
#2132=ADVANCED_FACE('',(#601),#48,.T.);
#2133=ADVANCED_FACE('',(#602),#71,.T.);
#2134=ADVANCED_FACE('',(#603),#72,.T.);
#2135=ADVANCED_FACE('',(#604),#49,.T.);
#2136=ADVANCED_FACE('',(#605),#73,.T.);
#2137=ADVANCED_FACE('',(#606),#50,.T.);
#2138=ADVANCED_FACE('',(#607),#74,.T.);
#2139=ADVANCED_FACE('',(#608),#75,.T.);
#2140=ADVANCED_FACE('',(#609),#76,.T.);
#2141=ADVANCED_FACE('',(#610),#77,.T.);
#2142=ADVANCED_FACE('',(#611),#51,.T.);
#2143=ADVANCED_FACE('',(#612),#52,.T.);
#2144=ADVANCED_FACE('',(#613),#2041,.F.);
#2145=ADVANCED_FACE('',(#614),#53,.T.);
#2146=ADVANCED_FACE('',(#615),#2042,.F.);
#2147=ADVANCED_FACE('',(#616),#54,.T.);
#2148=ADVANCED_FACE('',(#617),#2043,.F.);
#2149=ADVANCED_FACE('',(#618),#2044,.F.);
#2150=ADVANCED_FACE('',(#619),#55,.T.);
#2151=ADVANCED_FACE('',(#620),#56,.T.);
#2152=ADVANCED_FACE('',(#621),#2045,.F.);
#2153=ADVANCED_FACE('',(#622),#57,.T.);
#2154=ADVANCED_FACE('',(#623),#2046,.F.);
#2155=ADVANCED_FACE('',(#624),#58,.T.);
#2156=ADVANCED_FACE('',(#625),#2047,.F.);
#2157=ADVANCED_FACE('',(#626),#2048,.F.);
#2158=ADVANCED_FACE('',(#627),#59,.T.);
#2159=ADVANCED_FACE('',(#628),#60,.T.);
#2160=CLOSED_SHELL('',(#2049,#2050,#2051,#2052,#2053,#2054,#2055,#2056,
#2057,#2058,#2059,#2060,#2061,#2062,#2063,#2064,#2065,#2066,#2067,#2068,
#2069,#2070,#2071,#2072,#2073,#2074,#2075,#2076,#2077,#2078,#2079,#2080,
#2081,#2082,#2083,#2084,#2085,#2086,#2087,#2088,#2089,#2090,#2091,#2092,
#2093,#2094,#2095,#2096,#2097,#2098,#2099,#2100,#2101,#2102,#2103,#2104,
#2105,#2106,#2107,#2108,#2109,#2110,#2111,#2112,#2113,#2114,#2115,#2116,
#2117,#2118,#2119,#2120,#2121,#2122,#2123,#2124,#2125,#2126,#2127,#2128,
#2129,#2130,#2131,#2132,#2133,#2134,#2135,#2136,#2137,#2138,#2139,#2140,
#2141,#2142,#2143,#2144,#2145,#2146,#2147,#2148,#2149,#2150,#2151,#2152,
#2153,#2154,#2155,#2156,#2157,#2158,#2159));
#2161=DERIVED_UNIT_ELEMENT(#2163,1.);
#2162=DERIVED_UNIT_ELEMENT(#4956,-3.);
#2163=(
MASS_UNIT()
NAMED_UNIT(*)
SI_UNIT(.KILO.,.GRAM.)
);
#2164=DERIVED_UNIT((#2161,#2162));
#2165=MEASURE_REPRESENTATION_ITEM('density measure',
POSITIVE_RATIO_MEASURE(7850.),#2164);
#2166=PROPERTY_DEFINITION_REPRESENTATION(#2171,#2168);
#2167=PROPERTY_DEFINITION_REPRESENTATION(#2172,#2169);
#2168=REPRESENTATION('material name',(#2170),#4953);
#2169=REPRESENTATION('density',(#2165),#4953);
#2170=DESCRIPTIVE_REPRESENTATION_ITEM('Steel','Steel');
#2171=PROPERTY_DEFINITION('material property','material name',#4963);
#2172=PROPERTY_DEFINITION('material property','density of part',#4963);
#2173=AXIS2_PLACEMENT_3D('',#2889,#2360,#2361);
#2174=AXIS2_PLACEMENT_3D('',#2890,#2362,#2363);
#2175=AXIS2_PLACEMENT_3D('',#2892,#2364,#2365);
#2176=AXIS2_PLACEMENT_3D('',#2893,#2366,#2367);
#2177=AXIS2_PLACEMENT_3D('',#2903,#2369,#2370);
#2178=AXIS2_PLACEMENT_3D('',#2932,#2372,#2373);
#2179=AXIS2_PLACEMENT_3D('',#2949,#2374,#2375);
#2180=AXIS2_PLACEMENT_3D('',#2960,#2376,#2377);
#2181=AXIS2_PLACEMENT_3D('',#2962,#2378,#2379);
#2182=AXIS2_PLACEMENT_3D('',#2965,#2380,#2381);
#2183=AXIS2_PLACEMENT_3D('',#2969,#2383,#2384);
#2184=AXIS2_PLACEMENT_3D('',#2973,#2386,#2387);
#2185=AXIS2_PLACEMENT_3D('',#2977,#2389,#2390);
#2186=AXIS2_PLACEMENT_3D('',#2981,#2392,#2393);
#2187=AXIS2_PLACEMENT_3D('',#2984,#2395,#2396);
#2188=AXIS2_PLACEMENT_3D('',#3211,#2399,#2400);
#2189=AXIS2_PLACEMENT_3D('',#3213,#2402,#2403);
#2190=AXIS2_PLACEMENT_3D('',#3214,#2404,#2405);
#2191=AXIS2_PLACEMENT_3D('',#3215,#2406,#2407);
#2192=AXIS2_PLACEMENT_3D('',#3217,#2408,#2409);
#2193=AXIS2_PLACEMENT_3D('',#3219,#2411,#2412);
#2194=AXIS2_PLACEMENT_3D('',#3222,#2413,#2414);
#2195=AXIS2_PLACEMENT_3D('',#3260,#2416,#2417);
#2196=AXIS2_PLACEMENT_3D('',#3278,#2418,#2419);
#2197=AXIS2_PLACEMENT_3D('',#3280,#2420,#2421);
#2198=AXIS2_PLACEMENT_3D('',#3282,#2422,#2423);
#2199=AXIS2_PLACEMENT_3D('',#3284,#2424,#2425);
#2200=AXIS2_PLACEMENT_3D('',#3287,#2426,#2427);
#2201=AXIS2_PLACEMENT_3D('',#3291,#2429,#2430);
#2202=AXIS2_PLACEMENT_3D('',#3295,#2432,#2433);
#2203=AXIS2_PLACEMENT_3D('',#3299,#2435,#2436);
#2204=AXIS2_PLACEMENT_3D('',#3303,#2438,#2439);
#2205=AXIS2_PLACEMENT_3D('',#3305,#2441,#2442);
#2206=AXIS2_PLACEMENT_3D('',#3308,#2443,#2444);
#2207=AXIS2_PLACEMENT_3D('',#3346,#2446,#2447);
#2208=AXIS2_PLACEMENT_3D('',#3364,#2448,#2449);
#2209=AXIS2_PLACEMENT_3D('',#3366,#2450,#2451);
#2210=AXIS2_PLACEMENT_3D('',#3368,#2452,#2453);
#2211=AXIS2_PLACEMENT_3D('',#3370,#2454,#2455);
#2212=AXIS2_PLACEMENT_3D('',#3373,#2456,#2457);
#2213=AXIS2_PLACEMENT_3D('',#3377,#2459,#2460);
#2214=AXIS2_PLACEMENT_3D('',#3381,#2462,#2463);
#2215=AXIS2_PLACEMENT_3D('',#3385,#2465,#2466);
#2216=AXIS2_PLACEMENT_3D('',#3389,#2468,#2469);
#2217=AXIS2_PLACEMENT_3D('',#3391,#2471,#2472);
#2218=AXIS2_PLACEMENT_3D('',#3418,#2473,#2474);
#2219=AXIS2_PLACEMENT_3D('',#3437,#2475,#2476);
#2220=AXIS2_PLACEMENT_3D('',#3450,#2478,#2479);
#2221=AXIS2_PLACEMENT_3D('',#3452,#2480,#2481);
#2222=AXIS2_PLACEMENT_3D('',#3454,#2482,#2483);
#2223=AXIS2_PLACEMENT_3D('',#3458,#2485,#2486);
#2224=AXIS2_PLACEMENT_3D('',#3462,#2488,#2489);
#2225=AXIS2_PLACEMENT_3D('',#3466,#2491,#2492);
#2226=AXIS2_PLACEMENT_3D('',#3470,#2494,#2495);
#2227=AXIS2_PLACEMENT_3D('',#3474,#2497,#2498);
#2228=AXIS2_PLACEMENT_3D('',#3476,#2499,#2500);
#2229=AXIS2_PLACEMENT_3D('',#3477,#2501,#2502);
#2230=AXIS2_PLACEMENT_3D('',#3480,#2503,#2504);
#2231=AXIS2_PLACEMENT_3D('',#3518,#2506,#2507);
#2232=AXIS2_PLACEMENT_3D('',#3536,#2508,#2509);
#2233=AXIS2_PLACEMENT_3D('',#3538,#2510,#2511);
#2234=AXIS2_PLACEMENT_3D('',#3540,#2512,#2513);
#2235=AXIS2_PLACEMENT_3D('',#3542,#2514,#2515);
#2236=AXIS2_PLACEMENT_3D('',#3545,#2516,#2517);
#2237=AXIS2_PLACEMENT_3D('',#3549,#2519,#2520);
#2238=AXIS2_PLACEMENT_3D('',#3553,#2522,#2523);
#2239=AXIS2_PLACEMENT_3D('',#3557,#2525,#2526);
#2240=AXIS2_PLACEMENT_3D('',#3561,#2528,#2529);
#2241=AXIS2_PLACEMENT_3D('',#3563,#2531,#2532);
#2242=AXIS2_PLACEMENT_3D('',#3590,#2533,#2534);
#2243=AXIS2_PLACEMENT_3D('',#3609,#2535,#2536);
#2244=AXIS2_PLACEMENT_3D('',#3622,#2538,#2539);
#2245=AXIS2_PLACEMENT_3D('',#3624,#2540,#2541);
#2246=AXIS2_PLACEMENT_3D('',#3626,#2542,#2543);
#2247=AXIS2_PLACEMENT_3D('',#3630,#2545,#2546);
#2248=AXIS2_PLACEMENT_3D('',#3634,#2548,#2549);
#2249=AXIS2_PLACEMENT_3D('',#3638,#2551,#2552);
#2250=AXIS2_PLACEMENT_3D('',#3642,#2554,#2555);
#2251=AXIS2_PLACEMENT_3D('',#3646,#2557,#2558);
#2252=AXIS2_PLACEMENT_3D('',#3648,#2559,#2560);
#2253=AXIS2_PLACEMENT_3D('',#3649,#2561,#2562);
#2254=AXIS2_PLACEMENT_3D('',#3676,#2563,#2564);
#2255=AXIS2_PLACEMENT_3D('',#3695,#2565,#2566);
#2256=AXIS2_PLACEMENT_3D('',#3710,#2569,#2570);
#2257=AXIS2_PLACEMENT_3D('',#3714,#2572,#2573);
#2258=AXIS2_PLACEMENT_3D('',#3718,#2575,#2576);
#2259=AXIS2_PLACEMENT_3D('',#3722,#2578,#2579);
#2260=AXIS2_PLACEMENT_3D('',#3726,#2581,#2582);
#2261=AXIS2_PLACEMENT_3D('',#3728,#2583,#2584);
#2262=AXIS2_PLACEMENT_3D('',#3730,#2585,#2586);
#2263=AXIS2_PLACEMENT_3D('',#3732,#2587,#2588);
#2264=AXIS2_PLACEMENT_3D('',#3733,#2589,#2590);
#2265=AXIS2_PLACEMENT_3D('',#3753,#2591,#2592);
#2266=AXIS2_PLACEMENT_3D('',#3790,#2594,#2595);
#2267=AXIS2_PLACEMENT_3D('',#3792,#2596,#2597);
#2268=AXIS2_PLACEMENT_3D('',#3796,#2599,#2600);
#2269=AXIS2_PLACEMENT_3D('',#3800,#2602,#2603);
#2270=AXIS2_PLACEMENT_3D('',#3804,#2605,#2606);
#2271=AXIS2_PLACEMENT_3D('',#3806,#2607,#2608);
#2272=AXIS2_PLACEMENT_3D('',#3810,#2610,#2611);
#2273=AXIS2_PLACEMENT_3D('',#3814,#2613,#2614);
#2274=AXIS2_PLACEMENT_3D('',#3816,#2615,#2616);
#2275=AXIS2_PLACEMENT_3D('',#3817,#2617,#2618);
#2276=AXIS2_PLACEMENT_3D('',#3825,#2620,#2621);
#2277=AXIS2_PLACEMENT_3D('',#3833,#2623,#2624);
#2278=AXIS2_PLACEMENT_3D('',#3841,#2626,#2627);
#2279=AXIS2_PLACEMENT_3D('',#3849,#2629,#2630);
#2280=AXIS2_PLACEMENT_3D('',#3857,#2632,#2633);
#2281=AXIS2_PLACEMENT_3D('',#3865,#2635,#2636);
#2282=AXIS2_PLACEMENT_3D('',#3873,#2638,#2639);
#2283=AXIS2_PLACEMENT_3D('',#3875,#2641,#2642);
#2284=AXIS2_PLACEMENT_3D('',#3877,#2644,#2645);
#2285=AXIS2_PLACEMENT_3D('',#3879,#2647,#2648);
#2286=AXIS2_PLACEMENT_3D('',#4085,#2652,#2653);
#2287=AXIS2_PLACEMENT_3D('',#4086,#2654,#2655);
#2288=AXIS2_PLACEMENT_3D('',#4113,#2670,#2671);
#2289=AXIS2_PLACEMENT_3D('',#4116,#2673,#2674);
#2290=AXIS2_PLACEMENT_3D('',#4117,#2675,#2676);
#2291=AXIS2_PLACEMENT_3D('',#4119,#2677,#2678);
#2292=AXIS2_PLACEMENT_3D('',#4288,#2679,#2680);
#2293=AXIS2_PLACEMENT_3D('',#4458,#2682,#2683);
#2294=AXIS2_PLACEMENT_3D('',#4460,#2685,#2686);
#2295=AXIS2_PLACEMENT_3D('',#4462,#2688,#2689);
#2296=AXIS2_PLACEMENT_3D('',#4464,#2691,#2692);
#2297=AXIS2_PLACEMENT_3D('',#4466,#2694,#2695);
#2298=AXIS2_PLACEMENT_3D('',#4468,#2697,#2698);
#2299=AXIS2_PLACEMENT_3D('',#4638,#2700,#2701);
#2300=AXIS2_PLACEMENT_3D('',#4640,#2703,#2704);
#2301=AXIS2_PLACEMENT_3D('',#4642,#2705,#2706);
#2302=AXIS2_PLACEMENT_3D('',#4643,#2707,#2708);
#2303=AXIS2_PLACEMENT_3D('',#4645,#2710,#2711);
#2304=AXIS2_PLACEMENT_3D('',#4648,#2714,#2715);
#2305=AXIS2_PLACEMENT_3D('',#4649,#2716,#2717);
#2306=AXIS2_PLACEMENT_3D('',#4652,#2720,#2721);
#2307=AXIS2_PLACEMENT_3D('',#4653,#2722,#2723);
#2308=AXIS2_PLACEMENT_3D('',#4656,#2726,#2727);
#2309=AXIS2_PLACEMENT_3D('',#4657,#2728,#2729);
#2310=AXIS2_PLACEMENT_3D('',#4660,#2732,#2733);
#2311=AXIS2_PLACEMENT_3D('',#4661,#2734,#2735);
#2312=AXIS2_PLACEMENT_3D('',#4664,#2738,#2739);
#2313=AXIS2_PLACEMENT_3D('',#4665,#2740,#2741);
#2314=AXIS2_PLACEMENT_3D('',#4668,#2744,#2745);
#2315=AXIS2_PLACEMENT_3D('',#4669,#2746,#2747);
#2316=AXIS2_PLACEMENT_3D('',#4672,#2750,#2751);
#2317=AXIS2_PLACEMENT_3D('',#4673,#2752,#2753);
#2318=AXIS2_PLACEMENT_3D('',#4676,#2756,#2757);
#2319=AXIS2_PLACEMENT_3D('',#4677,#2758,#2759);
#2320=AXIS2_PLACEMENT_3D('',#4680,#2762,#2763);
#2321=AXIS2_PLACEMENT_3D('',#4681,#2764,#2765);
#2322=AXIS2_PLACEMENT_3D('',#4684,#2768,#2769);
#2323=AXIS2_PLACEMENT_3D('',#4685,#2770,#2771);
#2324=AXIS2_PLACEMENT_3D('',#4688,#2774,#2775);
#2325=AXIS2_PLACEMENT_3D('',#4689,#2776,#2777);
#2326=AXIS2_PLACEMENT_3D('',#4692,#2780,#2781);
#2327=AXIS2_PLACEMENT_3D('',#4693,#2782,#2783);
#2328=AXIS2_PLACEMENT_3D('',#4696,#2786,#2787);
#2329=AXIS2_PLACEMENT_3D('',#4697,#2788,#2789);
#2330=AXIS2_PLACEMENT_3D('',#4700,#2792,#2793);
#2331=AXIS2_PLACEMENT_3D('',#4701,#2794,#2795);
#2332=AXIS2_PLACEMENT_3D('',#4704,#2798,#2799);
#2333=AXIS2_PLACEMENT_3D('',#4705,#2800,#2801);
#2334=AXIS2_PLACEMENT_3D('',#4708,#2804,#2805);
#2335=AXIS2_PLACEMENT_3D('',#4741,#2808,#2809);
#2336=AXIS2_PLACEMENT_3D('',#4742,#2810,#2811);
#2337=AXIS2_PLACEMENT_3D('',#4775,#2814,#2815);
#2338=AXIS2_PLACEMENT_3D('',#4840,#2820,#2821);
#2339=AXIS2_PLACEMENT_3D('',#4850,#2823,#2824);
#2340=AXIS2_PLACEMENT_3D('',#4869,#2827,#2828);
#2341=AXIS2_PLACEMENT_3D('',#4879,#2830,#2831);
#2342=AXIS2_PLACEMENT_3D('',#4916,#2836,#2837);
#2343=AXIS2_PLACEMENT_3D('',#4917,#2838,#2839);
#2344=AXIS2_PLACEMENT_3D('',#4920,#2842,#2843);
#2345=AXIS2_PLACEMENT_3D('',#4921,#2844,#2845);
#2346=AXIS2_PLACEMENT_3D('',#4924,#2848,#2849);
#2347=AXIS2_PLACEMENT_3D('',#4925,#2850,#2851);
#2348=AXIS2_PLACEMENT_3D('',#4928,#2854,#2855);
#2349=AXIS2_PLACEMENT_3D('',#4929,#2856,#2857);
#2350=AXIS2_PLACEMENT_3D('',#4932,#2860,#2861);
#2351=AXIS2_PLACEMENT_3D('',#4933,#2862,#2863);
#2352=AXIS2_PLACEMENT_3D('',#4936,#2866,#2867);
#2353=AXIS2_PLACEMENT_3D('',#4937,#2868,#2869);
#2354=AXIS2_PLACEMENT_3D('',#4940,#2872,#2873);
#2355=AXIS2_PLACEMENT_3D('',#4941,#2874,#2875);
#2356=AXIS2_PLACEMENT_3D('',#4944,#2878,#2879);
#2357=AXIS2_PLACEMENT_3D('',#4945,#2880,#2881);
#2358=AXIS2_PLACEMENT_3D('',#4948,#2884,#2885);
#2359=AXIS2_PLACEMENT_3D('',#4949,#2886,#2887);
#2360=DIRECTION('axis',(0.,0.,1.));
#2361=DIRECTION('refdir',(1.,0.,0.));
#2362=DIRECTION('center_axis',(1.,0.,0.));
#2363=DIRECTION('ref_axis',(0.,0.,-1.));
#2364=DIRECTION('center_axis',(-1.,0.,0.));
#2365=DIRECTION('ref_axis',(0.,0.,-1.));
#2366=DIRECTION('center_axis',(-1.,0.,0.));
#2367=DIRECTION('ref_axis',(0.,0.,1.));
#2368=DIRECTION('',(0.,0.993106119810964,0.117218747621751));
#2369=DIRECTION('center_axis',(-1.,0.,0.));
#2370=DIRECTION('ref_axis',(0.,0.,1.));
#2371=DIRECTION('',(0.,0.,-1.));
#2372=DIRECTION('center_axis',(-1.,0.,0.));
#2373=DIRECTION('ref_axis',(0.,0.,1.));
#2374=DIRECTION('center_axis',(1.,0.,0.));
#2375=DIRECTION('ref_axis',(0.,0.,-1.));
#2376=DIRECTION('center_axis',(1.,0.,0.));
#2377=DIRECTION('ref_axis',(0.,0.,-1.));
#2378=DIRECTION('center_axis',(-1.,0.,0.));
#2379=DIRECTION('ref_axis',(0.,0.,1.));
#2380=DIRECTION('center_axis',(1.,0.,0.));
#2381=DIRECTION('ref_axis',(0.,0.200354198262743,0.979723530001446));
#2382=DIRECTION('',(0.,-0.996454701568355,0.0841310152222189));
#2383=DIRECTION('center_axis',(1.,0.,0.));
#2384=DIRECTION('ref_axis',(0.,0.0695898293746538,0.997575689182333));
#2385=DIRECTION('',(0.,-0.998855754548123,-0.0478244875152884));
#2386=DIRECTION('center_axis',(1.,0.,0.));
#2387=DIRECTION('ref_axis',(0.,-0.158626139794114,-0.987338719879869));
#2388=DIRECTION('',(0.,0.999126082485759,-0.0417979819687432));
#2389=DIRECTION('center_axis',(1.,0.,0.));
#2390=DIRECTION('ref_axis',(0.,-0.211828734053806,-0.977306803122316));
#2391=DIRECTION('',(0.,0.995399666029749,-0.0958097326364291));
#2392=DIRECTION('center_axis',(1.,0.,0.));
#2393=DIRECTION('ref_axis',(0.,0.0203514551980672,0.999792887687906));
#2394=DIRECTION('',(0.,-0.995286007396932,-0.0969833154716508));
#2395=DIRECTION('center_axis',(-1.,0.,0.));
#2396=DIRECTION('ref_axis',(0.,0.,1.));
#2397=DIRECTION('',(1.,0.,0.));
#2398=DIRECTION('',(1.,0.,0.));
#2399=DIRECTION('center_axis',(1.,0.,0.));
#2400=DIRECTION('ref_axis',(0.,0.,-1.));
#2401=DIRECTION('',(1.,0.,0.));
#2402=DIRECTION('center_axis',(1.,0.,0.));
#2403=DIRECTION('ref_axis',(0.,0.,-1.));
#2404=DIRECTION('center_axis',(-1.,0.,0.));
#2405=DIRECTION('ref_axis',(0.,0.,1.));
#2406=DIRECTION('center_axis',(1.,0.,0.));
#2407=DIRECTION('ref_axis',(0.,0.,-1.));
#2408=DIRECTION('center_axis',(1.,0.,0.));
#2409=DIRECTION('ref_axis',(0.,0.,-1.));
#2410=DIRECTION('',(-1.,0.,0.));
#2411=DIRECTION('center_axis',(-1.,0.,0.));
#2412=DIRECTION('ref_axis',(0.,0.,1.));
#2413=DIRECTION('center_axis',(-1.,0.,0.));
#2414=DIRECTION('ref_axis',(0.,0.,1.));
#2415=DIRECTION('',(0.,0.,1.));
#2416=DIRECTION('center_axis',(-1.,0.,0.));
#2417=DIRECTION('ref_axis',(0.,0.,1.));
#2418=DIRECTION('center_axis',(-1.,0.,0.));
#2419=DIRECTION('ref_axis',(0.,0.,1.));
#2420=DIRECTION('center_axis',(-1.,0.,0.));
#2421=DIRECTION('ref_axis',(0.,0.,1.));
#2422=DIRECTION('center_axis',(-1.,0.,0.));
#2423=DIRECTION('ref_axis',(0.,0.,1.));
#2424=DIRECTION('center_axis',(1.,0.,0.));
#2425=DIRECTION('ref_axis',(0.,0.,-1.));
#2426=DIRECTION('center_axis',(-1.,0.,0.));
#2427=DIRECTION('ref_axis',(0.,0.,1.));
#2428=DIRECTION('',(0.,0.995286007396932,0.0969833154716509));
#2429=DIRECTION('center_axis',(-1.,0.,0.));
#2430=DIRECTION('ref_axis',(0.,0.,1.));
#2431=DIRECTION('',(0.,-0.995399666029749,0.0958097326364291));
#2432=DIRECTION('center_axis',(-1.,0.,0.));
#2433=DIRECTION('ref_axis',(0.,0.,1.));
#2434=DIRECTION('',(0.,-0.99912608248576,0.0417979819687432));
#2435=DIRECTION('center_axis',(-1.,0.,0.));
#2436=DIRECTION('ref_axis',(0.,0.,1.));
#2437=DIRECTION('',(0.,0.998855754548123,0.0478244875152884));
#2438=DIRECTION('center_axis',(-1.,0.,0.));
#2439=DIRECTION('ref_axis',(0.,0.,1.));
#2440=DIRECTION('',(0.,0.996454701568355,-0.0841310152222189));
#2441=DIRECTION('center_axis',(-1.,0.,0.));
#2442=DIRECTION('ref_axis',(0.,0.,1.));
#2443=DIRECTION('center_axis',(-1.,0.,0.));
#2444=DIRECTION('ref_axis',(0.,0.,1.));
#2445=DIRECTION('',(0.,0.,-1.));
#2446=DIRECTION('center_axis',(-1.,0.,0.));
#2447=DIRECTION('ref_axis',(0.,0.,1.));
#2448=DIRECTION('center_axis',(-1.,0.,0.));
#2449=DIRECTION('ref_axis',(0.,0.,1.));
#2450=DIRECTION('center_axis',(-1.,0.,0.));
#2451=DIRECTION('ref_axis',(0.,0.,1.));
#2452=DIRECTION('center_axis',(-1.,0.,0.));
#2453=DIRECTION('ref_axis',(0.,0.,1.));
#2454=DIRECTION('center_axis',(1.,0.,0.));
#2455=DIRECTION('ref_axis',(0.,0.,-1.));
#2456=DIRECTION('center_axis',(-1.,0.,0.));
#2457=DIRECTION('ref_axis',(0.,0.,1.));
#2458=DIRECTION('',(0.,0.995286007396932,0.0969833154716509));
#2459=DIRECTION('center_axis',(-1.,0.,0.));
#2460=DIRECTION('ref_axis',(0.,0.,1.));
#2461=DIRECTION('',(0.,-0.995399666029749,0.0958097326364291));
#2462=DIRECTION('center_axis',(-1.,0.,0.));
#2463=DIRECTION('ref_axis',(0.,0.,1.));
#2464=DIRECTION('',(0.,-0.99912608248576,0.0417979819687432));
#2465=DIRECTION('center_axis',(-1.,0.,0.));
#2466=DIRECTION('ref_axis',(0.,0.,1.));
#2467=DIRECTION('',(0.,0.998855754548123,0.0478244875152884));
#2468=DIRECTION('center_axis',(-1.,0.,0.));
#2469=DIRECTION('ref_axis',(0.,0.,1.));
#2470=DIRECTION('',(0.,0.996454701568355,-0.0841310152222189));
#2471=DIRECTION('center_axis',(-1.,0.,0.));
#2472=DIRECTION('ref_axis',(0.,0.,1.));
#2473=DIRECTION('center_axis',(-1.,0.,0.));
#2474=DIRECTION('ref_axis',(0.,0.,1.));
#2475=DIRECTION('center_axis',(-1.,0.,0.));
#2476=DIRECTION('ref_axis',(0.,0.,1.));
#2477=DIRECTION('',(0.,0.,-1.));
#2478=DIRECTION('center_axis',(-1.,0.,0.));
#2479=DIRECTION('ref_axis',(0.,0.,1.));
#2480=DIRECTION('center_axis',(-1.,0.,0.));
#2481=DIRECTION('ref_axis',(0.,0.,1.));
#2482=DIRECTION('center_axis',(-1.,0.,0.));
#2483=DIRECTION('ref_axis',(0.,0.,1.));
#2484=DIRECTION('',(0.,0.995286007396932,0.0969833154716509));
#2485=DIRECTION('center_axis',(-1.,0.,0.));
#2486=DIRECTION('ref_axis',(0.,0.,1.));
#2487=DIRECTION('',(0.,-0.99912608248576,0.0417979819687432));
#2488=DIRECTION('center_axis',(-1.,0.,0.));
#2489=DIRECTION('ref_axis',(0.,0.,1.));
#2490=DIRECTION('',(0.,0.996454701568355,-0.0841310152222189));
#2491=DIRECTION('center_axis',(-1.,0.,0.));
#2492=DIRECTION('ref_axis',(0.,0.,1.));
#2493=DIRECTION('',(0.,0.998855754548123,0.0478244875152883));
#2494=DIRECTION('center_axis',(-1.,0.,0.));
#2495=DIRECTION('ref_axis',(0.,0.,1.));
#2496=DIRECTION('',(0.,-0.995399666029749,0.0958097326364292));
#2497=DIRECTION('center_axis',(-1.,0.,0.));
#2498=DIRECTION('ref_axis',(0.,0.,1.));
#2499=DIRECTION('center_axis',(1.,0.,0.));
#2500=DIRECTION('ref_axis',(0.,0.,-1.));
#2501=DIRECTION('center_axis',(-1.,0.,0.));
#2502=DIRECTION('ref_axis',(0.,0.,1.));
#2503=DIRECTION('center_axis',(-1.,0.,0.));
#2504=DIRECTION('ref_axis',(0.,0.,1.));
#2505=DIRECTION('',(0.,0.,-1.));
#2506=DIRECTION('center_axis',(-1.,0.,0.));
#2507=DIRECTION('ref_axis',(0.,0.,1.));
#2508=DIRECTION('center_axis',(-1.,0.,0.));
#2509=DIRECTION('ref_axis',(0.,0.,1.));
#2510=DIRECTION('center_axis',(-1.,0.,0.));
#2511=DIRECTION('ref_axis',(0.,0.,1.));
#2512=DIRECTION('center_axis',(-1.,0.,0.));
#2513=DIRECTION('ref_axis',(0.,0.,1.));
#2514=DIRECTION('center_axis',(1.,0.,0.));
#2515=DIRECTION('ref_axis',(0.,0.,-1.));
#2516=DIRECTION('center_axis',(-1.,0.,0.));
#2517=DIRECTION('ref_axis',(0.,0.,1.));
#2518=DIRECTION('',(0.,0.995286007396932,0.0969833154716509));
#2519=DIRECTION('center_axis',(-1.,0.,0.));
#2520=DIRECTION('ref_axis',(0.,0.,1.));
#2521=DIRECTION('',(0.,-0.995399666029749,0.0958097326364291));
#2522=DIRECTION('center_axis',(-1.,0.,0.));
#2523=DIRECTION('ref_axis',(0.,0.,1.));
#2524=DIRECTION('',(0.,-0.99912608248576,0.0417979819687432));
#2525=DIRECTION('center_axis',(-1.,0.,0.));
#2526=DIRECTION('ref_axis',(0.,0.,1.));
#2527=DIRECTION('',(0.,0.998855754548123,0.0478244875152884));
#2528=DIRECTION('center_axis',(-1.,0.,0.));
#2529=DIRECTION('ref_axis',(0.,0.,1.));
#2530=DIRECTION('',(0.,0.996454701568355,-0.0841310152222189));
#2531=DIRECTION('center_axis',(-1.,0.,0.));
#2532=DIRECTION('ref_axis',(0.,0.,1.));
#2533=DIRECTION('center_axis',(-1.,0.,0.));
#2534=DIRECTION('ref_axis',(0.,0.,1.));
#2535=DIRECTION('center_axis',(-1.,0.,0.));
#2536=DIRECTION('ref_axis',(0.,0.,1.));
#2537=DIRECTION('',(0.,0.,-1.));
#2538=DIRECTION('center_axis',(-1.,0.,0.));
#2539=DIRECTION('ref_axis',(0.,0.,1.));
#2540=DIRECTION('center_axis',(-1.,0.,0.));
#2541=DIRECTION('ref_axis',(0.,0.,1.));
#2542=DIRECTION('center_axis',(-1.,0.,0.));
#2543=DIRECTION('ref_axis',(0.,0.,1.));
#2544=DIRECTION('',(0.,0.995286007396932,0.0969833154716509));
#2545=DIRECTION('center_axis',(-1.,0.,0.));
#2546=DIRECTION('ref_axis',(0.,0.,1.));
#2547=DIRECTION('',(0.,-0.99912608248576,0.0417979819687432));
#2548=DIRECTION('center_axis',(-1.,0.,0.));
#2549=DIRECTION('ref_axis',(0.,0.,1.));
#2550=DIRECTION('',(0.,0.996454701568355,-0.0841310152222189));
#2551=DIRECTION('center_axis',(-1.,0.,0.));
#2552=DIRECTION('ref_axis',(0.,0.,1.));
#2553=DIRECTION('',(0.,0.998855754548123,0.0478244875152883));
#2554=DIRECTION('center_axis',(-1.,0.,0.));
#2555=DIRECTION('ref_axis',(0.,0.,1.));
#2556=DIRECTION('',(0.,-0.995399666029749,0.0958097326364292));
#2557=DIRECTION('center_axis',(-1.,0.,0.));
#2558=DIRECTION('ref_axis',(0.,0.,1.));
#2559=DIRECTION('center_axis',(1.,0.,0.));
#2560=DIRECTION('ref_axis',(0.,0.,-1.));
#2561=DIRECTION('center_axis',(-1.,0.,0.));
#2562=DIRECTION('ref_axis',(0.,0.,1.));
#2563=DIRECTION('center_axis',(-1.,0.,0.));
#2564=DIRECTION('ref_axis',(0.,0.,1.));
#2565=DIRECTION('center_axis',(-1.,0.,0.));
#2566=DIRECTION('ref_axis',(0.,0.,1.));
#2567=DIRECTION('',(0.,0.,-1.));
#2568=DIRECTION('',(0.,-0.995399666029749,0.0958097326364292));
#2569=DIRECTION('center_axis',(-1.,0.,0.));
#2570=DIRECTION('ref_axis',(0.,0.,1.));
#2571=DIRECTION('',(0.,0.998855754548123,0.0478244875152883));
#2572=DIRECTION('center_axis',(-1.,0.,0.));
#2573=DIRECTION('ref_axis',(0.,0.,1.));
#2574=DIRECTION('',(0.,0.996454701568355,-0.0841310152222189));
#2575=DIRECTION('center_axis',(-1.,0.,0.));
#2576=DIRECTION('ref_axis',(0.,0.,1.));
#2577=DIRECTION('',(0.,-0.99912608248576,0.0417979819687432));
#2578=DIRECTION('center_axis',(-1.,0.,0.));
#2579=DIRECTION('ref_axis',(0.,0.,1.));
#2580=DIRECTION('',(0.,0.995286007396932,0.0969833154716509));
#2581=DIRECTION('center_axis',(-1.,0.,0.));
#2582=DIRECTION('ref_axis',(0.,0.,1.));
#2583=DIRECTION('center_axis',(-1.,0.,0.));
#2584=DIRECTION('ref_axis',(0.,0.,1.));
#2585=DIRECTION('center_axis',(-1.,0.,0.));
#2586=DIRECTION('ref_axis',(0.,0.,1.));
#2587=DIRECTION('center_axis',(-1.,0.,0.));
#2588=DIRECTION('ref_axis',(0.,1.,0.));
#2589=DIRECTION('center_axis',(1.,0.,0.));
#2590=DIRECTION('ref_axis',(0.,0.,-1.));
#2591=DIRECTION('center_axis',(1.,0.,0.));
#2592=DIRECTION('ref_axis',(0.,0.,-1.));
#2593=DIRECTION('',(0.,0.,1.));
#2594=DIRECTION('center_axis',(1.,0.,0.));
#2595=DIRECTION('ref_axis',(0.,0.,-1.));
#2596=DIRECTION('center_axis',(1.,0.,0.));
#2597=DIRECTION('ref_axis',(0.,0.,-1.));
#2598=DIRECTION('',(0.,-0.995286007396932,-0.0969833154716509));
#2599=DIRECTION('center_axis',(1.,0.,0.));
#2600=DIRECTION('ref_axis',(0.,0.,-1.));
#2601=DIRECTION('',(0.,0.99912608248576,-0.0417979819687432));
#2602=DIRECTION('center_axis',(1.,0.,0.));
#2603=DIRECTION('ref_axis',(0.,0.,-1.));
#2604=DIRECTION('',(0.,-0.996454701568355,0.0841310152222189));
#2605=DIRECTION('center_axis',(1.,0.,0.));
#2606=DIRECTION('ref_axis',(0.,0.,-1.));
#2607=DIRECTION('center_axis',(1.,0.,0.));
#2608=DIRECTION('ref_axis',(0.,0.,-1.));
#2609=DIRECTION('',(0.,-0.998855754548123,-0.0478244875152885));
#2610=DIRECTION('center_axis',(1.,0.,0.));
#2611=DIRECTION('ref_axis',(0.,0.,-1.));
#2612=DIRECTION('',(0.,0.995399666029749,-0.0958097326364291));
#2613=DIRECTION('center_axis',(1.,0.,0.));
#2614=DIRECTION('ref_axis',(0.,0.,-1.));
#2615=DIRECTION('center_axis',(1.,0.,0.));
#2616=DIRECTION('ref_axis',(0.,0.,-1.));
#2617=DIRECTION('center_axis',(-1.,0.,0.));
#2618=DIRECTION('ref_axis',(0.,0.,1.));
#2619=DIRECTION('',(0.,-0.993106119810964,-0.117218747621751));
#2620=DIRECTION('center_axis',(-1.,0.,0.));
#2621=DIRECTION('ref_axis',(0.,0.,1.));
#2622=DIRECTION('',(0.,-0.993106119810964,-0.117218747621751));
#2623=DIRECTION('center_axis',(-1.,0.,0.));
#2624=DIRECTION('ref_axis',(0.,0.,1.));
#2625=DIRECTION('',(0.,-0.993106119810964,-0.117218747621751));
#2626=DIRECTION('center_axis',(-1.,0.,0.));
#2627=DIRECTION('ref_axis',(0.,0.,1.));
#2628=DIRECTION('',(0.,-0.993106119810964,-0.117218747621751));
#2629=DIRECTION('center_axis',(-1.,0.,0.));
#2630=DIRECTION('ref_axis',(0.,0.,1.));
#2631=DIRECTION('',(0.,-0.993106119810964,-0.117218747621751));
#2632=DIRECTION('center_axis',(-1.,0.,0.));
#2633=DIRECTION('ref_axis',(0.,0.,1.));
#2634=DIRECTION('',(0.,-0.993106119810964,-0.117218747621751));
#2635=DIRECTION('center_axis',(1.,0.,0.));
#2636=DIRECTION('ref_axis',(0.,0.,-1.));
#2637=DIRECTION('',(0.,0.993106119810964,0.11721874762175));
#2638=DIRECTION('center_axis',(1.,0.,0.));
#2639=DIRECTION('ref_axis',(0.,0.,-1.));
#2640=DIRECTION('',(-1.,0.,0.));
#2641=DIRECTION('center_axis',(1.,0.,0.));
#2642=DIRECTION('ref_axis',(0.,0.,-1.));
#2643=DIRECTION('',(-1.,0.,0.));
#2644=DIRECTION('center_axis',(1.,0.,0.));
#2645=DIRECTION('ref_axis',(0.,0.,-1.));
#2646=DIRECTION('',(-1.,0.,0.));
#2647=DIRECTION('center_axis',(1.,0.,0.));
#2648=DIRECTION('ref_axis',(0.,0.,-1.));
#2649=DIRECTION('',(-1.,0.,0.));
#2650=DIRECTION('',(1.,0.,0.));
#2651=DIRECTION('',(1.,0.,0.));
#2652=DIRECTION('center_axis',(1.,0.,0.));
#2653=DIRECTION('ref_axis',(0.,0.,-1.));
#2654=DIRECTION('center_axis',(1.,0.,0.));
#2655=DIRECTION('ref_axis',(0.,0.,-1.));
#2656=DIRECTION('',(1.,0.,0.));
#2657=DIRECTION('',(1.,0.,0.));
#2658=DIRECTION('',(1.,0.,0.));
#2659=DIRECTION('',(1.,0.,0.));
#2660=DIRECTION('',(1.,0.,0.));
#2661=DIRECTION('',(1.,0.,0.));
#2662=DIRECTION('',(1.,0.,0.));
#2663=DIRECTION('',(1.,0.,0.));
#2664=DIRECTION('',(1.,0.,0.));
#2665=DIRECTION('',(1.,0.,0.));
#2666=DIRECTION('',(1.,0.,0.));
#2667=DIRECTION('',(1.,0.,0.));
#2668=DIRECTION('',(1.,0.,0.));
#2669=DIRECTION('',(1.,0.,0.));
#2670=DIRECTION('center_axis',(1.,0.,0.));
#2671=DIRECTION('ref_axis',(0.,0.,-1.));
#2672=DIRECTION('',(1.,0.,0.));
#2673=DIRECTION('center_axis',(1.,0.,0.));
#2674=DIRECTION('ref_axis',(0.,0.,-1.));
#2675=DIRECTION('center_axis',(-1.,0.,0.));
#2676=DIRECTION('ref_axis',(0.,0.,1.));
#2677=DIRECTION('center_axis',(1.,0.,0.));
#2678=DIRECTION('ref_axis',(0.,0.,-1.));
#2679=DIRECTION('center_axis',(1.,0.,0.));
#2680=DIRECTION('ref_axis',(0.,0.,-1.));
#2681=DIRECTION('',(1.,0.,0.));
#2682=DIRECTION('center_axis',(1.,0.,0.));
#2683=DIRECTION('ref_axis',(0.,0.,-1.));
#2684=DIRECTION('',(1.,0.,0.));
#2685=DIRECTION('center_axis',(1.,0.,0.));
#2686=DIRECTION('ref_axis',(0.,0.,-1.));
#2687=DIRECTION('',(-1.,0.,0.));
#2688=DIRECTION('center_axis',(1.,0.,0.));
#2689=DIRECTION('ref_axis',(0.,0.,-1.));
#2690=DIRECTION('',(-1.,0.,0.));
#2691=DIRECTION('center_axis',(1.,0.,0.));
#2692=DIRECTION('ref_axis',(0.,0.,-1.));
#2693=DIRECTION('',(1.,0.,0.));
#2694=DIRECTION('center_axis',(1.,0.,0.));
#2695=DIRECTION('ref_axis',(0.,0.,-1.));
#2696=DIRECTION('',(1.,0.,0.));
#2697=DIRECTION('center_axis',(1.,0.,0.));
#2698=DIRECTION('ref_axis',(0.,0.,-1.));
#2699=DIRECTION('',(1.,0.,0.));
#2700=DIRECTION('center_axis',(1.,0.,0.));
#2701=DIRECTION('ref_axis',(0.,0.,-1.));
#2702=DIRECTION('',(1.,0.,0.));
#2703=DIRECTION('center_axis',(-1.,0.,0.));
#2704=DIRECTION('ref_axis',(0.,0.,1.));
#2705=DIRECTION('center_axis',(-1.,0.,0.));
#2706=DIRECTION('ref_axis',(0.,0.,1.));
#2707=DIRECTION('center_axis',(1.,0.,0.));
#2708=DIRECTION('ref_axis',(0.,0.,-1.));
#2709=DIRECTION('',(1.,0.,0.));
#2710=DIRECTION('center_axis',(1.,0.,0.));
#2711=DIRECTION('ref_axis',(0.,0.,-1.));
#2712=DIRECTION('',(1.,0.,0.));
#2713=DIRECTION('',(1.,0.,0.));
#2714=DIRECTION('center_axis',(0.,0.117218747621751,-0.993106119810964));
#2715=DIRECTION('ref_axis',(-1.,0.,0.));
#2716=DIRECTION('center_axis',(1.,0.,0.));
#2717=DIRECTION('ref_axis',(0.,0.,-1.));
#2718=DIRECTION('',(1.,0.,0.));
#2719=DIRECTION('',(1.,0.,0.));
#2720=DIRECTION('center_axis',(0.,0.117218747621751,-0.993106119810964));
#2721=DIRECTION('ref_axis',(-1.,0.,0.));
#2722=DIRECTION('center_axis',(1.,0.,0.));
#2723=DIRECTION('ref_axis',(0.,0.,-1.));
#2724=DIRECTION('',(1.,0.,0.));
#2725=DIRECTION('',(1.,0.,0.));
#2726=DIRECTION('center_axis',(0.,0.117218747621751,-0.993106119810964));
#2727=DIRECTION('ref_axis',(-1.,0.,0.));
#2728=DIRECTION('center_axis',(0.,0.117218747621751,-0.993106119810964));
#2729=DIRECTION('ref_axis',(-1.,0.,0.));
#2730=DIRECTION('',(1.,0.,0.));
#2731=DIRECTION('',(1.,0.,0.));
#2732=DIRECTION('center_axis',(1.,0.,0.));
#2733=DIRECTION('ref_axis',(0.,0.,-1.));
#2734=DIRECTION('center_axis',(1.,0.,0.));
#2735=DIRECTION('ref_axis',(0.,-0.0969833154716504,0.995286007396932));
#2736=DIRECTION('',(1.,0.,0.));
#2737=DIRECTION('',(1.,0.,0.));
#2738=DIRECTION('center_axis',(0.,-0.0969833154716508,0.995286007396932));
#2739=DIRECTION('ref_axis',(1.,0.,0.));
#2740=DIRECTION('center_axis',(1.,0.,0.));
#2741=DIRECTION('ref_axis',(0.,-0.0969833154716502,0.995286007396932));
#2742=DIRECTION('',(1.,0.,0.));
#2743=DIRECTION('',(1.,0.,0.));
#2744=DIRECTION('center_axis',(0.,-0.0969833154716508,0.995286007396932));
#2745=DIRECTION('ref_axis',(1.,0.,0.));
#2746=DIRECTION('center_axis',(1.,0.,0.));
#2747=DIRECTION('ref_axis',(0.,-0.0969833154716502,0.995286007396932));
#2748=DIRECTION('',(1.,0.,0.));
#2749=DIRECTION('',(1.,0.,0.));
#2750=DIRECTION('center_axis',(0.,-0.0969833154716508,0.995286007396932));
#2751=DIRECTION('ref_axis',(1.,0.,0.));
#2752=DIRECTION('center_axis',(0.,-0.0969833154716508,0.995286007396932));
#2753=DIRECTION('ref_axis',(1.,0.,0.));
#2754=DIRECTION('',(1.,0.,0.));
#2755=DIRECTION('',(1.,0.,0.));
#2756=DIRECTION('center_axis',(1.,0.,0.));
#2757=DIRECTION('ref_axis',(0.,-0.0969833154716502,0.995286007396932));
#2758=DIRECTION('center_axis',(1.,0.,0.));
#2759=DIRECTION('ref_axis',(0.,0.,-1.));
#2760=DIRECTION('',(1.,0.,0.));
#2761=DIRECTION('',(1.,0.,0.));
#2762=DIRECTION('center_axis',(0.,-0.0958097326364292,-0.995399666029749));
#2763=DIRECTION('ref_axis',(-1.,0.,0.));
#2764=DIRECTION('center_axis',(1.,0.,0.));
#2765=DIRECTION('ref_axis',(0.,0.,-1.));
#2766=DIRECTION('',(1.,0.,0.));
#2767=DIRECTION('',(1.,0.,0.));
#2768=DIRECTION('center_axis',(0.,-0.0417979819687433,-0.99912608248576));
#2769=DIRECTION('ref_axis',(-1.,0.,0.));
#2770=DIRECTION('center_axis',(1.,0.,0.));
#2771=DIRECTION('ref_axis',(0.,0.,-1.));
#2772=DIRECTION('',(1.,0.,0.));
#2773=DIRECTION('',(1.,0.,0.));
#2774=DIRECTION('center_axis',(0.,-0.0958097326364292,-0.995399666029749));
#2775=DIRECTION('ref_axis',(-1.,0.,0.));
#2776=DIRECTION('center_axis',(1.,0.,0.));
#2777=DIRECTION('ref_axis',(0.,0.,-1.));
#2778=DIRECTION('',(1.,0.,0.));
#2779=DIRECTION('',(1.,0.,0.));
#2780=DIRECTION('center_axis',(0.,-0.0417979819687433,-0.99912608248576));
#2781=DIRECTION('ref_axis',(-1.,0.,0.));
#2782=DIRECTION('center_axis',(1.,0.,0.));
#2783=DIRECTION('ref_axis',(0.,0.,-1.));
#2784=DIRECTION('',(1.,0.,0.));
#2785=DIRECTION('',(1.,0.,0.));
#2786=DIRECTION('center_axis',(0.,-0.0958097326364292,-0.995399666029749));
#2787=DIRECTION('ref_axis',(-1.,0.,0.));
#2788=DIRECTION('center_axis',(1.,0.,0.));
#2789=DIRECTION('ref_axis',(0.,0.,-1.));
#2790=DIRECTION('',(1.,0.,0.));
#2791=DIRECTION('',(1.,0.,0.));
#2792=DIRECTION('center_axis',(0.,-0.0417979819687433,-0.99912608248576));
#2793=DIRECTION('ref_axis',(-1.,0.,0.));
#2794=DIRECTION('center_axis',(0.,-0.0958097326364292,-0.995399666029749));
#2795=DIRECTION('ref_axis',(-1.,0.,0.));
#2796=DIRECTION('',(1.,0.,0.));
#2797=DIRECTION('',(1.,0.,0.));
#2798=DIRECTION('center_axis',(1.,0.,0.));
#2799=DIRECTION('ref_axis',(0.,0.,-1.));
#2800=DIRECTION('center_axis',(0.,-0.0417979819687433,-0.99912608248576));
#2801=DIRECTION('ref_axis',(-1.,0.,0.));
#2802=DIRECTION('',(1.,0.,0.));
#2803=DIRECTION('',(1.,0.,0.));
#2804=DIRECTION('center_axis',(1.,0.,0.));
#2805=DIRECTION('ref_axis',(0.,0.,-1.));
#2806=DIRECTION('',(-1.,0.,0.));
#2807=DIRECTION('',(-1.,0.,0.));
#2808=DIRECTION('center_axis',(0.,1.,0.));
#2809=DIRECTION('ref_axis',(0.,0.,1.));
#2810=DIRECTION('center_axis',(0.,1.,0.));
#2811=DIRECTION('ref_axis',(0.,0.,1.));
#2812=DIRECTION('',(-1.,0.,0.));
#2813=DIRECTION('',(-1.,0.,0.));
#2814=DIRECTION('center_axis',(0.,1.,0.));
#2815=DIRECTION('ref_axis',(0.,0.,1.));
#2816=DIRECTION('',(-1.,0.,0.));
#2817=DIRECTION('',(-1.,0.,0.));
#2818=DIRECTION('',(-1.,0.,0.));
#2819=DIRECTION('',(-1.,0.,0.));
#2820=DIRECTION('center_axis',(0.,1.,0.));
#2821=DIRECTION('ref_axis',(0.,0.,1.));
#2822=DIRECTION('',(1.,0.,0.));
#2823=DIRECTION('center_axis',(1.,0.,0.));
#2824=DIRECTION('ref_axis',(0.,0.,-1.));
#2825=DIRECTION('',(1.,0.,0.));
#2826=DIRECTION('',(1.,0.,0.));
#2827=DIRECTION('center_axis',(1.,0.,0.));
#2828=DIRECTION('ref_axis',(0.,0.,-1.));
#2829=DIRECTION('',(1.,0.,0.));
#2830=DIRECTION('center_axis',(1.,0.,0.));
#2831=DIRECTION('ref_axis',(0.,0.,-1.));
#2832=DIRECTION('',(1.,0.,0.));
#2833=DIRECTION('',(1.,0.,0.));
#2834=DIRECTION('',(1.,0.,0.));
#2835=DIRECTION('',(1.,0.,0.));
#2836=DIRECTION('center_axis',(1.,0.,0.));
#2837=DIRECTION('ref_axis',(0.,0.,-1.));
#2838=DIRECTION('center_axis',(1.,0.,0.));
#2839=DIRECTION('ref_axis',(0.,-0.0478244875152884,0.998855754548123));
#2840=DIRECTION('',(1.,0.,0.));
#2841=DIRECTION('',(1.,0.,0.));
#2842=DIRECTION('center_axis',(0.,-0.0478244875152884,0.998855754548123));
#2843=DIRECTION('ref_axis',(1.,0.,0.));
#2844=DIRECTION('center_axis',(1.,0.,0.));
#2845=DIRECTION('ref_axis',(0.,-0.0478244875152891,0.998855754548123));
#2846=DIRECTION('',(1.,0.,0.));
#2847=DIRECTION('',(1.,0.,0.));
#2848=DIRECTION('center_axis',(0.,-0.0478244875152884,0.998855754548123));
#2849=DIRECTION('ref_axis',(1.,0.,0.));
#2850=DIRECTION('center_axis',(1.,0.,0.));
#2851=DIRECTION('ref_axis',(0.,-0.0478244875152891,0.998855754548123));
#2852=DIRECTION('',(1.,0.,0.));
#2853=DIRECTION('',(1.,0.,0.));
#2854=DIRECTION('center_axis',(0.,-0.0478244875152884,0.998855754548123));
#2855=DIRECTION('ref_axis',(1.,0.,0.));
#2856=DIRECTION('center_axis',(0.,-0.0478244875152884,0.998855754548123));
#2857=DIRECTION('ref_axis',(1.,0.,0.));
#2858=DIRECTION('',(1.,0.,0.));
#2859=DIRECTION('',(1.,0.,0.));
#2860=DIRECTION('center_axis',(1.,0.,0.));
#2861=DIRECTION('ref_axis',(0.,-0.0478244875152891,0.998855754548123));
#2862=DIRECTION('center_axis',(1.,0.,0.));
#2863=DIRECTION('ref_axis',(0.,0.0841310152222194,0.996454701568355));
#2864=DIRECTION('',(1.,0.,0.));
#2865=DIRECTION('',(1.,0.,0.));
#2866=DIRECTION('center_axis',(0.,0.0841310152222189,0.996454701568355));
#2867=DIRECTION('ref_axis',(1.,0.,0.));
#2868=DIRECTION('center_axis',(1.,0.,0.));
#2869=DIRECTION('ref_axis',(0.,0.0841310152222182,0.996454701568355));
#2870=DIRECTION('',(1.,0.,0.));
#2871=DIRECTION('',(1.,0.,0.));
#2872=DIRECTION('center_axis',(0.,0.0841310152222189,0.996454701568355));
#2873=DIRECTION('ref_axis',(1.,0.,0.));
#2874=DIRECTION('center_axis',(1.,0.,0.));
#2875=DIRECTION('ref_axis',(0.,0.0841310152222182,0.996454701568355));
#2876=DIRECTION('',(1.,0.,0.));
#2877=DIRECTION('',(1.,0.,0.));
#2878=DIRECTION('center_axis',(0.,0.0841310152222189,0.996454701568355));
#2879=DIRECTION('ref_axis',(1.,0.,0.));
#2880=DIRECTION('center_axis',(0.,0.0841310152222189,0.996454701568355));
#2881=DIRECTION('ref_axis',(1.,0.,0.));
#2882=DIRECTION('',(1.,0.,0.));
#2883=DIRECTION('',(1.,0.,0.));
#2884=DIRECTION('center_axis',(1.,0.,0.));
#2885=DIRECTION('ref_axis',(0.,0.0841310152222182,0.996454701568355));
#2886=DIRECTION('center_axis',(-1.,0.,0.));
#2887=DIRECTION('ref_axis',(0.,0.,1.));
#2888=DIRECTION('',(1.,0.,0.));
#2889=CARTESIAN_POINT('',(0.,0.,0.));
#2890=CARTESIAN_POINT('Origin',(-100.,-35.0370642130266,0.00386934032200942));
#2891=CARTESIAN_POINT('',(-100.,-16.631784356308,2.00312284828911));
#2892=CARTESIAN_POINT('Origin',(-100.,-16.631784356308,0.00312284828911163));
#2893=CARTESIAN_POINT('Origin',(-97.,-35.0370642130266,0.00386934032200899));
#2894=CARTESIAN_POINT('',(-97.,-27.9037135278997,3.30416092582177));
#2895=CARTESIAN_POINT('',(-97.,-22.9392554896639,3.89012806695015));
#2896=CARTESIAN_POINT('',(-97.,-27.9037135278997,3.30416092582177));
#2897=CARTESIAN_POINT('Ctrl Pts',(-97.,-22.939255585402,3.89012926747611));
#2898=CARTESIAN_POINT('Ctrl Pts',(-97.,-23.6383457139347,3.83437908928983));
#2899=CARTESIAN_POINT('Ctrl Pts',(-97.,-25.0770326920436,3.70051749327082));
#2900=CARTESIAN_POINT('Ctrl Pts',(-97.,-26.7308361669073,3.4907517037824));
#2901=CARTESIAN_POINT('Ctrl Pts',(-97.,-27.6844231036965,3.34044770815573));
#2902=CARTESIAN_POINT('Ctrl Pts',(-97.,-27.9033332234302,3.30420581408974));
#2903=CARTESIAN_POINT('Origin',(-97.,-35.0370642130266,0.00386934032200899));
#2904=CARTESIAN_POINT('',(-97.,-33.1287099897688,1.90781982978879));
#2905=CARTESIAN_POINT('',(-97.,-33.1287099897688,-1.90008114914225));
#2906=CARTESIAN_POINT('',(-97.,-33.1287099897688,1.90781982978879));
#2907=CARTESIAN_POINT('',(-97.,25.1572096991332,-1.35085666072496));
#2908=CARTESIAN_POINT('Ctrl Pts',(-97.,-33.128710990231,-1.90008335940722));
#2909=CARTESIAN_POINT('Ctrl Pts',(-97.,-32.9731696376417,-1.97048814560874));
#2910=CARTESIAN_POINT('Ctrl Pts',(-97.,-32.4726308092027,-2.18020170493554));
#2911=CARTESIAN_POINT('Ctrl Pts',(-97.,-31.6065003085643,-2.47500010058599));
#2912=CARTESIAN_POINT('Ctrl Pts',(-97.,-30.530607855454,-2.76981286875108));
#2913=CARTESIAN_POINT('Ctrl Pts',(-97.,-29.4427841192324,-3.01647091325338));
#2914=CARTESIAN_POINT('Ctrl Pts',(-97.,-28.3473772893148,-3.22601236223712));
#2915=CARTESIAN_POINT('Ctrl Pts',(-97.,-26.8794336213348,-3.46406269851517));
#2916=CARTESIAN_POINT('Ctrl Pts',(-97.,-25.0352174210516,-3.69805502555781));
#2917=CARTESIAN_POINT('Ctrl Pts',(-97.,-22.8139806015819,-3.90249591113617));
#2918=CARTESIAN_POINT('Ctrl Pts',(-97.,-20.5881375627801,-4.04598956412722));
#2919=CARTESIAN_POINT('Ctrl Pts',(-97.,-18.3595047815362,-4.13841784673845));
#2920=CARTESIAN_POINT('Ctrl Pts',(-97.,-16.1296745593701,-4.18888347150305));
#2921=CARTESIAN_POINT('Ctrl Pts',(-97.,-13.1558351285057,-4.20718216930068));
#2922=CARTESIAN_POINT('Ctrl Pts',(-97.,-9.43876197304748,-4.15105361221425));
#2923=CARTESIAN_POINT('Ctrl Pts',(-97.,-4.98087053636191,-3.98557102213438));
#2924=CARTESIAN_POINT('Ctrl Pts',(-97.,-0.526696999564213,-3.74305138385577));
#2925=CARTESIAN_POINT('Ctrl Pts',(-97.,3.92360781105076,-3.43743897397122));
#2926=CARTESIAN_POINT('Ctrl Pts',(-97.,8.36999327774322,-3.08002075562269));
#2927=CARTESIAN_POINT('Ctrl Pts',(-97.,12.8125664629163,-2.6780455406531));
#2928=CARTESIAN_POINT('Ctrl Pts',(-97.,18.4105453685811,-2.12118607664448));
#2929=CARTESIAN_POINT('Ctrl Pts',(-97.,22.523962022516,-1.66378373454884));
#2930=CARTESIAN_POINT('Ctrl Pts',(-97.,25.1572028726374,-1.35079922753289));
#2931=CARTESIAN_POINT('',(-97.,25.1572345624091,1.35877529364814));
#2932=CARTESIAN_POINT('Origin',(-97.,34.9629357869734,0.00386934032199311));
#2933=CARTESIAN_POINT('Ctrl Pts',(-97.,25.1572290766437,1.35872913606932));
#2934=CARTESIAN_POINT('Ctrl Pts',(-97.,22.5239867307973,1.67168597357359));
#2935=CARTESIAN_POINT('Ctrl Pts',(-97.,18.4105354347594,2.12886625662715));
#2936=CARTESIAN_POINT('Ctrl Pts',(-97.,12.812574055436,2.68592183309995));
#2937=CARTESIAN_POINT('Ctrl Pts',(-97.,8.36999524905401,3.08785677072706));
#2938=CARTESIAN_POINT('Ctrl Pts',(-97.,3.92359906578657,3.4451251227191));
#2939=CARTESIAN_POINT('Ctrl Pts',(-97.,-0.526686450759213,3.75078730235609));
#2940=CARTESIAN_POINT('Ctrl Pts',(-97.,-4.98089224935204,3.99348963525551));
#2941=CARTESIAN_POINT('Ctrl Pts',(-97.,-9.4387262244192,4.15867492203629));
#2942=CARTESIAN_POINT('Ctrl Pts',(-97.,-13.155824670649,4.21486884210763));
#2943=CARTESIAN_POINT('Ctrl Pts',(-97.,-16.1296953174393,4.19672279343607));
#2944=CARTESIAN_POINT('Ctrl Pts',(-97.,-18.3595168557793,4.1462289355656));
#2945=CARTESIAN_POINT('Ctrl Pts',(-97.,-20.5880559861199,4.05341757950872));
#2946=CARTESIAN_POINT('Ctrl Pts',(-97.,-22.1140820609766,3.95530905233863));
#2947=CARTESIAN_POINT('Ctrl Pts',(-97.,-22.8972441761858,3.89347954157392));
#2948=CARTESIAN_POINT('Ctrl Pts',(-97.,-22.939255585402,3.89012926747611));
#2949=CARTESIAN_POINT('Origin',(-97.,-25.4275750622896,3.64874516679371));
#2950=CARTESIAN_POINT('Ctrl Pts',(-97.,-27.9037106151227,3.30414333288956));
#2951=CARTESIAN_POINT('Ctrl Pts',(-97.,-28.0514040758386,3.27969043843394));
#2952=CARTESIAN_POINT('Ctrl Pts',(-97.,-28.5653828081353,3.19183526865089));
#2953=CARTESIAN_POINT('Ctrl Pts',(-97.,-29.4427955919519,3.02423798748803));
#2954=CARTESIAN_POINT('Ctrl Pts',(-97.,-30.5306047764457,2.77754392922285));
#2955=CARTESIAN_POINT('Ctrl Pts',(-97.,-31.6065011518776,2.48274086832822));
#2956=CARTESIAN_POINT('Ctrl Pts',(-97.,-32.4726307199063,2.18794016488784));
#2957=CARTESIAN_POINT('Ctrl Pts',(-97.,-32.9731696214677,1.9782267868366));
#2958=CARTESIAN_POINT('Ctrl Pts',(-97.,-33.1287109867901,1.90782203245316));
#2959=CARTESIAN_POINT('',(-97.,-16.631784356308,2.00312284828911));
#2960=CARTESIAN_POINT('Origin',(-97.,-16.631784356308,0.00312284828911163));
#2961=CARTESIAN_POINT('',(-97.,7.76783998483635,-1.61300626894953));
#2962=CARTESIAN_POINT('Origin',(-97.,7.76783998483635,0.));
#2963=CARTESIAN_POINT('',(-97.,-20.9608903407287,-3.99795225398575));
#2964=CARTESIAN_POINT('',(-97.,-25.9420876712621,-3.57738803989715));
#2965=CARTESIAN_POINT('Origin',(-97.,-23.4558603583624,-3.83944480586881));
#2966=CARTESIAN_POINT('',(-97.,-20.9608903407287,-3.99795225398575));
#2967=CARTESIAN_POINT('',(-97.,-2.4750002791269,-3.80073025114983));
#2968=CARTESIAN_POINT('',(-97.,-7.46820028140699,-4.03980103798072));
#2969=CARTESIAN_POINT('Origin',(-97.,-4.96911537400319,-3.97216505948896));
#2970=CARTESIAN_POINT('',(-97.,-2.4750002791269,-3.80073025114983));
#2971=CARTESIAN_POINT('',(-97.,-7.94981796112509,4.05415979517058));
#2972=CARTESIAN_POINT('',(-97.,-2.95526661111269,3.84521502740874));
#2973=CARTESIAN_POINT('Origin',(-97.,-5.45037051026508,4.00160087214715));
#2974=CARTESIAN_POINT('',(-97.,-7.94981796112509,4.05415979517058));
#2975=CARTESIAN_POINT('',(-97.,11.999125748675,2.70459305372608));
#2976=CARTESIAN_POINT('',(-97.,16.9750490409604,2.22564786565425));
#2977=CARTESIAN_POINT('Origin',(-97.,14.4920655601286,2.51684030016458));
#2978=CARTESIAN_POINT('',(-97.,11.999125748675,2.70459305372608));
#2979=CARTESIAN_POINT('',(-97.,15.4635128458418,-2.3612522559255));
#2980=CARTESIAN_POINT('',(-97.,10.4881577239684,-2.84606409069663));
#2981=CARTESIAN_POINT('Origin',(-97.,12.9808744282523,-2.65537210821151));
#2982=CARTESIAN_POINT('',(-97.,15.4635128458418,-2.3612522559255));
#2983=CARTESIAN_POINT('',(-97.,-28.0954593810964,1.58739008747265));
#2984=CARTESIAN_POINT('Origin',(-97.,-28.0954593810964,0.));
#2985=CARTESIAN_POINT('Ctrl Pts',(-102.,34.9629357869734,0.0920693403219931));
#2986=CARTESIAN_POINT('Ctrl Pts',(-95.9999999999999,34.9629357869734,0.0920693403219931));
#2987=CARTESIAN_POINT('Ctrl Pts',(-102.,32.018064660065,0.505709300942899));
#2988=CARTESIAN_POINT('Ctrl Pts',(-95.9999999999999,32.018064660065,0.505709300942899));
#2989=CARTESIAN_POINT('Ctrl Pts',(-102.,26.1194482087933,1.26910824731377));
#2990=CARTESIAN_POINT('Ctrl Pts',(-95.9999999999998,26.1194482087933,1.26910824731377));
#2991=CARTESIAN_POINT('Ctrl Pts',(-102.,18.7309669615001,2.09697997575572));
#2992=CARTESIAN_POINT('Ctrl Pts',(-95.9999999999999,18.7309669615001,2.09697997575572));
#2993=CARTESIAN_POINT('Ctrl Pts',(-102.,12.812574055436,2.68592183309995));
#2994=CARTESIAN_POINT('Ctrl Pts',(-95.9999999999999,12.812574055436,2.68592183309995));
#2995=CARTESIAN_POINT('Ctrl Pts',(-102.,8.36999524905401,3.08785677072706));
#2996=CARTESIAN_POINT('Ctrl Pts',(-95.9999999999999,8.36999524905401,3.08785677072706));
#2997=CARTESIAN_POINT('Ctrl Pts',(-102.,3.92359906578657,3.4451251227191));
#2998=CARTESIAN_POINT('Ctrl Pts',(-95.9999999999999,3.92359906578657,3.4451251227191));
#2999=CARTESIAN_POINT('Ctrl Pts',(-102.,-0.526686450759213,3.75078730235609));
#3000=CARTESIAN_POINT('Ctrl Pts',(-95.9999999999999,-0.526686450759213,
3.75078730235609));
#3001=CARTESIAN_POINT('Ctrl Pts',(-102.,-4.98089224935204,3.99348963525551));
#3002=CARTESIAN_POINT('Ctrl Pts',(-95.9999999999999,-4.98089224935204,3.99348963525551));
#3003=CARTESIAN_POINT('Ctrl Pts',(-102.,-9.4387262244192,4.15867492203629));
#3004=CARTESIAN_POINT('Ctrl Pts',(-95.9999999999999,-9.4387262244192,4.15867492203629));
#3005=CARTESIAN_POINT('Ctrl Pts',(-102.,-13.155824670649,4.21486884210763));
#3006=CARTESIAN_POINT('Ctrl Pts',(-95.9999999999999,-13.155824670649,4.21486884210763));
#3007=CARTESIAN_POINT('Ctrl Pts',(-102.,-16.1296953174393,4.19672279343607));
#3008=CARTESIAN_POINT('Ctrl Pts',(-95.9999999999999,-16.1296953174393,4.19672279343607));
#3009=CARTESIAN_POINT('Ctrl Pts',(-102.,-18.3595168557793,4.1462289355656));
#3010=CARTESIAN_POINT('Ctrl Pts',(-95.9999999999999,-18.3595168557793,4.1462289355656));
#3011=CARTESIAN_POINT('Ctrl Pts',(-102.,-20.5880559861199,4.05341757950872));
#3012=CARTESIAN_POINT('Ctrl Pts',(-95.9999999999999,-20.5880559861199,4.05341757950872));
#3013=CARTESIAN_POINT('Ctrl Pts',(-102.,-22.8140030862095,3.91031098706807));
#3014=CARTESIAN_POINT('Ctrl Pts',(-95.9999999999999,-22.8140030862095,3.91031098706807));
#3015=CARTESIAN_POINT('Ctrl Pts',(-102.,-25.0352129398373,3.70582184380044));
#3016=CARTESIAN_POINT('Ctrl Pts',(-95.9999999999999,-25.0352129398373,3.70582184380044));
#3017=CARTESIAN_POINT('Ctrl Pts',(-102.,-26.8795144787894,3.47189358433484));
#3018=CARTESIAN_POINT('Ctrl Pts',(-95.9999999999999,-26.8795144787894,3.47189358433484));
#3019=CARTESIAN_POINT('Ctrl Pts',(-102.,-28.3472765965364,3.23349639867194));
#3020=CARTESIAN_POINT('Ctrl Pts',(-95.9999999999999,-28.3472765965364,3.23349639867194));
#3021=CARTESIAN_POINT('Ctrl Pts',(-102.,-29.4427955919519,3.02423798748803));
#3022=CARTESIAN_POINT('Ctrl Pts',(-95.9999999999999,-29.4427955919519,3.02423798748803));
#3023=CARTESIAN_POINT('Ctrl Pts',(-102.,-30.5306047764457,2.77754392922285));
#3024=CARTESIAN_POINT('Ctrl Pts',(-95.9999999999999,-30.5306047764457,2.77754392922285));
#3025=CARTESIAN_POINT('Ctrl Pts',(-102.,-31.6065011518776,2.48274086832822));
#3026=CARTESIAN_POINT('Ctrl Pts',(-95.9999999999999,-31.6065011518776,2.48274086832822));
#3027=CARTESIAN_POINT('Ctrl Pts',(-102.,-32.4869943129665,2.1830512920282));
#3028=CARTESIAN_POINT('Ctrl Pts',(-95.9999999999999,-32.4869943129665,2.1830512920282));
#3029=CARTESIAN_POINT('Ctrl Pts',(-102.,-33.1725188251606,1.8942859696024));
#3030=CARTESIAN_POINT('Ctrl Pts',(-95.9999999999998,-33.1725188251606,1.8942859696024));
#3031=CARTESIAN_POINT('Ctrl Pts',(-102.,-33.6721751755358,1.6457516714005));
#3032=CARTESIAN_POINT('Ctrl Pts',(-95.9999999999999,-33.6721751755358,1.6457516714005));
#3033=CARTESIAN_POINT('Ctrl Pts',(-102.,-34.1486781649905,1.35416788578589));
#3034=CARTESIAN_POINT('Ctrl Pts',(-95.9999999999999,-34.1486781649905,1.35416788578589));
#3035=CARTESIAN_POINT('Ctrl Pts',(-102.,-34.5835803223464,1.00214815299177));
#3036=CARTESIAN_POINT('Ctrl Pts',(-95.9999999999998,-34.5835803223464,1.00214815299177));
#3037=CARTESIAN_POINT('Ctrl Pts',(-102.,-34.8759479066646,0.632862454246766));
#3038=CARTESIAN_POINT('Ctrl Pts',(-95.9999999999999,-34.8759479066646,0.632862454246766));
#3039=CARTESIAN_POINT('Ctrl Pts',(-102.,-35.013035994948,0.283497091064587));
#3040=CARTESIAN_POINT('Ctrl Pts',(-95.9999999999999,-35.013035994948,0.283497091064587));
#3041=CARTESIAN_POINT('Ctrl Pts',(-102.,-35.0490783220638,0.00386934032801602));
#3042=CARTESIAN_POINT('Ctrl Pts',(-95.9999999999999,-35.0490783220638,0.00386934032801602));
#3043=CARTESIAN_POINT('Ctrl Pts',(-102.,-35.0130359949565,-0.275758410444597));
#3044=CARTESIAN_POINT('Ctrl Pts',(-95.9999999999999,-35.0130359949565,-0.275758410444597));
#3045=CARTESIAN_POINT('Ctrl Pts',(-102.,-34.8759479066167,-0.625123773482612));
#3046=CARTESIAN_POINT('Ctrl Pts',(-95.9999999999999,-34.8759479066167,-0.625123773482612));
#3047=CARTESIAN_POINT('Ctrl Pts',(-102.,-34.5835803227346,-0.994409473308977));
#3048=CARTESIAN_POINT('Ctrl Pts',(-95.9999999999999,-34.5835803227346,-0.994409473308977));
#3049=CARTESIAN_POINT('Ctrl Pts',(-102.,-34.148678163573,-1.34642920163344));
#3050=CARTESIAN_POINT('Ctrl Pts',(-95.9999999999998,-34.148678163573,-1.34642920163344));
#3051=CARTESIAN_POINT('Ctrl Pts',(-102.,-33.6721751808179,-1.63801300382909));
#3052=CARTESIAN_POINT('Ctrl Pts',(-95.9999999999999,-33.6721751808179,-1.63801300382909));
#3053=CARTESIAN_POINT('Ctrl Pts',(-102.,-33.1725188054497,-1.88654724017647));
#3054=CARTESIAN_POINT('Ctrl Pts',(-95.9999999999999,-33.1725188054497,-1.88654724017647));
#3055=CARTESIAN_POINT('Ctrl Pts',(-102.,-32.4869944176185,-2.17531287038508));
#3056=CARTESIAN_POINT('Ctrl Pts',(-95.9999999999999,-32.4869944176185,-2.17531287038508));
#3057=CARTESIAN_POINT('Ctrl Pts',(-102.,-31.6065003085643,-2.47500010058599));
#3058=CARTESIAN_POINT('Ctrl Pts',(-95.9999999999999,-31.6065003085643,-2.47500010058599));
#3059=CARTESIAN_POINT('Ctrl Pts',(-102.,-30.530607855454,-2.76981286875108));
#3060=CARTESIAN_POINT('Ctrl Pts',(-95.9999999999999,-30.530607855454,-2.76981286875108));
#3061=CARTESIAN_POINT('Ctrl Pts',(-102.,-29.4427841192324,-3.01647091325338));
#3062=CARTESIAN_POINT('Ctrl Pts',(-95.9999999999998,-29.4427841192324,-3.01647091325338));
#3063=CARTESIAN_POINT('Ctrl Pts',(-102.,-28.3473772893148,-3.22601236223712));
#3064=CARTESIAN_POINT('Ctrl Pts',(-95.9999999999999,-28.3473772893148,-3.22601236223712));
#3065=CARTESIAN_POINT('Ctrl Pts',(-102.,-26.8794336213348,-3.46406269851517));
#3066=CARTESIAN_POINT('Ctrl Pts',(-95.9999999999998,-26.8794336213348,-3.46406269851517));
#3067=CARTESIAN_POINT('Ctrl Pts',(-102.,-25.0352174210516,-3.69805502555781));
#3068=CARTESIAN_POINT('Ctrl Pts',(-95.9999999999999,-25.0352174210516,-3.69805502555781));
#3069=CARTESIAN_POINT('Ctrl Pts',(-102.,-22.8139806015819,-3.90249591113617));
#3070=CARTESIAN_POINT('Ctrl Pts',(-95.9999999999999,-22.8139806015819,-3.90249591113617));
#3071=CARTESIAN_POINT('Ctrl Pts',(-102.,-20.5881375627801,-4.04598956412722));
#3072=CARTESIAN_POINT('Ctrl Pts',(-95.9999999999999,-20.5881375627801,-4.04598956412722));
#3073=CARTESIAN_POINT('Ctrl Pts',(-102.,-18.3595047815362,-4.13841784673845));
#3074=CARTESIAN_POINT('Ctrl Pts',(-95.9999999999998,-18.3595047815362,-4.13841784673845));
#3075=CARTESIAN_POINT('Ctrl Pts',(-102.,-16.1296745593701,-4.18888347150305));
#3076=CARTESIAN_POINT('Ctrl Pts',(-95.9999999999999,-16.1296745593701,-4.18888347150305));
#3077=CARTESIAN_POINT('Ctrl Pts',(-102.,-13.1558351285057,-4.20718216930068));
#3078=CARTESIAN_POINT('Ctrl Pts',(-95.9999999999999,-13.1558351285057,-4.20718216930068));
#3079=CARTESIAN_POINT('Ctrl Pts',(-102.,-9.43876197304748,-4.15105361221425));
#3080=CARTESIAN_POINT('Ctrl Pts',(-95.9999999999999,-9.43876197304748,-4.15105361221425));
#3081=CARTESIAN_POINT('Ctrl Pts',(-102.,-4.98087053636191,-3.98557102213438));
#3082=CARTESIAN_POINT('Ctrl Pts',(-95.9999999999999,-4.98087053636191,-3.98557102213438));
#3083=CARTESIAN_POINT('Ctrl Pts',(-102.,-0.526696999564213,-3.74305138385577));
#3084=CARTESIAN_POINT('Ctrl Pts',(-95.9999999999999,-0.526696999564213,
-3.74305138385577));
#3085=CARTESIAN_POINT('Ctrl Pts',(-102.,3.92360781105076,-3.43743897397122));
#3086=CARTESIAN_POINT('Ctrl Pts',(-95.9999999999999,3.92360781105076,-3.43743897397122));
#3087=CARTESIAN_POINT('Ctrl Pts',(-102.,8.36999327774322,-3.08002075562269));
#3088=CARTESIAN_POINT('Ctrl Pts',(-95.9999999999998,8.36999327774322,-3.08002075562269));
#3089=CARTESIAN_POINT('Ctrl Pts',(-102.,12.8125664629163,-2.6780455406531));
#3090=CARTESIAN_POINT('Ctrl Pts',(-95.9999999999999,12.8125664629163,-2.6780455406531));
#3091=CARTESIAN_POINT('Ctrl Pts',(-102.,18.7309752683195,-2.08931128303993));
#3092=CARTESIAN_POINT('Ctrl Pts',(-95.9999999999998,18.7309752683195,-2.08931128303993));
#3093=CARTESIAN_POINT('Ctrl Pts',(-102.,26.1193830933549,-1.2609900245685));
#3094=CARTESIAN_POINT('Ctrl Pts',(-95.9999999999998,26.1193830933549,-1.2609900245685));
#3095=CARTESIAN_POINT('Ctrl Pts',(-102.,32.0180646600673,-0.497970620298721));
#3096=CARTESIAN_POINT('Ctrl Pts',(-95.9999999999999,32.0180646600673,-0.497970620298721));
#3097=CARTESIAN_POINT('Ctrl Pts',(-102.,34.9629357869734,-0.0843306596780069));
#3098=CARTESIAN_POINT('Ctrl Pts',(-95.9999999999999,34.9629357869734,-0.0843306596780069));
#3099=CARTESIAN_POINT('',(-102.,34.9629357869734,-0.0843306596780069));
#3100=CARTESIAN_POINT('',(-97.,34.9629357869734,-0.0843306596780069));
#3101=CARTESIAN_POINT('',(-102.,34.9629357869734,-0.0843306596780069));
#3102=CARTESIAN_POINT('Ctrl Pts',(-97.,25.1572096991331,-1.35085666072497));
#3103=CARTESIAN_POINT('Ctrl Pts',(-97.,26.7935734488003,-1.15627952493673));
#3104=CARTESIAN_POINT('Ctrl Pts',(-97.,28.4290645451929,-0.954255912025992));
#3105=CARTESIAN_POINT('Ctrl Pts',(-97.,31.6978066067005,-0.53288924797808));
#3106=CARTESIAN_POINT('Ctrl Pts',(-97.,33.3310577399253,-0.313546113268314));
#3107=CARTESIAN_POINT('Ctrl Pts',(-97.,34.9629357869734,-0.0843306596780069));
#3108=CARTESIAN_POINT('Ctrl Pts',(-97.,-33.1287099897715,-1.90008114914358));
#3109=CARTESIAN_POINT('Ctrl Pts',(-97.,-33.3438723638073,-1.80270699970787));
#3110=CARTESIAN_POINT('Ctrl Pts',(-97.,-33.5552607157832,-1.69695210255185));
#3111=CARTESIAN_POINT('Ctrl Pts',(-97.,-33.7600334188461,-1.57905832272331));
#3112=CARTESIAN_POINT('Ctrl Pts',(-97.,-33.964806121909,-1.46116454289476));
#3113=CARTESIAN_POINT('Ctrl Pts',(-97.,-34.162963176059,-1.33113188039369));
#3114=CARTESIAN_POINT('Ctrl Pts',(-97.,-34.3458549466369,-1.18160319818817));
#3115=CARTESIAN_POINT('Ctrl Pts',(-97.,-34.4373008319258,-1.10683885708541));
#3116=CARTESIAN_POINT('Ctrl Pts',(-97.,-34.5249303963217,-1.02720051105653));
#3117=CARTESIAN_POINT('Ctrl Pts',(-97.,-34.606191893263,-0.94133996876157));
#3118=CARTESIAN_POINT('Ctrl Pts',(-97.,-34.6874533902043,-0.855479426466605));
#3119=CARTESIAN_POINT('Ctrl Pts',(-97.,-34.762346819691,-0.763396687905548));
#3120=CARTESIAN_POINT('Ctrl Pts',(-97.,-34.8265375514493,-0.664000948872183));
#3121=CARTESIAN_POINT('Ctrl Pts',(-97.,-34.8907282832076,-0.564605209838817));
#3122=CARTESIAN_POINT('Ctrl Pts',(-97.,-34.9442163172375,-0.457896470333142));
#3123=CARTESIAN_POINT('Ctrl Pts',(-97.,-34.9808002996923,-0.345365922055136));
#3124=CARTESIAN_POINT('Ctrl Pts',(-97.,-35.0173842821471,-0.232835373777131));
#3125=CARTESIAN_POINT('Ctrl Pts',(-97.,-35.0370642130268,-0.114483016726795));
#3126=CARTESIAN_POINT('Ctrl Pts',(-97.,-35.0370642130266,0.00386934032348766));
#3127=CARTESIAN_POINT('Ctrl Pts',(-97.,-35.0370642130264,0.12222169737377));
#3128=CARTESIAN_POINT('Ctrl Pts',(-97.,-35.0173842821464,0.240574054424));
#3129=CARTESIAN_POINT('Ctrl Pts',(-97.,-34.9808002996914,0.353104602701902));
#3130=CARTESIAN_POINT('Ctrl Pts',(-97.,-34.9442163172363,0.465635150979804));
#3131=CARTESIAN_POINT('Ctrl Pts',(-97.,-34.8907282832062,0.57234389048538));
#3132=CARTESIAN_POINT('Ctrl Pts',(-97.,-34.8265375514477,0.671739629518632));
#3133=CARTESIAN_POINT('Ctrl Pts',(-97.,-34.7623468196893,0.771135368551883));
#3134=CARTESIAN_POINT('Ctrl Pts',(-97.,-34.6874533902025,0.863218107112811));
#3135=CARTESIAN_POINT('Ctrl Pts',(-97.,-34.606191893261,0.949078649407677));
#3136=CARTESIAN_POINT('Ctrl Pts',(-97.,-34.5249303963196,1.03493919170254));
#3137=CARTESIAN_POINT('Ctrl Pts',(-97.,-34.4373008319236,1.11457753773134));
#3138=CARTESIAN_POINT('Ctrl Pts',(-97.,-34.3458549466346,1.18934187883403));
#3139=CARTESIAN_POINT('Ctrl Pts',(-97.,-34.1629631760566,1.33887056103941));
#3140=CARTESIAN_POINT('Ctrl Pts',(-97.,-33.9648061219065,1.46890322354033));
#3141=CARTESIAN_POINT('Ctrl Pts',(-97.,-33.7600334188436,1.58679700336876));
#3142=CARTESIAN_POINT('Ctrl Pts',(-97.,-33.5552607157806,1.7046907831972));
#3143=CARTESIAN_POINT('Ctrl Pts',(-97.,-33.3438723638047,1.81044568035315));
#3144=CARTESIAN_POINT('Ctrl Pts',(-97.,-33.1287099897688,1.90781982978879));
#3145=CARTESIAN_POINT('',(-97.,34.9629357869734,0.0920693403219931));
#3146=CARTESIAN_POINT('Ctrl Pts',(-97.,34.9629357869734,0.0920693403219931));
#3147=CARTESIAN_POINT('Ctrl Pts',(-97.,33.3310564568945,0.3212849741282));
#3148=CARTESIAN_POINT('Ctrl Pts',(-97.,31.6978144763302,0.54070169394745));
#3149=CARTESIAN_POINT('Ctrl Pts',(-97.,28.429087383501,0.962186941496879));
#3150=CARTESIAN_POINT('Ctrl Pts',(-97.,26.7936041099994,1.16425531856299));
#3151=CARTESIAN_POINT('Ctrl Pts',(-97.,25.1572345624091,1.35877529364814));
#3152=CARTESIAN_POINT('',(-102.,34.9629357869734,0.0920693403219931));
#3153=CARTESIAN_POINT('',(-102.,34.9629357869734,0.0920693403219931));
#3154=CARTESIAN_POINT('Ctrl Pts',(-102.,34.9629357869734,-0.0843306596780069));
#3155=CARTESIAN_POINT('Ctrl Pts',(-102.,32.0180646600673,-0.497970620298721));
#3156=CARTESIAN_POINT('Ctrl Pts',(-102.,26.1193830933549,-1.2609900245685));
#3157=CARTESIAN_POINT('Ctrl Pts',(-102.,18.7309752683195,-2.08931128303993));
#3158=CARTESIAN_POINT('Ctrl Pts',(-102.,12.8125664629163,-2.6780455406531));
#3159=CARTESIAN_POINT('Ctrl Pts',(-102.,8.36999327774322,-3.08002075562269));
#3160=CARTESIAN_POINT('Ctrl Pts',(-102.,3.92360781105076,-3.43743897397122));
#3161=CARTESIAN_POINT('Ctrl Pts',(-102.,-0.526696999564213,-3.74305138385577));
#3162=CARTESIAN_POINT('Ctrl Pts',(-102.,-4.98087053636191,-3.98557102213438));
#3163=CARTESIAN_POINT('Ctrl Pts',(-102.,-9.43876197304748,-4.15105361221425));
#3164=CARTESIAN_POINT('Ctrl Pts',(-102.,-13.1558351285057,-4.20718216930068));
#3165=CARTESIAN_POINT('Ctrl Pts',(-102.,-16.1296745593701,-4.18888347150305));
#3166=CARTESIAN_POINT('Ctrl Pts',(-102.,-18.3595047815362,-4.13841784673845));
#3167=CARTESIAN_POINT('Ctrl Pts',(-102.,-20.5881375627801,-4.04598956412722));
#3168=CARTESIAN_POINT('Ctrl Pts',(-102.,-22.8139806015819,-3.90249591113617));
#3169=CARTESIAN_POINT('Ctrl Pts',(-102.,-25.0352174210516,-3.69805502555781));
#3170=CARTESIAN_POINT('Ctrl Pts',(-102.,-26.8794336213348,-3.46406269851517));
#3171=CARTESIAN_POINT('Ctrl Pts',(-102.,-28.3473772893148,-3.22601236223712));
#3172=CARTESIAN_POINT('Ctrl Pts',(-102.,-29.4427841192324,-3.01647091325338));
#3173=CARTESIAN_POINT('Ctrl Pts',(-102.,-30.530607855454,-2.76981286875108));
#3174=CARTESIAN_POINT('Ctrl Pts',(-102.,-31.6065003085643,-2.47500010058599));
#3175=CARTESIAN_POINT('Ctrl Pts',(-102.,-32.4869944176185,-2.17531287038508));
#3176=CARTESIAN_POINT('Ctrl Pts',(-102.,-33.1725188054497,-1.88654724017647));
#3177=CARTESIAN_POINT('Ctrl Pts',(-102.,-33.6721751808179,-1.63801300382909));
#3178=CARTESIAN_POINT('Ctrl Pts',(-102.,-34.148678163573,-1.34642920163344));
#3179=CARTESIAN_POINT('Ctrl Pts',(-102.,-34.5835803227346,-0.994409473308977));
#3180=CARTESIAN_POINT('Ctrl Pts',(-102.,-34.8759479066167,-0.625123773482612));
#3181=CARTESIAN_POINT('Ctrl Pts',(-102.,-35.0130359949565,-0.275758410444597));
#3182=CARTESIAN_POINT('Ctrl Pts',(-102.,-35.0490783220638,0.00386934032801602));
#3183=CARTESIAN_POINT('Ctrl Pts',(-102.,-35.013035994948,0.283497091064587));
#3184=CARTESIAN_POINT('Ctrl Pts',(-102.,-34.8759479066646,0.632862454246766));
#3185=CARTESIAN_POINT('Ctrl Pts',(-102.,-34.5835803223464,1.00214815299177));
#3186=CARTESIAN_POINT('Ctrl Pts',(-102.,-34.1486781649905,1.35416788578589));
#3187=CARTESIAN_POINT('Ctrl Pts',(-102.,-33.6721751755358,1.6457516714005));
#3188=CARTESIAN_POINT('Ctrl Pts',(-102.,-33.1725188251606,1.8942859696024));
#3189=CARTESIAN_POINT('Ctrl Pts',(-102.,-32.4869943129665,2.1830512920282));
#3190=CARTESIAN_POINT('Ctrl Pts',(-102.,-31.6065011518776,2.48274086832822));
#3191=CARTESIAN_POINT('Ctrl Pts',(-102.,-30.5306047764457,2.77754392922285));
#3192=CARTESIAN_POINT('Ctrl Pts',(-102.,-29.4427955919519,3.02423798748803));
#3193=CARTESIAN_POINT('Ctrl Pts',(-102.,-28.3472765965364,3.23349639867194));
#3194=CARTESIAN_POINT('Ctrl Pts',(-102.,-26.8795144787894,3.47189358433484));
#3195=CARTESIAN_POINT('Ctrl Pts',(-102.,-25.0352129398373,3.70582184380044));
#3196=CARTESIAN_POINT('Ctrl Pts',(-102.,-22.8140030862095,3.91031098706807));
#3197=CARTESIAN_POINT('Ctrl Pts',(-102.,-20.5880559861199,4.05341757950872));
#3198=CARTESIAN_POINT('Ctrl Pts',(-102.,-18.3595168557793,4.1462289355656));
#3199=CARTESIAN_POINT('Ctrl Pts',(-102.,-16.1296953174393,4.19672279343607));
#3200=CARTESIAN_POINT('Ctrl Pts',(-102.,-13.155824670649,4.21486884210763));
#3201=CARTESIAN_POINT('Ctrl Pts',(-102.,-9.4387262244192,4.15867492203629));
#3202=CARTESIAN_POINT('Ctrl Pts',(-102.,-4.98089224935204,3.99348963525551));
#3203=CARTESIAN_POINT('Ctrl Pts',(-102.,-0.526686450759213,3.75078730235609));
#3204=CARTESIAN_POINT('Ctrl Pts',(-102.,3.92359906578657,3.4451251227191));
#3205=CARTESIAN_POINT('Ctrl Pts',(-102.,8.36999524905401,3.08785677072706));
#3206=CARTESIAN_POINT('Ctrl Pts',(-102.,12.812574055436,2.68592183309995));
#3207=CARTESIAN_POINT('Ctrl Pts',(-102.,18.7309669615001,2.09697997575572));
#3208=CARTESIAN_POINT('Ctrl Pts',(-102.,26.1194482087933,1.26910824731377));
#3209=CARTESIAN_POINT('Ctrl Pts',(-102.,32.018064660065,0.505709300942899));
#3210=CARTESIAN_POINT('Ctrl Pts',(-102.,34.9629357869734,0.0920693403219931));
#3211=CARTESIAN_POINT('Origin',(-101.,-16.631784356308,0.00312284828911163));
#3212=CARTESIAN_POINT('',(-101.,-16.631784356308,2.00312284828911));
#3213=CARTESIAN_POINT('Origin',(-102.,-35.0370642130266,0.00386934032200942));
#3214=CARTESIAN_POINT('Origin',(-102.,34.9629357869734,0.00386934032199311));
#3215=CARTESIAN_POINT('Origin',(-101.562270683483,-28.0954593810964,0.));
#3216=CARTESIAN_POINT('',(-75.,-28.0954593810964,1.58739008747265));
#3217=CARTESIAN_POINT('Origin',(-75.,-28.0954593810964,0.));
#3218=CARTESIAN_POINT('',(-101.562270683483,-28.0954593810964,1.58739008747265));
#3219=CARTESIAN_POINT('Origin',(-1.,-35.0370642130266,0.00386934032200899));
#3220=CARTESIAN_POINT('',(-0.999999999999999,25.1572034180297,-1.35079916794826));
#3221=CARTESIAN_POINT('',(-1.,25.1572295155982,1.35872908812433));
#3222=CARTESIAN_POINT('Origin',(-1.,34.9629357869734,0.00386934032199311));
#3223=CARTESIAN_POINT('',(-1.,-33.1287102538186,-1.90008230066427));
#3224=CARTESIAN_POINT('Ctrl Pts',(-1.,-33.128710776784,-1.90008345602259));
#3225=CARTESIAN_POINT('Ctrl Pts',(-1.,-32.9731694935334,-1.97048820598657));
#3226=CARTESIAN_POINT('Ctrl Pts',(-1.,-32.4726307352204,-2.18020173011632));
#3227=CARTESIAN_POINT('Ctrl Pts',(-1.,-31.6065003085643,-2.47500010058599));
#3228=CARTESIAN_POINT('Ctrl Pts',(-1.,-30.530607855454,-2.76981286875108));
#3229=CARTESIAN_POINT('Ctrl Pts',(-1.,-29.4427841192324,-3.01647091325338));
#3230=CARTESIAN_POINT('Ctrl Pts',(-1.,-28.3473772893148,-3.22601236223712));
#3231=CARTESIAN_POINT('Ctrl Pts',(-1.,-26.8794336213348,-3.46406269851517));
#3232=CARTESIAN_POINT('Ctrl Pts',(-1.,-25.0352174210516,-3.69805502555781));
#3233=CARTESIAN_POINT('Ctrl Pts',(-1.,-22.8139806015819,-3.90249591113617));
#3234=CARTESIAN_POINT('Ctrl Pts',(-1.,-20.5881375627801,-4.04598956412722));
#3235=CARTESIAN_POINT('Ctrl Pts',(-1.,-18.3595047815362,-4.13841784673845));
#3236=CARTESIAN_POINT('Ctrl Pts',(-1.,-16.1296745593701,-4.18888347150305));
#3237=CARTESIAN_POINT('Ctrl Pts',(-1.,-13.1558351285057,-4.20718216930068));
#3238=CARTESIAN_POINT('Ctrl Pts',(-1.,-9.43876197304748,-4.15105361221425));
#3239=CARTESIAN_POINT('Ctrl Pts',(-1.,-4.98087053636191,-3.98557102213438));
#3240=CARTESIAN_POINT('Ctrl Pts',(-1.,-0.526696999564213,-3.74305138385577));
#3241=CARTESIAN_POINT('Ctrl Pts',(-1.,3.92360781105076,-3.43743897397122));
#3242=CARTESIAN_POINT('Ctrl Pts',(-1.,8.36999327774322,-3.08002075562269));
#3243=CARTESIAN_POINT('Ctrl Pts',(-1.,12.8125664629163,-2.6780455406531));
#3244=CARTESIAN_POINT('Ctrl Pts',(-1.,18.4105452782786,-2.12118608562733));
#3245=CARTESIAN_POINT('Ctrl Pts',(-1.,22.5239618421284,-1.66378375460752));
#3246=CARTESIAN_POINT('Ctrl Pts',(-1.,25.1572026022979,-1.35079925966519));
#3247=CARTESIAN_POINT('',(-1.,-33.1287102529093,1.90782097735045));
#3248=CARTESIAN_POINT('',(-1.,-33.1287099897688,-1.90008114914225));
#3249=CARTESIAN_POINT('',(-1.,-27.9037119511963,3.30415214497152));
#3250=CARTESIAN_POINT('Ctrl Pts',(-1.,-27.9037104955014,3.30414335269468));
#3251=CARTESIAN_POINT('Ctrl Pts',(-1.,-28.0514039961598,3.27969045205355));
#3252=CARTESIAN_POINT('Ctrl Pts',(-1.,-28.5653827684307,3.19183527623498));
#3253=CARTESIAN_POINT('Ctrl Pts',(-1.,-29.4427955919519,3.02423798748803));
#3254=CARTESIAN_POINT('Ctrl Pts',(-1.,-30.5306047764457,2.77754392922285));
#3255=CARTESIAN_POINT('Ctrl Pts',(-1.,-31.6065011518776,2.48274086832822));
#3256=CARTESIAN_POINT('Ctrl Pts',(-1.,-32.4726306461784,2.1879401899823));
#3257=CARTESIAN_POINT('Ctrl Pts',(-1.,-32.9731694778546,1.97822684700693));
#3258=CARTESIAN_POINT('Ctrl Pts',(-1.,-33.1287107740765,1.90782212873655));
#3259=CARTESIAN_POINT('',(-1.,-22.9392555338239,3.89012866748902));
#3260=CARTESIAN_POINT('Origin',(-1.,-25.4275750622896,3.64874516679371));
#3261=CARTESIAN_POINT('Ctrl Pts',(-1.,25.1572288618969,1.35872916159165));
#3262=CARTESIAN_POINT('Ctrl Pts',(-1.,22.5239865875036,1.67168598949964));
#3263=CARTESIAN_POINT('Ctrl Pts',(-1.,18.4105353630271,2.12886626376527));
#3264=CARTESIAN_POINT('Ctrl Pts',(-1.,12.812574055436,2.68592183309995));
#3265=CARTESIAN_POINT('Ctrl Pts',(-1.,8.36999524905401,3.08785677072706));
#3266=CARTESIAN_POINT('Ctrl Pts',(-1.,3.92359906578657,3.4451251227191));
#3267=CARTESIAN_POINT('Ctrl Pts',(-1.,-0.526686450759213,3.75078730235609));
#3268=CARTESIAN_POINT('Ctrl Pts',(-1.,-4.98089224935204,3.99348963525551));
#3269=CARTESIAN_POINT('Ctrl Pts',(-1.,-9.4387262244192,4.15867492203629));
#3270=CARTESIAN_POINT('Ctrl Pts',(-1.,-13.155824670649,4.21486884210763));
#3271=CARTESIAN_POINT('Ctrl Pts',(-1.,-16.1296953174393,4.19672279343607));
#3272=CARTESIAN_POINT('Ctrl Pts',(-1.,-18.3595168557793,4.1462289355656));
#3273=CARTESIAN_POINT('Ctrl Pts',(-1.,-20.5880559861199,4.05341757950872));
#3274=CARTESIAN_POINT('Ctrl Pts',(-1.,-22.1140820609766,3.95530905233863));
#3275=CARTESIAN_POINT('Ctrl Pts',(-1.,-22.8972441761858,3.89347954157392));
#3276=CARTESIAN_POINT('Ctrl Pts',(-1.,-22.939255585402,3.89012926747611));
#3277=CARTESIAN_POINT('',(-1.,-7.91867182920211,0.769094517692257));
#3278=CARTESIAN_POINT('Origin',(-1.,-7.91867182920211,0.));
#3279=CARTESIAN_POINT('',(-1.,7.76783998483635,1.61300626894953));
#3280=CARTESIAN_POINT('Origin',(-1.,7.76783998483635,0.));
#3281=CARTESIAN_POINT('',(-1.,-28.0954593810964,1.58739008747265));
#3282=CARTESIAN_POINT('Origin',(-1.,-28.0954593810964,0.));
#3283=CARTESIAN_POINT('',(-1.,-16.631784356308,2.00312284828911));
#3284=CARTESIAN_POINT('Origin',(-1.,-16.631784356308,0.00312284828911163));
#3285=CARTESIAN_POINT('',(-1.,10.4881577239684,-2.84606409069663));
#3286=CARTESIAN_POINT('',(-1.,15.4635128458418,-2.3612522559255));
#3287=CARTESIAN_POINT('Origin',(-1.,12.9808744282523,-2.65537210821151));
#3288=CARTESIAN_POINT('',(-1.,10.4881577239684,-2.84606409069663));
#3289=CARTESIAN_POINT('',(-1.,16.9750490409604,2.22564786565425));
#3290=CARTESIAN_POINT('',(-1.,11.999125748675,2.70459305372608));
#3291=CARTESIAN_POINT('Origin',(-1.,14.4920655601286,2.51684030016458));
#3292=CARTESIAN_POINT('',(-1.,16.9750490409604,2.22564786565425));
#3293=CARTESIAN_POINT('',(-1.,-2.95526661111269,3.84521502740874));
#3294=CARTESIAN_POINT('',(-1.,-7.94981796112509,4.05415979517058));
#3295=CARTESIAN_POINT('Origin',(-1.,-5.45037051026508,4.00160087214715));
#3296=CARTESIAN_POINT('',(-1.,-2.95526661111267,3.84521502740875));
#3297=CARTESIAN_POINT('',(-1.,-7.46820028140699,-4.03980103798072));
#3298=CARTESIAN_POINT('',(-1.,-2.4750002791269,-3.80073025114983));
#3299=CARTESIAN_POINT('Origin',(-1.,-4.96911537400319,-3.97216505948896));
#3300=CARTESIAN_POINT('',(-1.,-7.46820028140699,-4.03980103798072));
#3301=CARTESIAN_POINT('',(-1.,-25.9420876712621,-3.57738803989715));
#3302=CARTESIAN_POINT('',(-1.,-20.9608903407287,-3.99795225398575));
#3303=CARTESIAN_POINT('Origin',(-1.,-23.4558603583624,-3.83944480586881));
#3304=CARTESIAN_POINT('',(-1.,-25.9420876712621,-3.57738803989715));
#3305=CARTESIAN_POINT('Origin',(-26.,-35.0370642130266,0.00386934032200899));
#3306=CARTESIAN_POINT('',(-26.,25.1572034180296,-1.35079916794828));
#3307=CARTESIAN_POINT('',(-26.,25.1572295155982,1.35872908812433));
#3308=CARTESIAN_POINT('Origin',(-26.,34.9629357869734,0.00386934032199311));
#3309=CARTESIAN_POINT('',(-26.,-33.128710776784,-1.90008345602259));
#3310=CARTESIAN_POINT('Ctrl Pts',(-26.,-33.128710776784,-1.90008345602259));
#3311=CARTESIAN_POINT('Ctrl Pts',(-26.,-32.9731694935334,-1.97048820598657));
#3312=CARTESIAN_POINT('Ctrl Pts',(-26.,-32.4726307352204,-2.18020173011632));
#3313=CARTESIAN_POINT('Ctrl Pts',(-26.,-31.6065003085643,-2.47500010058599));
#3314=CARTESIAN_POINT('Ctrl Pts',(-26.,-30.530607855454,-2.76981286875108));
#3315=CARTESIAN_POINT('Ctrl Pts',(-26.,-29.4427841192324,-3.01647091325338));
#3316=CARTESIAN_POINT('Ctrl Pts',(-26.,-28.3473772893148,-3.22601236223712));
#3317=CARTESIAN_POINT('Ctrl Pts',(-26.,-26.8794336213348,-3.46406269851517));
#3318=CARTESIAN_POINT('Ctrl Pts',(-26.,-25.0352174210516,-3.69805502555781));
#3319=CARTESIAN_POINT('Ctrl Pts',(-26.,-22.8139806015819,-3.90249591113617));
#3320=CARTESIAN_POINT('Ctrl Pts',(-26.,-20.5881375627801,-4.04598956412722));
#3321=CARTESIAN_POINT('Ctrl Pts',(-26.,-18.3595047815362,-4.13841784673845));
#3322=CARTESIAN_POINT('Ctrl Pts',(-26.,-16.1296745593701,-4.18888347150305));
#3323=CARTESIAN_POINT('Ctrl Pts',(-26.,-13.1558351285057,-4.20718216930068));
#3324=CARTESIAN_POINT('Ctrl Pts',(-26.,-9.43876197304748,-4.15105361221425));
#3325=CARTESIAN_POINT('Ctrl Pts',(-26.,-4.98087053636191,-3.98557102213438));
#3326=CARTESIAN_POINT('Ctrl Pts',(-26.,-0.526696999564213,-3.74305138385577));
#3327=CARTESIAN_POINT('Ctrl Pts',(-26.,3.92360781105076,-3.43743897397122));
#3328=CARTESIAN_POINT('Ctrl Pts',(-26.,8.36999327774322,-3.08002075562269));
#3329=CARTESIAN_POINT('Ctrl Pts',(-26.,12.8125664629163,-2.6780455406531));
#3330=CARTESIAN_POINT('Ctrl Pts',(-26.,18.4105452782786,-2.12118608562733));
#3331=CARTESIAN_POINT('Ctrl Pts',(-26.,22.5239618421284,-1.66378375460752));
#3332=CARTESIAN_POINT('Ctrl Pts',(-26.,25.1572026022979,-1.35079925966519));
#3333=CARTESIAN_POINT('',(-26.,-33.1287102529093,1.90782097735043));
#3334=CARTESIAN_POINT('',(-26.,-33.1287099897688,1.90781982978879));
#3335=CARTESIAN_POINT('',(-26.,-27.9037119511963,3.30415214497152));
#3336=CARTESIAN_POINT('Ctrl Pts',(-26.,-27.9037104955014,3.30414335269468));
#3337=CARTESIAN_POINT('Ctrl Pts',(-26.,-28.0514039961598,3.27969045205355));
#3338=CARTESIAN_POINT('Ctrl Pts',(-26.,-28.5653827684307,3.19183527623498));
#3339=CARTESIAN_POINT('Ctrl Pts',(-26.,-29.4427955919519,3.02423798748803));
#3340=CARTESIAN_POINT('Ctrl Pts',(-26.,-30.5306047764457,2.77754392922285));
#3341=CARTESIAN_POINT('Ctrl Pts',(-26.,-31.6065011518776,2.48274086832822));
#3342=CARTESIAN_POINT('Ctrl Pts',(-26.,-32.4726306461784,2.1879401899823));
#3343=CARTESIAN_POINT('Ctrl Pts',(-26.,-32.9731694778546,1.97822684700693));
#3344=CARTESIAN_POINT('Ctrl Pts',(-26.,-33.1287107740765,1.90782212873653));
#3345=CARTESIAN_POINT('',(-26.,-22.9392555338239,3.89012866748902));
#3346=CARTESIAN_POINT('Origin',(-26.,-25.4275750622896,3.64874516679371));
#3347=CARTESIAN_POINT('Ctrl Pts',(-26.,25.1572288618969,1.35872916159165));
#3348=CARTESIAN_POINT('Ctrl Pts',(-26.,22.5239865875036,1.67168598949964));
#3349=CARTESIAN_POINT('Ctrl Pts',(-26.,18.4105353630271,2.12886626376527));
#3350=CARTESIAN_POINT('Ctrl Pts',(-26.,12.812574055436,2.68592183309995));
#3351=CARTESIAN_POINT('Ctrl Pts',(-26.,8.36999524905401,3.08785677072706));
#3352=CARTESIAN_POINT('Ctrl Pts',(-26.,3.92359906578657,3.4451251227191));
#3353=CARTESIAN_POINT('Ctrl Pts',(-26.,-0.526686450759213,3.75078730235609));
#3354=CARTESIAN_POINT('Ctrl Pts',(-26.,-4.98089224935204,3.99348963525551));
#3355=CARTESIAN_POINT('Ctrl Pts',(-26.,-9.4387262244192,4.15867492203629));
#3356=CARTESIAN_POINT('Ctrl Pts',(-26.,-13.155824670649,4.21486884210763));
#3357=CARTESIAN_POINT('Ctrl Pts',(-26.,-16.1296953174393,4.19672279343607));
#3358=CARTESIAN_POINT('Ctrl Pts',(-26.,-18.3595168557793,4.1462289355656));
#3359=CARTESIAN_POINT('Ctrl Pts',(-26.,-20.5880559861199,4.05341757950872));
#3360=CARTESIAN_POINT('Ctrl Pts',(-26.,-22.1140820609766,3.95530905233863));
#3361=CARTESIAN_POINT('Ctrl Pts',(-26.,-22.8972441761858,3.89347954157392));
#3362=CARTESIAN_POINT('Ctrl Pts',(-26.,-22.939255585402,3.89012926747611));
#3363=CARTESIAN_POINT('',(-26.,-7.91867182920211,0.769094517692257));
#3364=CARTESIAN_POINT('Origin',(-26.,-7.91867182920211,0.));
#3365=CARTESIAN_POINT('',(-26.,7.76783998483635,1.61300626894953));
#3366=CARTESIAN_POINT('Origin',(-26.,7.76783998483635,0.));
#3367=CARTESIAN_POINT('',(-26.,-28.0954593810964,1.58739008747265));
#3368=CARTESIAN_POINT('Origin',(-26.,-28.0954593810964,0.));
#3369=CARTESIAN_POINT('',(-26.,-16.631784356308,2.00312284828911));
#3370=CARTESIAN_POINT('Origin',(-26.,-16.631784356308,0.00312284828911163));
#3371=CARTESIAN_POINT('',(-26.,10.4881577239684,-2.84606409069663));
#3372=CARTESIAN_POINT('',(-26.,15.4635128458418,-2.3612522559255));
#3373=CARTESIAN_POINT('Origin',(-26.,12.9808744282523,-2.65537210821151));
#3374=CARTESIAN_POINT('',(-26.,10.4881577239684,-2.84606409069663));
#3375=CARTESIAN_POINT('',(-26.,16.9750490409604,2.22564786565425));
#3376=CARTESIAN_POINT('',(-26.,11.999125748675,2.70459305372608));
#3377=CARTESIAN_POINT('Origin',(-26.,14.4920655601286,2.51684030016458));
#3378=CARTESIAN_POINT('',(-26.,16.9750490409604,2.22564786565425));
#3379=CARTESIAN_POINT('',(-26.,-2.95526661111269,3.84521502740874));
#3380=CARTESIAN_POINT('',(-26.,-7.94981796112509,4.05415979517058));
#3381=CARTESIAN_POINT('Origin',(-26.,-5.45037051026508,4.00160087214715));
#3382=CARTESIAN_POINT('',(-26.,-2.95526661111267,3.84521502740875));
#3383=CARTESIAN_POINT('',(-26.,-7.46820028140699,-4.03980103798072));
#3384=CARTESIAN_POINT('',(-26.,-2.4750002791269,-3.80073025114983));
#3385=CARTESIAN_POINT('Origin',(-26.,-4.96911537400319,-3.97216505948896));
#3386=CARTESIAN_POINT('',(-26.,-7.46820028140699,-4.03980103798072));
#3387=CARTESIAN_POINT('',(-26.,-25.9420876712621,-3.57738803989715));
#3388=CARTESIAN_POINT('',(-26.,-20.9608903407287,-3.99795225398575));
#3389=CARTESIAN_POINT('Origin',(-26.,-23.4558603583624,-3.83944480586881));
#3390=CARTESIAN_POINT('',(-26.,-25.9420876712621,-3.57738803989715));
#3391=CARTESIAN_POINT('Origin',(-22.,-35.0370642130266,0.00386934032200899));
#3392=CARTESIAN_POINT('',(-22.,-33.1287102538186,-1.90008230066429));
#3393=CARTESIAN_POINT('',(-22.,25.1572030079043,-1.35079921177795));
#3394=CARTESIAN_POINT('Ctrl Pts',(-22.,-33.128710776784,-1.90008345602261));
#3395=CARTESIAN_POINT('Ctrl Pts',(-22.,-32.9731694935334,-1.97048820598658));
#3396=CARTESIAN_POINT('Ctrl Pts',(-22.,-32.4726307352204,-2.18020173011633));
#3397=CARTESIAN_POINT('Ctrl Pts',(-22.,-31.6065003085643,-2.47500010058599));
#3398=CARTESIAN_POINT('Ctrl Pts',(-22.,-30.530607855454,-2.76981286875108));
#3399=CARTESIAN_POINT('Ctrl Pts',(-22.,-29.4427841192324,-3.01647091325338));
#3400=CARTESIAN_POINT('Ctrl Pts',(-22.,-28.3473772893148,-3.22601236223712));
#3401=CARTESIAN_POINT('Ctrl Pts',(-22.,-26.8794336213348,-3.46406269851517));
#3402=CARTESIAN_POINT('Ctrl Pts',(-22.,-25.0352174210516,-3.69805502555781));
#3403=CARTESIAN_POINT('Ctrl Pts',(-22.,-22.8139806015819,-3.90249591113617));
#3404=CARTESIAN_POINT('Ctrl Pts',(-22.,-20.5881375627801,-4.04598956412722));
#3405=CARTESIAN_POINT('Ctrl Pts',(-22.,-18.3595047815362,-4.13841784673845));
#3406=CARTESIAN_POINT('Ctrl Pts',(-22.,-16.1296745593701,-4.18888347150305));
#3407=CARTESIAN_POINT('Ctrl Pts',(-22.,-13.1558351285057,-4.20718216930068));
#3408=CARTESIAN_POINT('Ctrl Pts',(-22.,-9.43876197304748,-4.15105361221425));
#3409=CARTESIAN_POINT('Ctrl Pts',(-22.,-4.98087053636191,-3.98557102213438));
#3410=CARTESIAN_POINT('Ctrl Pts',(-22.,-0.526696999564213,-3.74305138385577));
#3411=CARTESIAN_POINT('Ctrl Pts',(-22.,3.92360781105076,-3.43743897397122));
#3412=CARTESIAN_POINT('Ctrl Pts',(-22.,8.36999327774322,-3.08002075562269));
#3413=CARTESIAN_POINT('Ctrl Pts',(-22.,12.8125664629163,-2.6780455406531));
#3414=CARTESIAN_POINT('Ctrl Pts',(-22.,18.4105452782786,-2.12118608562733));
#3415=CARTESIAN_POINT('Ctrl Pts',(-22.,22.5239618421284,-1.66378375460752));
#3416=CARTESIAN_POINT('Ctrl Pts',(-22.,25.1572026022979,-1.35079925966519));
#3417=CARTESIAN_POINT('',(-22.,25.1572295156071,1.35872908812339));
#3418=CARTESIAN_POINT('Origin',(-22.,34.9629357869734,0.00386934032199311));
#3419=CARTESIAN_POINT('',(-22.,-22.9392555338239,3.89012866748902));
#3420=CARTESIAN_POINT('Ctrl Pts',(-22.,25.1572288618969,1.35872916159165));
#3421=CARTESIAN_POINT('Ctrl Pts',(-22.,22.5239865875036,1.67168598949964));
#3422=CARTESIAN_POINT('Ctrl Pts',(-22.,18.4105353630271,2.12886626376527));
#3423=CARTESIAN_POINT('Ctrl Pts',(-22.,12.812574055436,2.68592183309995));
#3424=CARTESIAN_POINT('Ctrl Pts',(-22.,8.36999524905401,3.08785677072706));
#3425=CARTESIAN_POINT('Ctrl Pts',(-22.,3.92359906578657,3.4451251227191));
#3426=CARTESIAN_POINT('Ctrl Pts',(-22.,-0.526686450759213,3.75078730235609));
#3427=CARTESIAN_POINT('Ctrl Pts',(-22.,-4.98089224935204,3.99348963525551));
#3428=CARTESIAN_POINT('Ctrl Pts',(-22.,-9.4387262244192,4.15867492203629));
#3429=CARTESIAN_POINT('Ctrl Pts',(-22.,-13.155824670649,4.21486884210763));
#3430=CARTESIAN_POINT('Ctrl Pts',(-22.,-16.1296953174393,4.19672279343607));
#3431=CARTESIAN_POINT('Ctrl Pts',(-22.,-18.3595168557793,4.1462289355656));
#3432=CARTESIAN_POINT('Ctrl Pts',(-22.,-20.5880559861199,4.05341757950872));
#3433=CARTESIAN_POINT('Ctrl Pts',(-22.,-22.1140820609766,3.95530905233863));
#3434=CARTESIAN_POINT('Ctrl Pts',(-22.,-22.8972441761858,3.89347954157392));
#3435=CARTESIAN_POINT('Ctrl Pts',(-22.,-22.939255585402,3.89012926747611));
#3436=CARTESIAN_POINT('',(-22.,-27.9037119511963,3.30415214497152));
#3437=CARTESIAN_POINT('Origin',(-22.,-25.4275750622896,3.64874516679371));
#3438=CARTESIAN_POINT('',(-22.,-33.1287102529093,1.90782097735048));
#3439=CARTESIAN_POINT('Ctrl Pts',(-22.,-27.9037104955014,3.30414335269468));
#3440=CARTESIAN_POINT('Ctrl Pts',(-22.,-28.0514039961598,3.27969045205355));
#3441=CARTESIAN_POINT('Ctrl Pts',(-22.,-28.5653827684307,3.19183527623498));
#3442=CARTESIAN_POINT('Ctrl Pts',(-22.,-29.4427955919519,3.02423798748803));
#3443=CARTESIAN_POINT('Ctrl Pts',(-22.,-30.5306047764457,2.77754392922285));
#3444=CARTESIAN_POINT('Ctrl Pts',(-22.,-31.6065011518776,2.48274086832822));
#3445=CARTESIAN_POINT('Ctrl Pts',(-22.,-32.4726306461783,2.18794018998231));
#3446=CARTESIAN_POINT('Ctrl Pts',(-22.,-32.9731694778545,1.97822684700695));
#3447=CARTESIAN_POINT('Ctrl Pts',(-22.,-33.1287107740764,1.90782212873657));
#3448=CARTESIAN_POINT('',(-22.,-33.1287099897688,1.90781982978879));
#3449=CARTESIAN_POINT('',(-22.,-28.0954593810964,1.58739008747265));
#3450=CARTESIAN_POINT('Origin',(-22.,-28.0954593810964,0.));
#3451=CARTESIAN_POINT('',(-22.,7.76783998483635,1.61300626894953));
#3452=CARTESIAN_POINT('Origin',(-22.,7.76783998483635,0.));
#3453=CARTESIAN_POINT('',(-22.,-7.91867182920211,0.769094517692257));
#3454=CARTESIAN_POINT('Origin',(-22.,-7.91867182920211,0.));
#3455=CARTESIAN_POINT('',(-22.,10.4881577239684,-2.84606409069663));
#3456=CARTESIAN_POINT('',(-22.,15.4635128458418,-2.3612522559255));
#3457=CARTESIAN_POINT('',(-22.,10.4881577239684,-2.84606409069663));
#3458=CARTESIAN_POINT('Origin',(-22.,12.9808744282523,-2.65537210821151));
#3459=CARTESIAN_POINT('',(-22.,-2.95526661111269,3.84521502740874));
#3460=CARTESIAN_POINT('',(-22.,-7.94981796112509,4.05415979517058));
#3461=CARTESIAN_POINT('',(-22.,-2.95526661111267,3.84521502740875));
#3462=CARTESIAN_POINT('Origin',(-22.,-5.45037051026508,4.00160087214715));
#3463=CARTESIAN_POINT('',(-22.,-25.9420876712621,-3.57738803989715));
#3464=CARTESIAN_POINT('',(-22.,-20.9608903407287,-3.99795225398575));
#3465=CARTESIAN_POINT('',(-22.,-25.9420876712621,-3.57738803989715));
#3466=CARTESIAN_POINT('Origin',(-22.,-23.4558603583624,-3.83944480586881));
#3467=CARTESIAN_POINT('',(-22.,-7.46820028140699,-4.03980103798072));
#3468=CARTESIAN_POINT('',(-22.,-2.4750002791269,-3.80073025114983));
#3469=CARTESIAN_POINT('',(-22.,-7.468200281407,-4.03980103798072));
#3470=CARTESIAN_POINT('Origin',(-22.,-4.96911537400319,-3.97216505948896));
#3471=CARTESIAN_POINT('',(-22.,16.9750490409604,2.22564786565425));
#3472=CARTESIAN_POINT('',(-22.,11.999125748675,2.70459305372608));
#3473=CARTESIAN_POINT('',(-22.,16.9750490409604,2.22564786565425));
#3474=CARTESIAN_POINT('Origin',(-22.,14.4920655601286,2.51684030016458));
#3475=CARTESIAN_POINT('',(-22.,-16.631784356308,2.00312284828911));
#3476=CARTESIAN_POINT('Origin',(-22.,-16.631784356308,0.00312284828911163));
#3477=CARTESIAN_POINT('Origin',(-51.,-35.0370642130266,0.00386934032200899));
#3478=CARTESIAN_POINT('',(-51.,25.1572034180296,-1.35079916794828));
#3479=CARTESIAN_POINT('',(-51.,25.1572295155982,1.35872908812433));
#3480=CARTESIAN_POINT('Origin',(-51.,34.9629357869734,0.00386934032199311));
#3481=CARTESIAN_POINT('',(-51.,-33.128710776784,-1.90008345602259));
#3482=CARTESIAN_POINT('Ctrl Pts',(-51.,-33.128710776784,-1.90008345602259));
#3483=CARTESIAN_POINT('Ctrl Pts',(-51.,-32.9731694935334,-1.97048820598657));
#3484=CARTESIAN_POINT('Ctrl Pts',(-51.,-32.4726307352204,-2.18020173011632));
#3485=CARTESIAN_POINT('Ctrl Pts',(-51.,-31.6065003085643,-2.47500010058599));
#3486=CARTESIAN_POINT('Ctrl Pts',(-51.,-30.530607855454,-2.76981286875108));
#3487=CARTESIAN_POINT('Ctrl Pts',(-51.,-29.4427841192324,-3.01647091325338));
#3488=CARTESIAN_POINT('Ctrl Pts',(-51.,-28.3473772893148,-3.22601236223712));
#3489=CARTESIAN_POINT('Ctrl Pts',(-51.,-26.8794336213348,-3.46406269851517));
#3490=CARTESIAN_POINT('Ctrl Pts',(-51.,-25.0352174210516,-3.69805502555781));
#3491=CARTESIAN_POINT('Ctrl Pts',(-51.,-22.8139806015819,-3.90249591113617));
#3492=CARTESIAN_POINT('Ctrl Pts',(-51.,-20.5881375627801,-4.04598956412722));
#3493=CARTESIAN_POINT('Ctrl Pts',(-51.,-18.3595047815362,-4.13841784673845));
#3494=CARTESIAN_POINT('Ctrl Pts',(-51.,-16.1296745593701,-4.18888347150305));
#3495=CARTESIAN_POINT('Ctrl Pts',(-51.,-13.1558351285057,-4.20718216930068));
#3496=CARTESIAN_POINT('Ctrl Pts',(-51.,-9.43876197304748,-4.15105361221425));
#3497=CARTESIAN_POINT('Ctrl Pts',(-51.,-4.98087053636191,-3.98557102213438));
#3498=CARTESIAN_POINT('Ctrl Pts',(-51.,-0.526696999564213,-3.74305138385577));
#3499=CARTESIAN_POINT('Ctrl Pts',(-51.,3.92360781105076,-3.43743897397122));
#3500=CARTESIAN_POINT('Ctrl Pts',(-51.,8.36999327774322,-3.08002075562269));
#3501=CARTESIAN_POINT('Ctrl Pts',(-51.,12.8125664629163,-2.6780455406531));
#3502=CARTESIAN_POINT('Ctrl Pts',(-51.,18.4105452782786,-2.12118608562733));
#3503=CARTESIAN_POINT('Ctrl Pts',(-51.,22.5239618421284,-1.66378375460752));
#3504=CARTESIAN_POINT('Ctrl Pts',(-51.,25.1572026022979,-1.35079925966519));
#3505=CARTESIAN_POINT('',(-51.,-33.1287102529093,1.90782097735043));
#3506=CARTESIAN_POINT('',(-51.,-33.1287099897688,1.90781982978879));
#3507=CARTESIAN_POINT('',(-51.,-27.9037119511963,3.30415214497152));
#3508=CARTESIAN_POINT('Ctrl Pts',(-51.,-27.9037104955014,3.30414335269468));
#3509=CARTESIAN_POINT('Ctrl Pts',(-51.,-28.0514039961598,3.27969045205355));
#3510=CARTESIAN_POINT('Ctrl Pts',(-51.,-28.5653827684307,3.19183527623498));
#3511=CARTESIAN_POINT('Ctrl Pts',(-51.,-29.4427955919519,3.02423798748803));
#3512=CARTESIAN_POINT('Ctrl Pts',(-51.,-30.5306047764457,2.77754392922285));
#3513=CARTESIAN_POINT('Ctrl Pts',(-51.,-31.6065011518776,2.48274086832822));
#3514=CARTESIAN_POINT('Ctrl Pts',(-51.,-32.4726306461784,2.1879401899823));
#3515=CARTESIAN_POINT('Ctrl Pts',(-51.,-32.9731694778546,1.97822684700693));
#3516=CARTESIAN_POINT('Ctrl Pts',(-51.,-33.1287107740765,1.90782212873653));
#3517=CARTESIAN_POINT('',(-51.,-22.9392555338239,3.89012866748902));
#3518=CARTESIAN_POINT('Origin',(-51.,-25.4275750622896,3.64874516679371));
#3519=CARTESIAN_POINT('Ctrl Pts',(-51.,25.1572288618969,1.35872916159165));
#3520=CARTESIAN_POINT('Ctrl Pts',(-51.,22.5239865875036,1.67168598949964));
#3521=CARTESIAN_POINT('Ctrl Pts',(-51.,18.4105353630271,2.12886626376527));
#3522=CARTESIAN_POINT('Ctrl Pts',(-51.,12.812574055436,2.68592183309995));
#3523=CARTESIAN_POINT('Ctrl Pts',(-51.,8.36999524905401,3.08785677072706));
#3524=CARTESIAN_POINT('Ctrl Pts',(-51.,3.92359906578657,3.4451251227191));
#3525=CARTESIAN_POINT('Ctrl Pts',(-51.,-0.526686450759213,3.75078730235609));
#3526=CARTESIAN_POINT('Ctrl Pts',(-51.,-4.98089224935204,3.99348963525551));
#3527=CARTESIAN_POINT('Ctrl Pts',(-51.,-9.4387262244192,4.15867492203629));
#3528=CARTESIAN_POINT('Ctrl Pts',(-51.,-13.155824670649,4.21486884210763));
#3529=CARTESIAN_POINT('Ctrl Pts',(-51.,-16.1296953174393,4.19672279343607));
#3530=CARTESIAN_POINT('Ctrl Pts',(-51.,-18.3595168557793,4.1462289355656));
#3531=CARTESIAN_POINT('Ctrl Pts',(-51.,-20.5880559861199,4.05341757950872));
#3532=CARTESIAN_POINT('Ctrl Pts',(-51.,-22.1140820609766,3.95530905233863));
#3533=CARTESIAN_POINT('Ctrl Pts',(-51.,-22.8972441761858,3.89347954157392));
#3534=CARTESIAN_POINT('Ctrl Pts',(-51.,-22.939255585402,3.89012926747611));
#3535=CARTESIAN_POINT('',(-51.,-7.91867182920211,0.769094517692257));
#3536=CARTESIAN_POINT('Origin',(-51.,-7.91867182920211,0.));
#3537=CARTESIAN_POINT('',(-51.,7.76783998483635,1.61300626894953));
#3538=CARTESIAN_POINT('Origin',(-51.,7.76783998483635,0.));
#3539=CARTESIAN_POINT('',(-51.,-28.0954593810964,1.58739008747265));
#3540=CARTESIAN_POINT('Origin',(-51.,-28.0954593810964,0.));
#3541=CARTESIAN_POINT('',(-51.,-16.631784356308,2.00312284828911));
#3542=CARTESIAN_POINT('Origin',(-51.,-16.631784356308,0.00312284828911163));
#3543=CARTESIAN_POINT('',(-51.,10.4881577239684,-2.84606409069663));
#3544=CARTESIAN_POINT('',(-51.,15.4635128458418,-2.3612522559255));
#3545=CARTESIAN_POINT('Origin',(-51.,12.9808744282523,-2.65537210821151));
#3546=CARTESIAN_POINT('',(-51.,10.4881577239684,-2.84606409069663));
#3547=CARTESIAN_POINT('',(-51.,16.9750490409604,2.22564786565425));
#3548=CARTESIAN_POINT('',(-51.,11.999125748675,2.70459305372608));
#3549=CARTESIAN_POINT('Origin',(-51.,14.4920655601286,2.51684030016458));
#3550=CARTESIAN_POINT('',(-51.,16.9750490409604,2.22564786565425));
#3551=CARTESIAN_POINT('',(-51.,-2.95526661111269,3.84521502740874));
#3552=CARTESIAN_POINT('',(-51.,-7.94981796112509,4.05415979517058));
#3553=CARTESIAN_POINT('Origin',(-51.,-5.45037051026508,4.00160087214715));
#3554=CARTESIAN_POINT('',(-51.,-2.95526661111267,3.84521502740875));
#3555=CARTESIAN_POINT('',(-51.,-7.46820028140699,-4.03980103798072));
#3556=CARTESIAN_POINT('',(-51.,-2.4750002791269,-3.80073025114983));
#3557=CARTESIAN_POINT('Origin',(-51.,-4.96911537400319,-3.97216505948896));
#3558=CARTESIAN_POINT('',(-51.,-7.46820028140699,-4.03980103798072));
#3559=CARTESIAN_POINT('',(-51.,-25.9420876712621,-3.57738803989715));
#3560=CARTESIAN_POINT('',(-51.,-20.9608903407287,-3.99795225398575));
#3561=CARTESIAN_POINT('Origin',(-51.,-23.4558603583624,-3.83944480586881));
#3562=CARTESIAN_POINT('',(-51.,-25.9420876712621,-3.57738803989715));
#3563=CARTESIAN_POINT('Origin',(-47.,-35.0370642130266,0.00386934032200899));
#3564=CARTESIAN_POINT('',(-47.,-33.1287107767841,-1.90008345602258));
#3565=CARTESIAN_POINT('',(-47.,25.1572030079043,-1.35079921177795));
#3566=CARTESIAN_POINT('Ctrl Pts',(-47.,-33.1287107767841,-1.90008345602258));
#3567=CARTESIAN_POINT('Ctrl Pts',(-47.,-32.9731694935335,-1.97048820598656));
#3568=CARTESIAN_POINT('Ctrl Pts',(-47.,-32.4726307352204,-2.18020173011632));
#3569=CARTESIAN_POINT('Ctrl Pts',(-47.,-31.6065003085643,-2.47500010058599));
#3570=CARTESIAN_POINT('Ctrl Pts',(-47.,-30.530607855454,-2.76981286875108));
#3571=CARTESIAN_POINT('Ctrl Pts',(-47.,-29.4427841192324,-3.01647091325338));
#3572=CARTESIAN_POINT('Ctrl Pts',(-47.,-28.3473772893148,-3.22601236223712));
#3573=CARTESIAN_POINT('Ctrl Pts',(-47.,-26.8794336213348,-3.46406269851517));
#3574=CARTESIAN_POINT('Ctrl Pts',(-47.,-25.0352174210516,-3.69805502555781));
#3575=CARTESIAN_POINT('Ctrl Pts',(-47.,-22.8139806015819,-3.90249591113617));
#3576=CARTESIAN_POINT('Ctrl Pts',(-47.,-20.5881375627801,-4.04598956412722));
#3577=CARTESIAN_POINT('Ctrl Pts',(-47.,-18.3595047815362,-4.13841784673845));
#3578=CARTESIAN_POINT('Ctrl Pts',(-47.,-16.1296745593701,-4.18888347150305));
#3579=CARTESIAN_POINT('Ctrl Pts',(-47.,-13.1558351285057,-4.20718216930068));
#3580=CARTESIAN_POINT('Ctrl Pts',(-47.,-9.43876197304748,-4.15105361221425));
#3581=CARTESIAN_POINT('Ctrl Pts',(-47.,-4.98087053636191,-3.98557102213438));
#3582=CARTESIAN_POINT('Ctrl Pts',(-47.,-0.526696999564213,-3.74305138385577));
#3583=CARTESIAN_POINT('Ctrl Pts',(-47.,3.92360781105076,-3.43743897397122));
#3584=CARTESIAN_POINT('Ctrl Pts',(-47.,8.36999327774322,-3.08002075562269));
#3585=CARTESIAN_POINT('Ctrl Pts',(-47.,12.8125664629163,-2.6780455406531));
#3586=CARTESIAN_POINT('Ctrl Pts',(-47.,18.4105452782786,-2.12118608562733));
#3587=CARTESIAN_POINT('Ctrl Pts',(-47.,22.5239618421284,-1.66378375460752));
#3588=CARTESIAN_POINT('Ctrl Pts',(-47.,25.1572026022979,-1.35079925966519));
#3589=CARTESIAN_POINT('',(-47.,25.1572295156071,1.35872908812339));
#3590=CARTESIAN_POINT('Origin',(-47.,34.9629357869734,0.00386934032199311));
#3591=CARTESIAN_POINT('',(-47.,-22.9392555338239,3.89012866748902));
#3592=CARTESIAN_POINT('Ctrl Pts',(-47.,25.1572288618969,1.35872916159165));
#3593=CARTESIAN_POINT('Ctrl Pts',(-47.,22.5239865875036,1.67168598949964));
#3594=CARTESIAN_POINT('Ctrl Pts',(-47.,18.4105353630271,2.12886626376527));
#3595=CARTESIAN_POINT('Ctrl Pts',(-47.,12.812574055436,2.68592183309995));
#3596=CARTESIAN_POINT('Ctrl Pts',(-47.,8.36999524905401,3.08785677072706));
#3597=CARTESIAN_POINT('Ctrl Pts',(-47.,3.92359906578657,3.4451251227191));
#3598=CARTESIAN_POINT('Ctrl Pts',(-47.,-0.526686450759213,3.75078730235609));
#3599=CARTESIAN_POINT('Ctrl Pts',(-47.,-4.98089224935204,3.99348963525551));
#3600=CARTESIAN_POINT('Ctrl Pts',(-47.,-9.4387262244192,4.15867492203629));
#3601=CARTESIAN_POINT('Ctrl Pts',(-47.,-13.155824670649,4.21486884210763));
#3602=CARTESIAN_POINT('Ctrl Pts',(-47.,-16.1296953174393,4.19672279343607));
#3603=CARTESIAN_POINT('Ctrl Pts',(-47.,-18.3595168557793,4.1462289355656));
#3604=CARTESIAN_POINT('Ctrl Pts',(-47.,-20.5880559861199,4.05341757950872));
#3605=CARTESIAN_POINT('Ctrl Pts',(-47.,-22.1140820609766,3.95530905233863));
#3606=CARTESIAN_POINT('Ctrl Pts',(-47.,-22.8972441761858,3.89347954157392));
#3607=CARTESIAN_POINT('Ctrl Pts',(-47.,-22.939255585402,3.89012926747611));
#3608=CARTESIAN_POINT('',(-47.,-27.9037119511963,3.30415214497152));
#3609=CARTESIAN_POINT('Origin',(-47.,-25.4275750622896,3.64874516679371));
#3610=CARTESIAN_POINT('',(-47.,-33.1287107740766,1.90782212873649));
#3611=CARTESIAN_POINT('Ctrl Pts',(-47.,-27.9037104955014,3.30414335269468));
#3612=CARTESIAN_POINT('Ctrl Pts',(-47.,-28.0514039961598,3.27969045205355));
#3613=CARTESIAN_POINT('Ctrl Pts',(-47.,-28.5653827684307,3.19183527623498));
#3614=CARTESIAN_POINT('Ctrl Pts',(-47.,-29.4427955919519,3.02423798748803));
#3615=CARTESIAN_POINT('Ctrl Pts',(-47.,-30.5306047764457,2.77754392922285));
#3616=CARTESIAN_POINT('Ctrl Pts',(-47.,-31.6065011518776,2.48274086832822));
#3617=CARTESIAN_POINT('Ctrl Pts',(-47.,-32.4726306461784,2.18794018998229));
#3618=CARTESIAN_POINT('Ctrl Pts',(-47.,-32.9731694778546,1.9782268470069));
#3619=CARTESIAN_POINT('Ctrl Pts',(-47.,-33.1287107740766,1.90782212873649));
#3620=CARTESIAN_POINT('',(-47.,-33.1287099897688,1.90781982978879));
#3621=CARTESIAN_POINT('',(-47.,-28.0954593810964,1.58739008747265));
#3622=CARTESIAN_POINT('Origin',(-47.,-28.0954593810964,0.));
#3623=CARTESIAN_POINT('',(-47.,7.76783998483635,1.61300626894953));
#3624=CARTESIAN_POINT('Origin',(-47.,7.76783998483635,0.));
#3625=CARTESIAN_POINT('',(-47.,-7.91867182920211,0.769094517692257));
#3626=CARTESIAN_POINT('Origin',(-47.,-7.91867182920211,0.));
#3627=CARTESIAN_POINT('',(-47.,10.4881577239684,-2.84606409069663));
#3628=CARTESIAN_POINT('',(-47.,15.4635128458418,-2.3612522559255));
#3629=CARTESIAN_POINT('',(-47.,10.4881577239684,-2.84606409069663));
#3630=CARTESIAN_POINT('Origin',(-47.,12.9808744282523,-2.65537210821151));
#3631=CARTESIAN_POINT('',(-47.,-2.95526661111269,3.84521502740874));
#3632=CARTESIAN_POINT('',(-47.,-7.94981796112509,4.05415979517058));
#3633=CARTESIAN_POINT('',(-47.,-2.95526661111267,3.84521502740875));
#3634=CARTESIAN_POINT('Origin',(-47.,-5.45037051026508,4.00160087214715));
#3635=CARTESIAN_POINT('',(-47.,-25.9420876712621,-3.57738803989715));
#3636=CARTESIAN_POINT('',(-47.,-20.9608903407287,-3.99795225398575));
#3637=CARTESIAN_POINT('',(-47.,-25.9420876712621,-3.57738803989715));
#3638=CARTESIAN_POINT('Origin',(-47.,-23.4558603583624,-3.83944480586881));
#3639=CARTESIAN_POINT('',(-47.,-7.46820028140699,-4.03980103798072));
#3640=CARTESIAN_POINT('',(-47.,-2.4750002791269,-3.80073025114983));
#3641=CARTESIAN_POINT('',(-47.,-7.468200281407,-4.03980103798072));
#3642=CARTESIAN_POINT('Origin',(-47.,-4.96911537400319,-3.97216505948896));
#3643=CARTESIAN_POINT('',(-47.,16.9750490409604,2.22564786565425));
#3644=CARTESIAN_POINT('',(-47.,11.999125748675,2.70459305372608));
#3645=CARTESIAN_POINT('',(-47.,16.9750490409604,2.22564786565425));
#3646=CARTESIAN_POINT('Origin',(-47.,14.4920655601286,2.51684030016458));
#3647=CARTESIAN_POINT('',(-47.,-16.631784356308,2.00312284828911));
#3648=CARTESIAN_POINT('Origin',(-47.,-16.631784356308,0.00312284828911163));
#3649=CARTESIAN_POINT('Origin',(-71.,-35.0370642130266,0.00386934032200899));
#3650=CARTESIAN_POINT('',(-71.0000000000001,-33.128710776784,-1.90008345602259));
#3651=CARTESIAN_POINT('',(-71.,25.1572030079044,-1.35079921177793));
#3652=CARTESIAN_POINT('Ctrl Pts',(-71.0000000000001,-33.128710776784,-1.90008345602259));
#3653=CARTESIAN_POINT('Ctrl Pts',(-71.0000000000001,-32.9731694935334,-1.97048820598657));
#3654=CARTESIAN_POINT('Ctrl Pts',(-71.0000000000001,-32.4726307352204,-2.18020173011632));
#3655=CARTESIAN_POINT('Ctrl Pts',(-71.0000000000001,-31.6065003085643,-2.47500010058599));
#3656=CARTESIAN_POINT('Ctrl Pts',(-71.0000000000001,-30.530607855454,-2.76981286875108));
#3657=CARTESIAN_POINT('Ctrl Pts',(-71.0000000000001,-29.4427841192324,-3.01647091325338));
#3658=CARTESIAN_POINT('Ctrl Pts',(-71.0000000000001,-28.3473772893148,-3.22601236223712));
#3659=CARTESIAN_POINT('Ctrl Pts',(-71.,-26.8794336213348,-3.46406269851517));
#3660=CARTESIAN_POINT('Ctrl Pts',(-71.0000000000001,-25.0352174210516,-3.69805502555781));
#3661=CARTESIAN_POINT('Ctrl Pts',(-71.,-22.8139806015819,-3.90249591113617));
#3662=CARTESIAN_POINT('Ctrl Pts',(-71.0000000000001,-20.5881375627801,-4.04598956412722));
#3663=CARTESIAN_POINT('Ctrl Pts',(-71.0000000000001,-18.3595047815362,-4.13841784673845));
#3664=CARTESIAN_POINT('Ctrl Pts',(-71.0000000000001,-16.1296745593701,-4.18888347150305));
#3665=CARTESIAN_POINT('Ctrl Pts',(-71.,-13.1558351285057,-4.20718216930068));
#3666=CARTESIAN_POINT('Ctrl Pts',(-71.0000000000001,-9.43876197304748,-4.15105361221425));
#3667=CARTESIAN_POINT('Ctrl Pts',(-71.0000000000001,-4.98087053636191,-3.98557102213438));
#3668=CARTESIAN_POINT('Ctrl Pts',(-71.0000000000001,-0.526696999564213,
-3.74305138385577));
#3669=CARTESIAN_POINT('Ctrl Pts',(-71.0000000000001,3.92360781105076,-3.43743897397122));
#3670=CARTESIAN_POINT('Ctrl Pts',(-71.,8.36999327774322,-3.08002075562269));
#3671=CARTESIAN_POINT('Ctrl Pts',(-71.0000000000001,12.8125664629163,-2.6780455406531));
#3672=CARTESIAN_POINT('Ctrl Pts',(-71.0000000000001,18.4105452782786,-2.12118608562733));
#3673=CARTESIAN_POINT('Ctrl Pts',(-71.,22.5239618421284,-1.66378375460752));
#3674=CARTESIAN_POINT('Ctrl Pts',(-71.0000000000001,25.1572026022979,-1.35079925966519));
#3675=CARTESIAN_POINT('',(-71.,25.1572295156113,1.35872908812294));
#3676=CARTESIAN_POINT('Origin',(-71.,34.9629357869734,0.00386934032199311));
#3677=CARTESIAN_POINT('',(-71.,-22.9392555338239,3.89012866748902));
#3678=CARTESIAN_POINT('Ctrl Pts',(-71.0000000000001,25.1572288618969,1.35872916159165));
#3679=CARTESIAN_POINT('Ctrl Pts',(-71.0000000000001,22.5239865875036,1.67168598949964));
#3680=CARTESIAN_POINT('Ctrl Pts',(-71.0000000000001,18.4105353630271,2.12886626376527));
#3681=CARTESIAN_POINT('Ctrl Pts',(-71.0000000000001,12.812574055436,2.68592183309995));
#3682=CARTESIAN_POINT('Ctrl Pts',(-71.,8.36999524905402,3.08785677072706));
#3683=CARTESIAN_POINT('Ctrl Pts',(-71.0000000000001,3.92359906578659,3.4451251227191));
#3684=CARTESIAN_POINT('Ctrl Pts',(-71.0000000000001,-0.526686450759196,
3.75078730235609));
#3685=CARTESIAN_POINT('Ctrl Pts',(-71.0000000000001,-4.98089224935203,3.9934896352555));
#3686=CARTESIAN_POINT('Ctrl Pts',(-71.0000000000001,-9.43872622441918,4.15867492203629));
#3687=CARTESIAN_POINT('Ctrl Pts',(-71.0000000000001,-13.155824670649,4.21486884210763));
#3688=CARTESIAN_POINT('Ctrl Pts',(-71.0000000000001,-16.1296953174393,4.19672279343607));
#3689=CARTESIAN_POINT('Ctrl Pts',(-71.0000000000001,-18.3595168557793,4.14622893556561));
#3690=CARTESIAN_POINT('Ctrl Pts',(-71.0000000000001,-20.5880559861199,4.05341757950872));
#3691=CARTESIAN_POINT('Ctrl Pts',(-71.0000000000001,-22.1140820609766,3.95530905233863));
#3692=CARTESIAN_POINT('Ctrl Pts',(-71.0000000000001,-22.8972441761857,3.89347954157393));
#3693=CARTESIAN_POINT('Ctrl Pts',(-71.0000000000001,-22.939255585402,3.89012926747611));
#3694=CARTESIAN_POINT('',(-71.,-27.9037119511963,3.30415214497152));
#3695=CARTESIAN_POINT('Origin',(-71.,-25.4275750622896,3.64874516679371));
#3696=CARTESIAN_POINT('',(-71.,-33.1287107740764,1.90782212873655));
#3697=CARTESIAN_POINT('Ctrl Pts',(-71.0000000000001,-27.9037104955014,3.30414335269468));
#3698=CARTESIAN_POINT('Ctrl Pts',(-71.0000000000001,-28.0514039961598,3.27969045205355));
#3699=CARTESIAN_POINT('Ctrl Pts',(-71.0000000000001,-28.5653827684307,3.19183527623498));
#3700=CARTESIAN_POINT('Ctrl Pts',(-71.0000000000001,-29.4427955919519,3.02423798748803));
#3701=CARTESIAN_POINT('Ctrl Pts',(-71.0000000000001,-30.5306047764457,2.77754392922285));
#3702=CARTESIAN_POINT('Ctrl Pts',(-71.0000000000001,-31.6065011518775,2.48274086832823));
#3703=CARTESIAN_POINT('Ctrl Pts',(-71.,-32.4726306461783,2.18794018998231));
#3704=CARTESIAN_POINT('Ctrl Pts',(-71.0000000000001,-32.9731694778546,1.97822684700694));
#3705=CARTESIAN_POINT('Ctrl Pts',(-71.0000000000001,-33.1287107740765,1.90782212873655));
#3706=CARTESIAN_POINT('',(-71.,-33.1287099897688,1.90781982978879));
#3707=CARTESIAN_POINT('',(-71.,16.9750490409604,2.22564786565425));
#3708=CARTESIAN_POINT('',(-71.,11.999125748675,2.70459305372608));
#3709=CARTESIAN_POINT('',(-71.,16.9750490409604,2.22564786565425));
#3710=CARTESIAN_POINT('Origin',(-71.,14.4920655601286,2.51684030016458));
#3711=CARTESIAN_POINT('',(-71.,-7.46820028140699,-4.03980103798072));
#3712=CARTESIAN_POINT('',(-71.,-2.4750002791269,-3.80073025114983));
#3713=CARTESIAN_POINT('',(-71.,-7.468200281407,-4.03980103798072));
#3714=CARTESIAN_POINT('Origin',(-71.,-4.96911537400319,-3.97216505948896));
#3715=CARTESIAN_POINT('',(-71.,-25.9420876712621,-3.57738803989715));
#3716=CARTESIAN_POINT('',(-71.,-20.9608903407287,-3.99795225398575));
#3717=CARTESIAN_POINT('',(-71.,-25.9420876712621,-3.57738803989715));
#3718=CARTESIAN_POINT('Origin',(-71.,-23.4558603583624,-3.83944480586881));
#3719=CARTESIAN_POINT('',(-71.,-2.95526661111269,3.84521502740874));
#3720=CARTESIAN_POINT('',(-71.,-7.94981796112509,4.05415979517058));
#3721=CARTESIAN_POINT('',(-71.,-2.95526661111267,3.84521502740875));
#3722=CARTESIAN_POINT('Origin',(-71.,-5.45037051026508,4.00160087214715));
#3723=CARTESIAN_POINT('',(-71.,10.4881577239684,-2.84606409069663));
#3724=CARTESIAN_POINT('',(-71.,15.4635128458418,-2.3612522559255));
#3725=CARTESIAN_POINT('',(-71.,10.4881577239684,-2.84606409069663));
#3726=CARTESIAN_POINT('Origin',(-71.,12.9808744282523,-2.65537210821151));
#3727=CARTESIAN_POINT('',(-71.,-28.0954593810964,1.58739008747265));
#3728=CARTESIAN_POINT('Origin',(-71.,-28.0954593810964,0.));
#3729=CARTESIAN_POINT('',(-71.,7.76783998483635,1.61300626894953));
#3730=CARTESIAN_POINT('Origin',(-71.,7.76783998483635,0.));
#3731=CARTESIAN_POINT('',(-71.,-16.631784356308,2.00312284828911));
#3732=CARTESIAN_POINT('Origin',(-71.,-16.631784356308,0.00312284828911163));
#3733=CARTESIAN_POINT('Origin',(-75.,-35.0370642130266,0.00386934032200942));
#3734=CARTESIAN_POINT('',(-75.,-22.9392555338239,3.89012866748902));
#3735=CARTESIAN_POINT('',(-75.0000000000001,25.1572291840699,1.35872912355525));
#3736=CARTESIAN_POINT('Ctrl Pts',(-75.0000000000001,-22.939255585402,3.89012926747611));
#3737=CARTESIAN_POINT('Ctrl Pts',(-75.0000000000001,-22.8972441761858,3.89347954157392));
#3738=CARTESIAN_POINT('Ctrl Pts',(-75.,-22.1140820609766,3.95530905233863));
#3739=CARTESIAN_POINT('Ctrl Pts',(-75.,-20.5880559861199,4.05341757950872));
#3740=CARTESIAN_POINT('Ctrl Pts',(-75.,-18.3595168557793,4.14622893556561));
#3741=CARTESIAN_POINT('Ctrl Pts',(-75.0000000000001,-16.1296953174393,4.19672279343607));
#3742=CARTESIAN_POINT('Ctrl Pts',(-75.,-13.155824670649,4.21486884210763));
#3743=CARTESIAN_POINT('Ctrl Pts',(-75.0000000000001,-9.43872622441918,4.15867492203629));
#3744=CARTESIAN_POINT('Ctrl Pts',(-75.,-4.98089224935203,3.9934896352555));
#3745=CARTESIAN_POINT('Ctrl Pts',(-75.0000000000001,-0.526686450759196,
3.75078730235609));
#3746=CARTESIAN_POINT('Ctrl Pts',(-75.0000000000001,3.92359906578659,3.4451251227191));
#3747=CARTESIAN_POINT('Ctrl Pts',(-75.,8.36999524905402,3.08785677072706));
#3748=CARTESIAN_POINT('Ctrl Pts',(-75.,12.812574055436,2.68592183309995));
#3749=CARTESIAN_POINT('Ctrl Pts',(-75.,18.4105353630271,2.12886626376527));
#3750=CARTESIAN_POINT('Ctrl Pts',(-75.,22.5239865875036,1.67168598949964));
#3751=CARTESIAN_POINT('Ctrl Pts',(-75.,25.1572288618969,1.35872916159165));
#3752=CARTESIAN_POINT('',(-75.0000000000001,25.1572034180296,-1.35079916794827));
#3753=CARTESIAN_POINT('Origin',(-75.,34.9629357869734,0.00386934032199311));
#3754=CARTESIAN_POINT('',(-75.,-33.128710776784,-1.90008345602258));
#3755=CARTESIAN_POINT('Ctrl Pts',(-75.,25.1572026022979,-1.35079925966519));
#3756=CARTESIAN_POINT('Ctrl Pts',(-75.,22.5239618421284,-1.66378375460752));
#3757=CARTESIAN_POINT('Ctrl Pts',(-75.,18.4105452782786,-2.12118608562733));
#3758=CARTESIAN_POINT('Ctrl Pts',(-75.0000000000001,12.8125664629163,-2.6780455406531));
#3759=CARTESIAN_POINT('Ctrl Pts',(-75.,8.36999327774322,-3.08002075562269));
#3760=CARTESIAN_POINT('Ctrl Pts',(-75.0000000000001,3.92360781105076,-3.43743897397122));
#3761=CARTESIAN_POINT('Ctrl Pts',(-75.,-0.526696999564213,-3.74305138385577));
#3762=CARTESIAN_POINT('Ctrl Pts',(-75.0000000000001,-4.98087053636191,-3.98557102213438));
#3763=CARTESIAN_POINT('Ctrl Pts',(-75.,-9.43876197304748,-4.15105361221425));
#3764=CARTESIAN_POINT('Ctrl Pts',(-75.,-13.1558351285057,-4.20718216930068));
#3765=CARTESIAN_POINT('Ctrl Pts',(-75.0000000000001,-16.1296745593701,-4.18888347150305));
#3766=CARTESIAN_POINT('Ctrl Pts',(-75.,-18.3595047815362,-4.13841784673845));
#3767=CARTESIAN_POINT('Ctrl Pts',(-75.0000000000001,-20.5881375627801,-4.04598956412722));
#3768=CARTESIAN_POINT('Ctrl Pts',(-75.,-22.8139806015819,-3.90249591113617));
#3769=CARTESIAN_POINT('Ctrl Pts',(-75.0000000000001,-25.0352174210516,-3.69805502555781));
#3770=CARTESIAN_POINT('Ctrl Pts',(-75.,-26.8794336213348,-3.46406269851517));
#3771=CARTESIAN_POINT('Ctrl Pts',(-75.0000000000001,-28.3473772893148,-3.22601236223712));
#3772=CARTESIAN_POINT('Ctrl Pts',(-75.,-29.4427841192324,-3.01647091325338));
#3773=CARTESIAN_POINT('Ctrl Pts',(-75.0000000000001,-30.530607855454,-2.76981286875108));
#3774=CARTESIAN_POINT('Ctrl Pts',(-75.0000000000001,-31.6065003085643,-2.47500010058599));
#3775=CARTESIAN_POINT('Ctrl Pts',(-75.,-32.4726307352204,-2.18020173011632));
#3776=CARTESIAN_POINT('Ctrl Pts',(-75.,-32.9731694935335,-1.97048820598656));
#3777=CARTESIAN_POINT('Ctrl Pts',(-75.,-33.128710776784,-1.90008345602258));
#3778=CARTESIAN_POINT('',(-75.,-33.1287102529093,1.90782097735045));
#3779=CARTESIAN_POINT('',(-75.,-33.1287099897688,-1.90008114914225));
#3780=CARTESIAN_POINT('',(-75.,-27.9037119511963,3.30415214497152));
#3781=CARTESIAN_POINT('Ctrl Pts',(-75.0000000000001,-33.1287107740765,1.90782212873655));
#3782=CARTESIAN_POINT('Ctrl Pts',(-75.,-32.9731694778545,1.97822684700694));
#3783=CARTESIAN_POINT('Ctrl Pts',(-75.,-32.4726306461783,2.18794018998231));
#3784=CARTESIAN_POINT('Ctrl Pts',(-75.0000000000001,-31.6065011518775,2.48274086832823));
#3785=CARTESIAN_POINT('Ctrl Pts',(-75.,-30.5306047764457,2.77754392922285));
#3786=CARTESIAN_POINT('Ctrl Pts',(-75.0000000000001,-29.4427955919519,3.02423798748803));
#3787=CARTESIAN_POINT('Ctrl Pts',(-75.,-28.5653827684307,3.19183527623498));
#3788=CARTESIAN_POINT('Ctrl Pts',(-75.,-28.0514039961598,3.27969045205355));
#3789=CARTESIAN_POINT('Ctrl Pts',(-75.,-27.9037104955014,3.30414335269468));
#3790=CARTESIAN_POINT('Origin',(-75.,-25.4275750622896,3.64874516679371));
#3791=CARTESIAN_POINT('',(-75.,-7.91867182920211,0.769094517692257));
#3792=CARTESIAN_POINT('Origin',(-75.,-7.91867182920211,0.));
#3793=CARTESIAN_POINT('',(-75.,15.4635128458418,-2.3612522559255));
#3794=CARTESIAN_POINT('',(-75.,10.4881577239684,-2.84606409069663));
#3795=CARTESIAN_POINT('',(-75.,15.4635128458418,-2.3612522559255));
#3796=CARTESIAN_POINT('Origin',(-75.,12.9808744282523,-2.65537210821151));
#3797=CARTESIAN_POINT('',(-75.,-7.94981796112509,4.05415979517058));
#3798=CARTESIAN_POINT('',(-75.,-2.95526661111269,3.84521502740874));
#3799=CARTESIAN_POINT('',(-75.,-7.94981796112508,4.05415979517058));
#3800=CARTESIAN_POINT('Origin',(-75.,-5.45037051026508,4.00160087214715));
#3801=CARTESIAN_POINT('',(-75.,-20.9608903407287,-3.99795225398575));
#3802=CARTESIAN_POINT('',(-75.,-25.9420876712621,-3.57738803989715));
#3803=CARTESIAN_POINT('',(-75.,-20.9608903407287,-3.99795225398575));
#3804=CARTESIAN_POINT('Origin',(-75.,-23.4558603583624,-3.83944480586881));
#3805=CARTESIAN_POINT('',(-75.,7.76783998483635,-1.61300626894953));
#3806=CARTESIAN_POINT('Origin',(-75.,7.76783998483635,0.));
#3807=CARTESIAN_POINT('',(-75.,-2.4750002791269,-3.80073025114983));
#3808=CARTESIAN_POINT('',(-75.,-7.46820028140699,-4.03980103798072));
#3809=CARTESIAN_POINT('',(-75.,-2.47500027912691,-3.80073025114983));
#3810=CARTESIAN_POINT('Origin',(-75.,-4.96911537400319,-3.97216505948896));
#3811=CARTESIAN_POINT('',(-75.,11.999125748675,2.70459305372608));
#3812=CARTESIAN_POINT('',(-75.,16.9750490409604,2.22564786565425));
#3813=CARTESIAN_POINT('',(-75.,11.999125748675,2.70459305372608));
#3814=CARTESIAN_POINT('Origin',(-75.,14.4920655601286,2.51684030016458));
#3815=CARTESIAN_POINT('',(-75.,-16.631784356308,2.00312284828911));
#3816=CARTESIAN_POINT('Origin',(-75.,-16.631784356308,0.00312284828911163));
#3817=CARTESIAN_POINT('Origin',(-1.,-35.0370642130266,0.00386934032200899));
#3818=CARTESIAN_POINT('Ctrl Pts',(-1.,-22.939255585402,3.89012926747611));
#3819=CARTESIAN_POINT('Ctrl Pts',(-1.,-23.6383457139347,3.83437908928983));
#3820=CARTESIAN_POINT('Ctrl Pts',(-1.,-25.0770326920436,3.70051749327082));
#3821=CARTESIAN_POINT('Ctrl Pts',(-1.,-26.7308361669073,3.4907517037824));
#3822=CARTESIAN_POINT('Ctrl Pts',(-1.,-27.6844231036965,3.34044770815573));
#3823=CARTESIAN_POINT('Ctrl Pts',(-1.,-27.9033332234302,3.30420581408974));
#3824=CARTESIAN_POINT('',(-1.,-22.9392554896639,3.89012806695015));
#3825=CARTESIAN_POINT('Origin',(-26.,-35.0370642130266,0.00386934032200899));
#3826=CARTESIAN_POINT('Ctrl Pts',(-26.,-22.939255585402,3.89012926747611));
#3827=CARTESIAN_POINT('Ctrl Pts',(-26.,-23.6383457139347,3.83437908928983));
#3828=CARTESIAN_POINT('Ctrl Pts',(-26.,-25.0770326920436,3.70051749327082));
#3829=CARTESIAN_POINT('Ctrl Pts',(-26.,-26.7308361669073,3.4907517037824));
#3830=CARTESIAN_POINT('Ctrl Pts',(-26.,-27.6844231036965,3.34044770815573));
#3831=CARTESIAN_POINT('Ctrl Pts',(-26.,-27.9033332234302,3.30420581408974));
#3832=CARTESIAN_POINT('',(-26.,-22.9392554896639,3.89012806695015));
#3833=CARTESIAN_POINT('Origin',(-22.,-35.0370642130266,0.00386934032200899));
#3834=CARTESIAN_POINT('',(-22.,-22.9392554896639,3.89012806695015));
#3835=CARTESIAN_POINT('Ctrl Pts',(-22.,-22.939255585402,3.89012926747611));
#3836=CARTESIAN_POINT('Ctrl Pts',(-22.,-23.6383457139347,3.83437908928983));
#3837=CARTESIAN_POINT('Ctrl Pts',(-22.,-25.0770326920436,3.70051749327082));
#3838=CARTESIAN_POINT('Ctrl Pts',(-22.,-26.7308361669075,3.49075170378237));
#3839=CARTESIAN_POINT('Ctrl Pts',(-22.,-27.6844231036969,3.34044770815567));
#3840=CARTESIAN_POINT('Ctrl Pts',(-22.,-27.9033332234308,3.30420581408965));
#3841=CARTESIAN_POINT('Origin',(-51.,-35.0370642130266,0.00386934032200899));
#3842=CARTESIAN_POINT('Ctrl Pts',(-51.,-22.939255585402,3.89012926747611));
#3843=CARTESIAN_POINT('Ctrl Pts',(-51.,-23.6383457139347,3.83437908928983));
#3844=CARTESIAN_POINT('Ctrl Pts',(-51.,-25.0770326920436,3.70051749327082));
#3845=CARTESIAN_POINT('Ctrl Pts',(-51.,-26.7308361669073,3.4907517037824));
#3846=CARTESIAN_POINT('Ctrl Pts',(-51.,-27.6844231036965,3.34044770815573));
#3847=CARTESIAN_POINT('Ctrl Pts',(-51.,-27.9033332234302,3.30420581408974));
#3848=CARTESIAN_POINT('',(-51.,-22.9392554896639,3.89012806695015));
#3849=CARTESIAN_POINT('Origin',(-47.,-35.0370642130266,0.00386934032200899));
#3850=CARTESIAN_POINT('',(-47.,-22.9392554896639,3.89012806695015));
#3851=CARTESIAN_POINT('Ctrl Pts',(-47.,-22.939255585402,3.89012926747611));
#3852=CARTESIAN_POINT('Ctrl Pts',(-47.,-23.6383457139347,3.83437908928983));
#3853=CARTESIAN_POINT('Ctrl Pts',(-47.,-25.0770326920436,3.70051749327082));
#3854=CARTESIAN_POINT('Ctrl Pts',(-47.,-26.7308361669071,3.49075170378243));
#3855=CARTESIAN_POINT('Ctrl Pts',(-47.,-27.684423103696,3.34044770815581));
#3856=CARTESIAN_POINT('Ctrl Pts',(-47.,-27.9033332234294,3.30420581408986));
#3857=CARTESIAN_POINT('Origin',(-71.,-35.0370642130266,0.00386934032200899));
#3858=CARTESIAN_POINT('',(-71.,-22.9392554896639,3.89012806695015));
#3859=CARTESIAN_POINT('Ctrl Pts',(-71.0000000000001,-22.939255585402,3.89012926747611));
#3860=CARTESIAN_POINT('Ctrl Pts',(-71.0000000000001,-23.6383457139347,3.83437908928983));
#3861=CARTESIAN_POINT('Ctrl Pts',(-71.,-25.0770326920436,3.70051749327082));
#3862=CARTESIAN_POINT('Ctrl Pts',(-71.0000000000001,-26.7308361669071,3.49075170378243));
#3863=CARTESIAN_POINT('Ctrl Pts',(-71.0000000000001,-27.684423103696,3.34044770815581));
#3864=CARTESIAN_POINT('Ctrl Pts',(-71.0000000000001,-27.9033332234294,3.30420581408986));
#3865=CARTESIAN_POINT('Origin',(-75.,-35.0370642130266,0.00386934032200942));
#3866=CARTESIAN_POINT('',(-75.,-27.9037135278997,3.30416092582178));
#3867=CARTESIAN_POINT('Ctrl Pts',(-75.,-27.9033332234295,3.30420581408985));
#3868=CARTESIAN_POINT('Ctrl Pts',(-75.,-27.684423103696,3.3404477081558));
#3869=CARTESIAN_POINT('Ctrl Pts',(-75.,-26.7308361669071,3.49075170378243));
#3870=CARTESIAN_POINT('Ctrl Pts',(-75.,-25.0770326920436,3.70051749327082));
#3871=CARTESIAN_POINT('Ctrl Pts',(-75.0000000000001,-23.6383457139347,3.83437908928984));
#3872=CARTESIAN_POINT('Ctrl Pts',(-75.0000000000001,-22.939255585402,3.89012926747611));
#3873=CARTESIAN_POINT('Origin',(-101.562270683483,-28.0954593810964,0.));
#3874=CARTESIAN_POINT('',(-101.562270683483,-28.0954593810964,1.58739008747265));
#3875=CARTESIAN_POINT('Origin',(-101.562270683483,7.76783998483635,0.));
#3876=CARTESIAN_POINT('',(-101.562270683483,7.76783998483635,1.61300626894953));
#3877=CARTESIAN_POINT('Origin',(-101.562270683483,-28.0954593810964,0.));
#3878=CARTESIAN_POINT('',(-101.562270683483,-28.0954593810964,1.58739008747265));
#3879=CARTESIAN_POINT('Origin',(-101.562270683483,-28.0954593810964,0.));
#3880=CARTESIAN_POINT('',(-101.562270683483,-28.0954593810964,1.58739008747265));
#3881=CARTESIAN_POINT('Ctrl Pts',(-1.,34.9629357869734,0.0920693403219931));
#3882=CARTESIAN_POINT('Ctrl Pts',(3.8,34.9629357869734,0.0920693403219931));
#3883=CARTESIAN_POINT('Ctrl Pts',(-1.,32.018064660065,0.505709300942899));
#3884=CARTESIAN_POINT('Ctrl Pts',(3.8,32.018064660065,0.505709300942899));
#3885=CARTESIAN_POINT('Ctrl Pts',(-1.,26.1194482087933,1.26910824731377));
#3886=CARTESIAN_POINT('Ctrl Pts',(3.8,26.1194482087933,1.26910824731377));
#3887=CARTESIAN_POINT('Ctrl Pts',(-1.,18.7309669615001,2.09697997575572));
#3888=CARTESIAN_POINT('Ctrl Pts',(3.8,18.7309669615001,2.09697997575572));
#3889=CARTESIAN_POINT('Ctrl Pts',(-1.,12.812574055436,2.68592183309995));
#3890=CARTESIAN_POINT('Ctrl Pts',(3.8,12.812574055436,2.68592183309995));
#3891=CARTESIAN_POINT('Ctrl Pts',(-1.,8.36999524905401,3.08785677072706));
#3892=CARTESIAN_POINT('Ctrl Pts',(3.8,8.36999524905401,3.08785677072706));
#3893=CARTESIAN_POINT('Ctrl Pts',(-1.,3.92359906578657,3.4451251227191));
#3894=CARTESIAN_POINT('Ctrl Pts',(3.8,3.92359906578657,3.4451251227191));
#3895=CARTESIAN_POINT('Ctrl Pts',(-1.,-0.526686450759213,3.75078730235609));
#3896=CARTESIAN_POINT('Ctrl Pts',(3.8,-0.526686450759213,3.75078730235609));
#3897=CARTESIAN_POINT('Ctrl Pts',(-1.,-4.98089224935204,3.99348963525551));
#3898=CARTESIAN_POINT('Ctrl Pts',(3.8,-4.98089224935204,3.99348963525551));
#3899=CARTESIAN_POINT('Ctrl Pts',(-1.,-9.4387262244192,4.15867492203629));
#3900=CARTESIAN_POINT('Ctrl Pts',(3.8,-9.4387262244192,4.15867492203629));
#3901=CARTESIAN_POINT('Ctrl Pts',(-1.,-13.155824670649,4.21486884210763));
#3902=CARTESIAN_POINT('Ctrl Pts',(3.8,-13.155824670649,4.21486884210763));
#3903=CARTESIAN_POINT('Ctrl Pts',(-1.,-16.1296953174393,4.19672279343607));
#3904=CARTESIAN_POINT('Ctrl Pts',(3.8,-16.1296953174393,4.19672279343607));
#3905=CARTESIAN_POINT('Ctrl Pts',(-1.,-18.3595168557793,4.1462289355656));
#3906=CARTESIAN_POINT('Ctrl Pts',(3.8,-18.3595168557793,4.1462289355656));
#3907=CARTESIAN_POINT('Ctrl Pts',(-1.,-20.5880559861199,4.05341757950872));
#3908=CARTESIAN_POINT('Ctrl Pts',(3.8,-20.5880559861199,4.05341757950872));
#3909=CARTESIAN_POINT('Ctrl Pts',(-1.,-22.8140030862095,3.91031098706807));
#3910=CARTESIAN_POINT('Ctrl Pts',(3.8,-22.8140030862095,3.91031098706807));
#3911=CARTESIAN_POINT('Ctrl Pts',(-1.,-25.0352129398373,3.70582184380044));
#3912=CARTESIAN_POINT('Ctrl Pts',(3.8,-25.0352129398373,3.70582184380044));
#3913=CARTESIAN_POINT('Ctrl Pts',(-1.,-26.8795144787894,3.47189358433484));
#3914=CARTESIAN_POINT('Ctrl Pts',(3.8,-26.8795144787894,3.47189358433484));
#3915=CARTESIAN_POINT('Ctrl Pts',(-1.,-28.3472765965364,3.23349639867194));
#3916=CARTESIAN_POINT('Ctrl Pts',(3.8,-28.3472765965364,3.23349639867194));
#3917=CARTESIAN_POINT('Ctrl Pts',(-1.,-29.4427955919519,3.02423798748803));
#3918=CARTESIAN_POINT('Ctrl Pts',(3.8,-29.4427955919519,3.02423798748803));
#3919=CARTESIAN_POINT('Ctrl Pts',(-1.,-30.5306047764457,2.77754392922285));
#3920=CARTESIAN_POINT('Ctrl Pts',(3.8,-30.5306047764457,2.77754392922285));
#3921=CARTESIAN_POINT('Ctrl Pts',(-1.,-31.6065011518776,2.48274086832822));
#3922=CARTESIAN_POINT('Ctrl Pts',(3.8,-31.6065011518776,2.48274086832822));
#3923=CARTESIAN_POINT('Ctrl Pts',(-1.,-32.4869943129665,2.1830512920282));
#3924=CARTESIAN_POINT('Ctrl Pts',(3.8,-32.4869943129665,2.1830512920282));
#3925=CARTESIAN_POINT('Ctrl Pts',(-1.,-33.1725188251606,1.8942859696024));
#3926=CARTESIAN_POINT('Ctrl Pts',(3.8,-33.1725188251606,1.8942859696024));
#3927=CARTESIAN_POINT('Ctrl Pts',(-1.,-33.6721751755358,1.6457516714005));
#3928=CARTESIAN_POINT('Ctrl Pts',(3.8,-33.6721751755358,1.6457516714005));
#3929=CARTESIAN_POINT('Ctrl Pts',(-1.,-34.1486781649905,1.35416788578589));
#3930=CARTESIAN_POINT('Ctrl Pts',(3.8,-34.1486781649905,1.35416788578589));
#3931=CARTESIAN_POINT('Ctrl Pts',(-1.,-34.5835803223464,1.00214815299177));
#3932=CARTESIAN_POINT('Ctrl Pts',(3.8,-34.5835803223464,1.00214815299177));
#3933=CARTESIAN_POINT('Ctrl Pts',(-1.,-34.8759479066646,0.632862454246766));
#3934=CARTESIAN_POINT('Ctrl Pts',(3.8,-34.8759479066646,0.632862454246766));
#3935=CARTESIAN_POINT('Ctrl Pts',(-1.,-35.013035994948,0.283497091064587));
#3936=CARTESIAN_POINT('Ctrl Pts',(3.8,-35.013035994948,0.283497091064587));
#3937=CARTESIAN_POINT('Ctrl Pts',(-1.,-35.0490783220638,0.00386934032801602));
#3938=CARTESIAN_POINT('Ctrl Pts',(3.8,-35.0490783220638,0.00386934032801602));
#3939=CARTESIAN_POINT('Ctrl Pts',(-1.,-35.0130359949565,-0.275758410444597));
#3940=CARTESIAN_POINT('Ctrl Pts',(3.8,-35.0130359949565,-0.275758410444597));
#3941=CARTESIAN_POINT('Ctrl Pts',(-1.,-34.8759479066167,-0.625123773482612));
#3942=CARTESIAN_POINT('Ctrl Pts',(3.8,-34.8759479066167,-0.625123773482612));
#3943=CARTESIAN_POINT('Ctrl Pts',(-1.,-34.5835803227346,-0.994409473308977));
#3944=CARTESIAN_POINT('Ctrl Pts',(3.8,-34.5835803227346,-0.994409473308977));
#3945=CARTESIAN_POINT('Ctrl Pts',(-1.,-34.148678163573,-1.34642920163344));
#3946=CARTESIAN_POINT('Ctrl Pts',(3.8,-34.148678163573,-1.34642920163344));
#3947=CARTESIAN_POINT('Ctrl Pts',(-1.,-33.6721751808179,-1.63801300382909));
#3948=CARTESIAN_POINT('Ctrl Pts',(3.8,-33.6721751808179,-1.63801300382909));
#3949=CARTESIAN_POINT('Ctrl Pts',(-1.,-33.1725188054497,-1.88654724017647));
#3950=CARTESIAN_POINT('Ctrl Pts',(3.8,-33.1725188054497,-1.88654724017647));
#3951=CARTESIAN_POINT('Ctrl Pts',(-1.,-32.4869944176185,-2.17531287038508));
#3952=CARTESIAN_POINT('Ctrl Pts',(3.8,-32.4869944176185,-2.17531287038508));
#3953=CARTESIAN_POINT('Ctrl Pts',(-1.,-31.6065003085643,-2.47500010058599));
#3954=CARTESIAN_POINT('Ctrl Pts',(3.8,-31.6065003085643,-2.47500010058599));
#3955=CARTESIAN_POINT('Ctrl Pts',(-1.,-30.530607855454,-2.76981286875108));
#3956=CARTESIAN_POINT('Ctrl Pts',(3.8,-30.530607855454,-2.76981286875108));
#3957=CARTESIAN_POINT('Ctrl Pts',(-1.,-29.4427841192324,-3.01647091325338));
#3958=CARTESIAN_POINT('Ctrl Pts',(3.8,-29.4427841192324,-3.01647091325338));
#3959=CARTESIAN_POINT('Ctrl Pts',(-1.,-28.3473772893148,-3.22601236223712));
#3960=CARTESIAN_POINT('Ctrl Pts',(3.8,-28.3473772893148,-3.22601236223712));
#3961=CARTESIAN_POINT('Ctrl Pts',(-1.,-26.8794336213348,-3.46406269851517));
#3962=CARTESIAN_POINT('Ctrl Pts',(3.8,-26.8794336213348,-3.46406269851517));
#3963=CARTESIAN_POINT('Ctrl Pts',(-1.,-25.0352174210516,-3.69805502555781));
#3964=CARTESIAN_POINT('Ctrl Pts',(3.8,-25.0352174210516,-3.69805502555781));
#3965=CARTESIAN_POINT('Ctrl Pts',(-1.,-22.8139806015819,-3.90249591113617));
#3966=CARTESIAN_POINT('Ctrl Pts',(3.8,-22.8139806015819,-3.90249591113617));
#3967=CARTESIAN_POINT('Ctrl Pts',(-1.,-20.5881375627801,-4.04598956412722));
#3968=CARTESIAN_POINT('Ctrl Pts',(3.8,-20.5881375627801,-4.04598956412722));
#3969=CARTESIAN_POINT('Ctrl Pts',(-1.,-18.3595047815362,-4.13841784673845));
#3970=CARTESIAN_POINT('Ctrl Pts',(3.8,-18.3595047815362,-4.13841784673845));
#3971=CARTESIAN_POINT('Ctrl Pts',(-1.,-16.1296745593701,-4.18888347150305));
#3972=CARTESIAN_POINT('Ctrl Pts',(3.8,-16.1296745593701,-4.18888347150305));
#3973=CARTESIAN_POINT('Ctrl Pts',(-1.,-13.1558351285057,-4.20718216930068));
#3974=CARTESIAN_POINT('Ctrl Pts',(3.8,-13.1558351285057,-4.20718216930068));
#3975=CARTESIAN_POINT('Ctrl Pts',(-1.,-9.43876197304748,-4.15105361221425));
#3976=CARTESIAN_POINT('Ctrl Pts',(3.8,-9.43876197304748,-4.15105361221425));
#3977=CARTESIAN_POINT('Ctrl Pts',(-1.,-4.98087053636191,-3.98557102213438));
#3978=CARTESIAN_POINT('Ctrl Pts',(3.8,-4.98087053636191,-3.98557102213438));
#3979=CARTESIAN_POINT('Ctrl Pts',(-1.,-0.526696999564213,-3.74305138385577));
#3980=CARTESIAN_POINT('Ctrl Pts',(3.8,-0.526696999564213,-3.74305138385577));
#3981=CARTESIAN_POINT('Ctrl Pts',(-1.,3.92360781105076,-3.43743897397122));
#3982=CARTESIAN_POINT('Ctrl Pts',(3.8,3.92360781105076,-3.43743897397122));
#3983=CARTESIAN_POINT('Ctrl Pts',(-1.,8.36999327774322,-3.08002075562269));
#3984=CARTESIAN_POINT('Ctrl Pts',(3.8,8.36999327774322,-3.08002075562269));
#3985=CARTESIAN_POINT('Ctrl Pts',(-1.,12.8125664629163,-2.6780455406531));
#3986=CARTESIAN_POINT('Ctrl Pts',(3.8,12.8125664629163,-2.6780455406531));
#3987=CARTESIAN_POINT('Ctrl Pts',(-1.,18.7309752683195,-2.08931128303993));
#3988=CARTESIAN_POINT('Ctrl Pts',(3.8,18.7309752683195,-2.08931128303993));
#3989=CARTESIAN_POINT('Ctrl Pts',(-1.,26.1193830933549,-1.2609900245685));
#3990=CARTESIAN_POINT('Ctrl Pts',(3.8,26.1193830933549,-1.2609900245685));
#3991=CARTESIAN_POINT('Ctrl Pts',(-1.,32.0180646600673,-0.497970620298721));
#3992=CARTESIAN_POINT('Ctrl Pts',(3.8,32.0180646600673,-0.497970620298721));
#3993=CARTESIAN_POINT('Ctrl Pts',(-1.,34.9629357869734,-0.0843306596780069));
#3994=CARTESIAN_POINT('Ctrl Pts',(3.8,34.9629357869734,-0.0843306596780069));
#3995=CARTESIAN_POINT('',(-1.,34.9629357869734,-0.0843306596780069));
#3996=CARTESIAN_POINT('',(3.,34.9629357869734,-0.0843306596780069));
#3997=CARTESIAN_POINT('',(-1.,34.9629357869734,-0.0843306596780069));
#3998=CARTESIAN_POINT('',(3.,34.9629357869734,0.0920693403219931));
#3999=CARTESIAN_POINT('Ctrl Pts',(3.,34.9629357869734,0.0920693403219931));
#4000=CARTESIAN_POINT('Ctrl Pts',(3.,32.018064660065,0.505709300942899));
#4001=CARTESIAN_POINT('Ctrl Pts',(3.,26.1194482087933,1.26910824731377));
#4002=CARTESIAN_POINT('Ctrl Pts',(3.,18.7309669615001,2.09697997575572));
#4003=CARTESIAN_POINT('Ctrl Pts',(3.,12.812574055436,2.68592183309995));
#4004=CARTESIAN_POINT('Ctrl Pts',(3.,8.36999524905401,3.08785677072706));
#4005=CARTESIAN_POINT('Ctrl Pts',(3.,3.92359906578657,3.4451251227191));
#4006=CARTESIAN_POINT('Ctrl Pts',(3.,-0.526686450759213,3.75078730235609));
#4007=CARTESIAN_POINT('Ctrl Pts',(3.,-4.98089224935204,3.99348963525551));
#4008=CARTESIAN_POINT('Ctrl Pts',(3.,-9.4387262244192,4.15867492203629));
#4009=CARTESIAN_POINT('Ctrl Pts',(3.,-13.155824670649,4.21486884210763));
#4010=CARTESIAN_POINT('Ctrl Pts',(3.,-16.1296953174393,4.19672279343607));
#4011=CARTESIAN_POINT('Ctrl Pts',(3.,-18.3595168557793,4.1462289355656));
#4012=CARTESIAN_POINT('Ctrl Pts',(3.,-20.5880559861199,4.05341757950872));
#4013=CARTESIAN_POINT('Ctrl Pts',(3.,-22.8140030862095,3.91031098706807));
#4014=CARTESIAN_POINT('Ctrl Pts',(3.,-25.0352129398373,3.70582184380044));
#4015=CARTESIAN_POINT('Ctrl Pts',(3.,-26.8795144787894,3.47189358433484));
#4016=CARTESIAN_POINT('Ctrl Pts',(3.,-28.3472765965364,3.23349639867194));
#4017=CARTESIAN_POINT('Ctrl Pts',(3.,-29.4427955919519,3.02423798748803));
#4018=CARTESIAN_POINT('Ctrl Pts',(3.,-30.5306047764457,2.77754392922285));
#4019=CARTESIAN_POINT('Ctrl Pts',(3.,-31.6065011518776,2.48274086832822));
#4020=CARTESIAN_POINT('Ctrl Pts',(3.,-32.4869943129665,2.1830512920282));
#4021=CARTESIAN_POINT('Ctrl Pts',(3.,-33.1725188251606,1.8942859696024));
#4022=CARTESIAN_POINT('Ctrl Pts',(3.,-33.6721751755358,1.6457516714005));
#4023=CARTESIAN_POINT('Ctrl Pts',(3.,-34.1486781649905,1.35416788578589));
#4024=CARTESIAN_POINT('Ctrl Pts',(3.,-34.5835803223464,1.00214815299177));
#4025=CARTESIAN_POINT('Ctrl Pts',(3.,-34.8759479066646,0.632862454246766));
#4026=CARTESIAN_POINT('Ctrl Pts',(3.,-35.013035994948,0.283497091064587));
#4027=CARTESIAN_POINT('Ctrl Pts',(3.,-35.0490783220638,0.00386934032801602));
#4028=CARTESIAN_POINT('Ctrl Pts',(3.,-35.0130359949565,-0.275758410444597));
#4029=CARTESIAN_POINT('Ctrl Pts',(3.,-34.8759479066167,-0.625123773482612));
#4030=CARTESIAN_POINT('Ctrl Pts',(3.,-34.5835803227346,-0.994409473308977));
#4031=CARTESIAN_POINT('Ctrl Pts',(3.,-34.148678163573,-1.34642920163344));
#4032=CARTESIAN_POINT('Ctrl Pts',(3.,-33.6721751808179,-1.63801300382909));
#4033=CARTESIAN_POINT('Ctrl Pts',(3.,-33.1725188054497,-1.88654724017647));
#4034=CARTESIAN_POINT('Ctrl Pts',(3.,-32.4869944176185,-2.17531287038508));
#4035=CARTESIAN_POINT('Ctrl Pts',(3.,-31.6065003085643,-2.47500010058599));
#4036=CARTESIAN_POINT('Ctrl Pts',(3.,-30.530607855454,-2.76981286875108));
#4037=CARTESIAN_POINT('Ctrl Pts',(3.,-29.4427841192324,-3.01647091325338));
#4038=CARTESIAN_POINT('Ctrl Pts',(3.,-28.3473772893148,-3.22601236223712));
#4039=CARTESIAN_POINT('Ctrl Pts',(3.,-26.8794336213348,-3.46406269851517));
#4040=CARTESIAN_POINT('Ctrl Pts',(3.,-25.0352174210516,-3.69805502555781));
#4041=CARTESIAN_POINT('Ctrl Pts',(3.,-22.8139806015819,-3.90249591113617));
#4042=CARTESIAN_POINT('Ctrl Pts',(3.,-20.5881375627801,-4.04598956412722));
#4043=CARTESIAN_POINT('Ctrl Pts',(3.,-18.3595047815362,-4.13841784673845));
#4044=CARTESIAN_POINT('Ctrl Pts',(3.,-16.1296745593701,-4.18888347150305));
#4045=CARTESIAN_POINT('Ctrl Pts',(3.,-13.1558351285057,-4.20718216930068));
#4046=CARTESIAN_POINT('Ctrl Pts',(3.,-9.43876197304748,-4.15105361221425));
#4047=CARTESIAN_POINT('Ctrl Pts',(3.,-4.98087053636191,-3.98557102213438));
#4048=CARTESIAN_POINT('Ctrl Pts',(3.,-0.526696999564213,-3.74305138385577));
#4049=CARTESIAN_POINT('Ctrl Pts',(3.,3.92360781105076,-3.43743897397122));
#4050=CARTESIAN_POINT('Ctrl Pts',(3.,8.36999327774322,-3.08002075562269));
#4051=CARTESIAN_POINT('Ctrl Pts',(3.,12.8125664629163,-2.6780455406531));
#4052=CARTESIAN_POINT('Ctrl Pts',(3.,18.7309752683195,-2.08931128303993));
#4053=CARTESIAN_POINT('Ctrl Pts',(3.,26.1193830933549,-1.2609900245685));
#4054=CARTESIAN_POINT('Ctrl Pts',(3.,32.0180646600673,-0.497970620298721));
#4055=CARTESIAN_POINT('Ctrl Pts',(3.,34.9629357869734,-0.0843306596780069));
#4056=CARTESIAN_POINT('',(-1.,34.9629357869734,0.0920693403219931));
#4057=CARTESIAN_POINT('',(-1.,34.9629357869734,0.0920693403219931));
#4058=CARTESIAN_POINT('Ctrl Pts',(-1.,34.9629357869734,0.0920693403219931));
#4059=CARTESIAN_POINT('Ctrl Pts',(-1.,32.018064660065,0.505709300942899));
#4060=CARTESIAN_POINT('Ctrl Pts',(-1.,28.7493956374825,0.92874044875326));
#4061=CARTESIAN_POINT('Ctrl Pts',(-1.,25.4769899832571,1.32072603990573));
#4062=CARTESIAN_POINT('Ctrl Pts',(-1.,25.1572290766511,1.35872913606844));
#4063=CARTESIAN_POINT('Ctrl Pts',(-1.,-33.1287099897715,-1.90008114914358));
#4064=CARTESIAN_POINT('Ctrl Pts',(-1.,-33.279886741337,-1.83166441195097));
#4065=CARTESIAN_POINT('Ctrl Pts',(-1.,-33.5839058236589,-1.68384493983347));
#4066=CARTESIAN_POINT('Ctrl Pts',(-1.,-34.0072820970761,-1.43748170096515));
#4067=CARTESIAN_POINT('Ctrl Pts',(-1.,-34.3766783153151,-1.16852516117597));
#4068=CARTESIAN_POINT('Ctrl Pts',(-1.,-34.6674551366369,-0.890455223406717));
#4069=CARTESIAN_POINT('Ctrl Pts',(-1.,-34.8789113446484,-0.602484161651113));
#4070=CARTESIAN_POINT('Ctrl Pts',(-1.,-35.0081960038193,-0.30320440732113));
#4071=CARTESIAN_POINT('Ctrl Pts',(-1.,-35.0511357869734,0.00386934032199228));
#4072=CARTESIAN_POINT('Ctrl Pts',(-1.,-35.0081960038193,0.310943087965122));
#4073=CARTESIAN_POINT('Ctrl Pts',(-1.,-34.8789113446485,0.610222842295089));
#4074=CARTESIAN_POINT('Ctrl Pts',(-1.,-34.6674551366369,0.898193904050717));
#4075=CARTESIAN_POINT('Ctrl Pts',(-1.,-34.3766783153151,1.17626384181994));
#4076=CARTESIAN_POINT('Ctrl Pts',(-1.,-34.0072820970761,1.44522038160915));
#4077=CARTESIAN_POINT('Ctrl Pts',(-1.,-33.5839058236581,1.69158362047795));
#4078=CARTESIAN_POINT('Ctrl Pts',(-1.,-33.2798867413353,1.83940309259582));
#4079=CARTESIAN_POINT('Ctrl Pts',(-1.,-33.1287099897688,1.90781982978879));
#4080=CARTESIAN_POINT('Ctrl Pts',(-1.,25.157202872678,-1.35079922752807));
#4081=CARTESIAN_POINT('Ctrl Pts',(-1.,25.4769608135738,-1.31279310230365));
#4082=CARTESIAN_POINT('Ctrl Pts',(-1.,28.7493620338446,-0.920791127286275));
#4083=CARTESIAN_POINT('Ctrl Pts',(-1.,32.0180646600673,-0.497970620298721));
#4084=CARTESIAN_POINT('Ctrl Pts',(-1.,34.9629357869734,-0.0843306596780069));
#4085=CARTESIAN_POINT('Origin',(-1.,34.9629357869734,0.00386934032199311));
#4086=CARTESIAN_POINT('Origin',(3.,34.9629357869734,0.00386934032199311));
#4087=CARTESIAN_POINT('',(-22.,34.9629357869734,-0.0843306596780069));
#4088=CARTESIAN_POINT('',(-22.,34.9629357869734,-0.0843306596780069));
#4089=CARTESIAN_POINT('',(-26.,34.9629357869734,-0.0843306596780069));
#4090=CARTESIAN_POINT('',(-26.,34.9629357869734,-0.0843306596780069));
#4091=CARTESIAN_POINT('',(-47.,34.9629357869734,-0.0843306596780069));
#4092=CARTESIAN_POINT('',(-47.,34.9629357869734,-0.0843306596780069));
#4093=CARTESIAN_POINT('',(-51.,34.9629357869734,-0.0843306596780069));
#4094=CARTESIAN_POINT('',(-51.,34.9629357869734,-0.0843306596780069));
#4095=CARTESIAN_POINT('',(-71.,34.9629357869734,-0.0843306596780069));
#4096=CARTESIAN_POINT('',(-71.,34.9629357869734,-0.0843306596780069));
#4097=CARTESIAN_POINT('',(-75.,34.9629357869734,-0.0843306596780069));
#4098=CARTESIAN_POINT('',(-75.,34.9629357869734,-0.0843306596780069));
#4099=CARTESIAN_POINT('',(-97.,34.9629357869734,-0.0843306596780069));
#4100=CARTESIAN_POINT('',(-75.,34.9629357869734,0.0920693403219931));
#4101=CARTESIAN_POINT('',(-97.,34.9629357869734,0.0920693403219931));
#4102=CARTESIAN_POINT('',(-71.,34.9629357869734,0.0920693403219931));
#4103=CARTESIAN_POINT('',(-75.,34.9629357869734,0.0920693403219931));
#4104=CARTESIAN_POINT('',(-51.,34.9629357869734,0.0920693403219931));
#4105=CARTESIAN_POINT('',(-71.,34.9629357869734,0.0920693403219931));
#4106=CARTESIAN_POINT('',(-47.,34.9629357869734,0.0920693403219931));
#4107=CARTESIAN_POINT('',(-51.,34.9629357869734,0.0920693403219931));
#4108=CARTESIAN_POINT('',(-26.,34.9629357869734,0.0920693403219931));
#4109=CARTESIAN_POINT('',(-47.,34.9629357869734,0.0920693403219931));
#4110=CARTESIAN_POINT('',(-22.,34.9629357869734,0.0920693403219931));
#4111=CARTESIAN_POINT('',(-26.,34.9629357869734,0.0920693403219931));
#4112=CARTESIAN_POINT('',(-22.,34.9629357869734,0.0920693403219931));
#4113=CARTESIAN_POINT('Origin',(-1.,-16.631784356308,0.00312284828911163));
#4114=CARTESIAN_POINT('',(3.,-16.631784356308,2.00312284828911));
#4115=CARTESIAN_POINT('',(-1.,-16.631784356308,2.00312284828911));
#4116=CARTESIAN_POINT('Origin',(3.,-16.631784356308,0.00312284828911163));
#4117=CARTESIAN_POINT('Origin',(3.,-35.0370642130266,0.00386934032200899));
#4118=CARTESIAN_POINT('',(3.00000000000001,-7.91867182920211,0.769094517692257));
#4119=CARTESIAN_POINT('Origin',(3.,-7.91867182920211,0.));
#4120=CARTESIAN_POINT('Ctrl Pts',(-26.,34.9629357869734,0.0920693403219931));
#4121=CARTESIAN_POINT('Ctrl Pts',(-21.2,34.9629357869734,0.0920693403219931));
#4122=CARTESIAN_POINT('Ctrl Pts',(-26.,32.018064660065,0.505709300942899));
#4123=CARTESIAN_POINT('Ctrl Pts',(-21.2,32.018064660065,0.505709300942899));
#4124=CARTESIAN_POINT('Ctrl Pts',(-26.,26.1194482087933,1.26910824731377));
#4125=CARTESIAN_POINT('Ctrl Pts',(-21.2,26.1194482087933,1.26910824731377));
#4126=CARTESIAN_POINT('Ctrl Pts',(-26.,18.7309669615001,2.09697997575572));
#4127=CARTESIAN_POINT('Ctrl Pts',(-21.2,18.7309669615001,2.09697997575572));
#4128=CARTESIAN_POINT('Ctrl Pts',(-26.,12.812574055436,2.68592183309995));
#4129=CARTESIAN_POINT('Ctrl Pts',(-21.2,12.812574055436,2.68592183309995));
#4130=CARTESIAN_POINT('Ctrl Pts',(-26.,8.36999524905401,3.08785677072706));
#4131=CARTESIAN_POINT('Ctrl Pts',(-21.2,8.36999524905401,3.08785677072706));
#4132=CARTESIAN_POINT('Ctrl Pts',(-26.,3.92359906578657,3.4451251227191));
#4133=CARTESIAN_POINT('Ctrl Pts',(-21.2,3.92359906578657,3.4451251227191));
#4134=CARTESIAN_POINT('Ctrl Pts',(-26.,-0.526686450759213,3.75078730235609));
#4135=CARTESIAN_POINT('Ctrl Pts',(-21.2,-0.526686450759213,3.75078730235609));
#4136=CARTESIAN_POINT('Ctrl Pts',(-26.,-4.98089224935204,3.99348963525551));
#4137=CARTESIAN_POINT('Ctrl Pts',(-21.2,-4.98089224935204,3.99348963525551));
#4138=CARTESIAN_POINT('Ctrl Pts',(-26.,-9.4387262244192,4.15867492203629));
#4139=CARTESIAN_POINT('Ctrl Pts',(-21.2,-9.4387262244192,4.15867492203629));
#4140=CARTESIAN_POINT('Ctrl Pts',(-26.,-13.155824670649,4.21486884210763));
#4141=CARTESIAN_POINT('Ctrl Pts',(-21.2,-13.155824670649,4.21486884210763));
#4142=CARTESIAN_POINT('Ctrl Pts',(-26.,-16.1296953174393,4.19672279343607));
#4143=CARTESIAN_POINT('Ctrl Pts',(-21.2,-16.1296953174393,4.19672279343607));
#4144=CARTESIAN_POINT('Ctrl Pts',(-26.,-18.3595168557793,4.1462289355656));
#4145=CARTESIAN_POINT('Ctrl Pts',(-21.2,-18.3595168557793,4.1462289355656));
#4146=CARTESIAN_POINT('Ctrl Pts',(-26.,-20.5880559861199,4.05341757950872));
#4147=CARTESIAN_POINT('Ctrl Pts',(-21.2,-20.5880559861199,4.05341757950872));
#4148=CARTESIAN_POINT('Ctrl Pts',(-26.,-22.8140030862095,3.91031098706807));
#4149=CARTESIAN_POINT('Ctrl Pts',(-21.2,-22.8140030862095,3.91031098706807));
#4150=CARTESIAN_POINT('Ctrl Pts',(-26.,-25.0352129398373,3.70582184380044));
#4151=CARTESIAN_POINT('Ctrl Pts',(-21.2,-25.0352129398373,3.70582184380044));
#4152=CARTESIAN_POINT('Ctrl Pts',(-26.,-26.8795144787894,3.47189358433484));
#4153=CARTESIAN_POINT('Ctrl Pts',(-21.2,-26.8795144787894,3.47189358433484));
#4154=CARTESIAN_POINT('Ctrl Pts',(-26.,-28.3472765965364,3.23349639867194));
#4155=CARTESIAN_POINT('Ctrl Pts',(-21.2,-28.3472765965364,3.23349639867194));
#4156=CARTESIAN_POINT('Ctrl Pts',(-26.,-29.4427955919519,3.02423798748803));
#4157=CARTESIAN_POINT('Ctrl Pts',(-21.2,-29.4427955919519,3.02423798748803));
#4158=CARTESIAN_POINT('Ctrl Pts',(-26.,-30.5306047764457,2.77754392922285));
#4159=CARTESIAN_POINT('Ctrl Pts',(-21.2,-30.5306047764457,2.77754392922285));
#4160=CARTESIAN_POINT('Ctrl Pts',(-26.,-31.6065011518776,2.48274086832822));
#4161=CARTESIAN_POINT('Ctrl Pts',(-21.2,-31.6065011518776,2.48274086832822));
#4162=CARTESIAN_POINT('Ctrl Pts',(-26.,-32.4869943129665,2.1830512920282));
#4163=CARTESIAN_POINT('Ctrl Pts',(-21.2,-32.4869943129665,2.1830512920282));
#4164=CARTESIAN_POINT('Ctrl Pts',(-26.,-33.1725188251606,1.8942859696024));
#4165=CARTESIAN_POINT('Ctrl Pts',(-21.2,-33.1725188251606,1.8942859696024));
#4166=CARTESIAN_POINT('Ctrl Pts',(-26.,-33.6721751755358,1.6457516714005));
#4167=CARTESIAN_POINT('Ctrl Pts',(-21.2,-33.6721751755358,1.6457516714005));
#4168=CARTESIAN_POINT('Ctrl Pts',(-26.,-34.1486781649905,1.35416788578589));
#4169=CARTESIAN_POINT('Ctrl Pts',(-21.2,-34.1486781649905,1.35416788578589));
#4170=CARTESIAN_POINT('Ctrl Pts',(-26.,-34.5835803223464,1.00214815299177));
#4171=CARTESIAN_POINT('Ctrl Pts',(-21.2,-34.5835803223464,1.00214815299177));
#4172=CARTESIAN_POINT('Ctrl Pts',(-26.,-34.8759479066646,0.632862454246766));
#4173=CARTESIAN_POINT('Ctrl Pts',(-21.2,-34.8759479066646,0.632862454246766));
#4174=CARTESIAN_POINT('Ctrl Pts',(-26.,-35.013035994948,0.283497091064587));
#4175=CARTESIAN_POINT('Ctrl Pts',(-21.2,-35.013035994948,0.283497091064587));
#4176=CARTESIAN_POINT('Ctrl Pts',(-26.,-35.0490783220638,0.00386934032801602));
#4177=CARTESIAN_POINT('Ctrl Pts',(-21.2,-35.0490783220638,0.00386934032801602));
#4178=CARTESIAN_POINT('Ctrl Pts',(-26.,-35.0130359949565,-0.275758410444597));
#4179=CARTESIAN_POINT('Ctrl Pts',(-21.2,-35.0130359949565,-0.275758410444597));
#4180=CARTESIAN_POINT('Ctrl Pts',(-26.,-34.8759479066167,-0.625123773482612));
#4181=CARTESIAN_POINT('Ctrl Pts',(-21.2,-34.8759479066167,-0.625123773482612));
#4182=CARTESIAN_POINT('Ctrl Pts',(-26.,-34.5835803227346,-0.994409473308977));
#4183=CARTESIAN_POINT('Ctrl Pts',(-21.2,-34.5835803227346,-0.994409473308977));
#4184=CARTESIAN_POINT('Ctrl Pts',(-26.,-34.148678163573,-1.34642920163344));
#4185=CARTESIAN_POINT('Ctrl Pts',(-21.2,-34.148678163573,-1.34642920163344));
#4186=CARTESIAN_POINT('Ctrl Pts',(-26.,-33.6721751808179,-1.63801300382909));
#4187=CARTESIAN_POINT('Ctrl Pts',(-21.2,-33.6721751808179,-1.63801300382909));
#4188=CARTESIAN_POINT('Ctrl Pts',(-26.,-33.1725188054497,-1.88654724017647));
#4189=CARTESIAN_POINT('Ctrl Pts',(-21.2,-33.1725188054497,-1.88654724017647));
#4190=CARTESIAN_POINT('Ctrl Pts',(-26.,-32.4869944176185,-2.17531287038508));
#4191=CARTESIAN_POINT('Ctrl Pts',(-21.2,-32.4869944176185,-2.17531287038508));
#4192=CARTESIAN_POINT('Ctrl Pts',(-26.,-31.6065003085643,-2.47500010058599));
#4193=CARTESIAN_POINT('Ctrl Pts',(-21.2,-31.6065003085643,-2.47500010058599));
#4194=CARTESIAN_POINT('Ctrl Pts',(-26.,-30.530607855454,-2.76981286875108));
#4195=CARTESIAN_POINT('Ctrl Pts',(-21.2,-30.530607855454,-2.76981286875108));
#4196=CARTESIAN_POINT('Ctrl Pts',(-26.,-29.4427841192324,-3.01647091325338));
#4197=CARTESIAN_POINT('Ctrl Pts',(-21.2,-29.4427841192324,-3.01647091325338));
#4198=CARTESIAN_POINT('Ctrl Pts',(-26.,-28.3473772893148,-3.22601236223712));
#4199=CARTESIAN_POINT('Ctrl Pts',(-21.2,-28.3473772893148,-3.22601236223712));
#4200=CARTESIAN_POINT('Ctrl Pts',(-26.,-26.8794336213348,-3.46406269851517));
#4201=CARTESIAN_POINT('Ctrl Pts',(-21.2,-26.8794336213348,-3.46406269851517));
#4202=CARTESIAN_POINT('Ctrl Pts',(-26.,-25.0352174210516,-3.69805502555781));
#4203=CARTESIAN_POINT('Ctrl Pts',(-21.2,-25.0352174210516,-3.69805502555781));
#4204=CARTESIAN_POINT('Ctrl Pts',(-26.,-22.8139806015819,-3.90249591113617));
#4205=CARTESIAN_POINT('Ctrl Pts',(-21.2,-22.8139806015819,-3.90249591113617));
#4206=CARTESIAN_POINT('Ctrl Pts',(-26.,-20.5881375627801,-4.04598956412722));
#4207=CARTESIAN_POINT('Ctrl Pts',(-21.2,-20.5881375627801,-4.04598956412722));
#4208=CARTESIAN_POINT('Ctrl Pts',(-26.,-18.3595047815362,-4.13841784673845));
#4209=CARTESIAN_POINT('Ctrl Pts',(-21.2,-18.3595047815362,-4.13841784673845));
#4210=CARTESIAN_POINT('Ctrl Pts',(-26.,-16.1296745593701,-4.18888347150305));
#4211=CARTESIAN_POINT('Ctrl Pts',(-21.2,-16.1296745593701,-4.18888347150305));
#4212=CARTESIAN_POINT('Ctrl Pts',(-26.,-13.1558351285057,-4.20718216930068));
#4213=CARTESIAN_POINT('Ctrl Pts',(-21.2,-13.1558351285057,-4.20718216930068));
#4214=CARTESIAN_POINT('Ctrl Pts',(-26.,-9.43876197304748,-4.15105361221425));
#4215=CARTESIAN_POINT('Ctrl Pts',(-21.2,-9.43876197304748,-4.15105361221425));
#4216=CARTESIAN_POINT('Ctrl Pts',(-26.,-4.98087053636191,-3.98557102213438));
#4217=CARTESIAN_POINT('Ctrl Pts',(-21.2,-4.98087053636191,-3.98557102213438));
#4218=CARTESIAN_POINT('Ctrl Pts',(-26.,-0.526696999564213,-3.74305138385577));
#4219=CARTESIAN_POINT('Ctrl Pts',(-21.2,-0.526696999564213,-3.74305138385577));
#4220=CARTESIAN_POINT('Ctrl Pts',(-26.,3.92360781105076,-3.43743897397122));
#4221=CARTESIAN_POINT('Ctrl Pts',(-21.2,3.92360781105076,-3.43743897397122));
#4222=CARTESIAN_POINT('Ctrl Pts',(-26.,8.36999327774322,-3.08002075562269));
#4223=CARTESIAN_POINT('Ctrl Pts',(-21.2,8.36999327774322,-3.08002075562269));
#4224=CARTESIAN_POINT('Ctrl Pts',(-26.,12.8125664629163,-2.6780455406531));
#4225=CARTESIAN_POINT('Ctrl Pts',(-21.2,12.8125664629163,-2.6780455406531));
#4226=CARTESIAN_POINT('Ctrl Pts',(-26.,18.7309752683195,-2.08931128303993));
#4227=CARTESIAN_POINT('Ctrl Pts',(-21.2,18.7309752683195,-2.08931128303993));
#4228=CARTESIAN_POINT('Ctrl Pts',(-26.,26.1193830933549,-1.2609900245685));
#4229=CARTESIAN_POINT('Ctrl Pts',(-21.2,26.1193830933549,-1.2609900245685));
#4230=CARTESIAN_POINT('Ctrl Pts',(-26.,32.0180646600673,-0.497970620298721));
#4231=CARTESIAN_POINT('Ctrl Pts',(-21.2,32.0180646600673,-0.497970620298721));
#4232=CARTESIAN_POINT('Ctrl Pts',(-26.,34.9629357869734,-0.0843306596780069));
#4233=CARTESIAN_POINT('Ctrl Pts',(-21.2,34.9629357869734,-0.0843306596780069));
#4234=CARTESIAN_POINT('Ctrl Pts',(-22.,25.1572028726779,-1.35079922752808));
#4235=CARTESIAN_POINT('Ctrl Pts',(-22.,25.4769608135738,-1.31279310230366));
#4236=CARTESIAN_POINT('Ctrl Pts',(-22.,28.7493620338446,-0.920791127286279));
#4237=CARTESIAN_POINT('Ctrl Pts',(-22.,32.0180646600673,-0.497970620298721));
#4238=CARTESIAN_POINT('Ctrl Pts',(-22.,34.9629357869734,-0.0843306596780069));
#4239=CARTESIAN_POINT('Ctrl Pts',(-22.,-33.1287099897688,1.90781982978879));
#4240=CARTESIAN_POINT('Ctrl Pts',(-22.,-33.2798867413353,1.83940309259582));
#4241=CARTESIAN_POINT('Ctrl Pts',(-22.,-33.5839058236581,1.69158362047795));
#4242=CARTESIAN_POINT('Ctrl Pts',(-22.,-34.0072820970761,1.44522038160915));
#4243=CARTESIAN_POINT('Ctrl Pts',(-22.,-34.3766783153151,1.17626384181994));
#4244=CARTESIAN_POINT('Ctrl Pts',(-22.,-34.6674551366369,0.898193904050717));
#4245=CARTESIAN_POINT('Ctrl Pts',(-22.,-34.8789113446485,0.610222842295089));
#4246=CARTESIAN_POINT('Ctrl Pts',(-22.,-35.0081960038193,0.310943087965122));
#4247=CARTESIAN_POINT('Ctrl Pts',(-22.,-35.0511357869734,0.00386934032199228));
#4248=CARTESIAN_POINT('Ctrl Pts',(-22.,-35.0081960038193,-0.30320440732113));
#4249=CARTESIAN_POINT('Ctrl Pts',(-22.,-34.8789113446484,-0.602484161651113));
#4250=CARTESIAN_POINT('Ctrl Pts',(-22.,-34.6674551366369,-0.890455223406717));
#4251=CARTESIAN_POINT('Ctrl Pts',(-22.,-34.3766783153151,-1.16852516117597));
#4252=CARTESIAN_POINT('Ctrl Pts',(-22.,-34.0072820970761,-1.43748170096515));
#4253=CARTESIAN_POINT('Ctrl Pts',(-22.,-33.5839058236589,-1.68384493983347));
#4254=CARTESIAN_POINT('Ctrl Pts',(-22.,-33.279886741337,-1.83166441195097));
#4255=CARTESIAN_POINT('Ctrl Pts',(-22.,-33.1287099897715,-1.90008114914358));
#4256=CARTESIAN_POINT('Ctrl Pts',(-22.,34.9629357869734,0.0920693403219931));
#4257=CARTESIAN_POINT('Ctrl Pts',(-22.,32.018064660065,0.505709300942899));
#4258=CARTESIAN_POINT('Ctrl Pts',(-22.,28.7493956374845,0.928740448753003));
#4259=CARTESIAN_POINT('Ctrl Pts',(-22.,25.4769899832611,1.32072603990525));
#4260=CARTESIAN_POINT('Ctrl Pts',(-22.,25.1572290766571,1.35872913606773));
#4261=CARTESIAN_POINT('Ctrl Pts',(-26.,34.9629357869734,0.0920693403219931));
#4262=CARTESIAN_POINT('Ctrl Pts',(-26.,32.018064660065,0.505709300942899));
#4263=CARTESIAN_POINT('Ctrl Pts',(-26.,28.7493956374825,0.92874044875326));
#4264=CARTESIAN_POINT('Ctrl Pts',(-26.,25.4769899832571,1.32072603990573));
#4265=CARTESIAN_POINT('Ctrl Pts',(-26.,25.1572290766511,1.35872913606844));
#4266=CARTESIAN_POINT('Ctrl Pts',(-26.,-33.1287109867957,1.90782203245059));
#4267=CARTESIAN_POINT('Ctrl Pts',(-26.,-33.1425245233482,1.90156942790308));
#4268=CARTESIAN_POINT('Ctrl Pts',(-26.,-33.3254860162862,1.81819848774457));
#4269=CARTESIAN_POINT('Ctrl Pts',(-26.,-33.6721751755358,1.6457516714005));
#4270=CARTESIAN_POINT('Ctrl Pts',(-26.,-34.1486781649905,1.35416788578589));
#4271=CARTESIAN_POINT('Ctrl Pts',(-26.,-34.5835803223464,1.00214815299177));
#4272=CARTESIAN_POINT('Ctrl Pts',(-26.,-34.8759479066646,0.632862454246766));
#4273=CARTESIAN_POINT('Ctrl Pts',(-26.,-35.013035994948,0.283497091064587));
#4274=CARTESIAN_POINT('Ctrl Pts',(-26.,-35.0490783220638,0.00386934032801602));
#4275=CARTESIAN_POINT('Ctrl Pts',(-26.,-35.0130359949565,-0.275758410444597));
#4276=CARTESIAN_POINT('Ctrl Pts',(-26.,-34.8759479066167,-0.625123773482612));
#4277=CARTESIAN_POINT('Ctrl Pts',(-26.,-34.5835803227346,-0.994409473308977));
#4278=CARTESIAN_POINT('Ctrl Pts',(-26.,-34.148678163573,-1.34642920163344));
#4279=CARTESIAN_POINT('Ctrl Pts',(-26.,-33.6721751808179,-1.63801300382909));
#4280=CARTESIAN_POINT('Ctrl Pts',(-26.,-33.3254860043293,-1.81045977720412));
#4281=CARTESIAN_POINT('Ctrl Pts',(-26.,-33.1425245255438,-1.8938307520832));
#4282=CARTESIAN_POINT('Ctrl Pts',(-26.,-33.1287109902356,-1.9000833594051));
#4283=CARTESIAN_POINT('Ctrl Pts',(-26.,25.1572028726779,-1.35079922752808));
#4284=CARTESIAN_POINT('Ctrl Pts',(-26.,25.4769608135738,-1.31279310230366));
#4285=CARTESIAN_POINT('Ctrl Pts',(-26.,28.7493620338446,-0.920791127286279));
#4286=CARTESIAN_POINT('Ctrl Pts',(-26.,32.0180646600673,-0.497970620298721));
#4287=CARTESIAN_POINT('Ctrl Pts',(-26.,34.9629357869734,-0.0843306596780069));
#4288=CARTESIAN_POINT('Origin',(-26.,-16.631784356308,0.00312284828911163));
#4289=CARTESIAN_POINT('',(-26.,-16.631784356308,2.00312284828911));
#4290=CARTESIAN_POINT('Ctrl Pts',(-51.,34.9629357869734,0.0920693403219931));
#4291=CARTESIAN_POINT('Ctrl Pts',(-46.1999999999999,34.9629357869734,0.0920693403219931));
#4292=CARTESIAN_POINT('Ctrl Pts',(-51.,32.018064660065,0.505709300942899));
#4293=CARTESIAN_POINT('Ctrl Pts',(-46.1999999999999,32.018064660065,0.505709300942899));
#4294=CARTESIAN_POINT('Ctrl Pts',(-51.,26.1194482087933,1.26910824731377));
#4295=CARTESIAN_POINT('Ctrl Pts',(-46.1999999999999,26.1194482087933,1.26910824731377));
#4296=CARTESIAN_POINT('Ctrl Pts',(-51.,18.7309669615001,2.09697997575572));
#4297=CARTESIAN_POINT('Ctrl Pts',(-46.1999999999999,18.7309669615001,2.09697997575572));
#4298=CARTESIAN_POINT('Ctrl Pts',(-51.,12.812574055436,2.68592183309995));
#4299=CARTESIAN_POINT('Ctrl Pts',(-46.1999999999999,12.812574055436,2.68592183309995));
#4300=CARTESIAN_POINT('Ctrl Pts',(-51.,8.36999524905401,3.08785677072706));
#4301=CARTESIAN_POINT('Ctrl Pts',(-46.1999999999999,8.36999524905401,3.08785677072706));
#4302=CARTESIAN_POINT('Ctrl Pts',(-51.,3.92359906578657,3.4451251227191));
#4303=CARTESIAN_POINT('Ctrl Pts',(-46.1999999999999,3.92359906578657,3.4451251227191));
#4304=CARTESIAN_POINT('Ctrl Pts',(-51.,-0.526686450759213,3.75078730235609));
#4305=CARTESIAN_POINT('Ctrl Pts',(-46.1999999999999,-0.526686450759213,
3.75078730235609));
#4306=CARTESIAN_POINT('Ctrl Pts',(-51.,-4.98089224935204,3.99348963525551));
#4307=CARTESIAN_POINT('Ctrl Pts',(-46.1999999999999,-4.98089224935204,3.99348963525551));
#4308=CARTESIAN_POINT('Ctrl Pts',(-51.,-9.4387262244192,4.15867492203629));
#4309=CARTESIAN_POINT('Ctrl Pts',(-46.1999999999999,-9.4387262244192,4.15867492203629));
#4310=CARTESIAN_POINT('Ctrl Pts',(-51.,-13.155824670649,4.21486884210763));
#4311=CARTESIAN_POINT('Ctrl Pts',(-46.1999999999999,-13.155824670649,4.21486884210763));
#4312=CARTESIAN_POINT('Ctrl Pts',(-51.,-16.1296953174393,4.19672279343607));
#4313=CARTESIAN_POINT('Ctrl Pts',(-46.1999999999999,-16.1296953174393,4.19672279343607));
#4314=CARTESIAN_POINT('Ctrl Pts',(-51.,-18.3595168557793,4.1462289355656));
#4315=CARTESIAN_POINT('Ctrl Pts',(-46.1999999999999,-18.3595168557793,4.1462289355656));
#4316=CARTESIAN_POINT('Ctrl Pts',(-51.,-20.5880559861199,4.05341757950872));
#4317=CARTESIAN_POINT('Ctrl Pts',(-46.1999999999999,-20.5880559861199,4.05341757950872));
#4318=CARTESIAN_POINT('Ctrl Pts',(-51.,-22.8140030862095,3.91031098706807));
#4319=CARTESIAN_POINT('Ctrl Pts',(-46.1999999999999,-22.8140030862095,3.91031098706807));
#4320=CARTESIAN_POINT('Ctrl Pts',(-51.,-25.0352129398373,3.70582184380044));
#4321=CARTESIAN_POINT('Ctrl Pts',(-46.1999999999999,-25.0352129398373,3.70582184380044));
#4322=CARTESIAN_POINT('Ctrl Pts',(-51.,-26.8795144787894,3.47189358433484));
#4323=CARTESIAN_POINT('Ctrl Pts',(-46.1999999999999,-26.8795144787894,3.47189358433484));
#4324=CARTESIAN_POINT('Ctrl Pts',(-51.,-28.3472765965364,3.23349639867194));
#4325=CARTESIAN_POINT('Ctrl Pts',(-46.1999999999999,-28.3472765965364,3.23349639867194));
#4326=CARTESIAN_POINT('Ctrl Pts',(-51.,-29.4427955919519,3.02423798748803));
#4327=CARTESIAN_POINT('Ctrl Pts',(-46.1999999999999,-29.4427955919519,3.02423798748803));
#4328=CARTESIAN_POINT('Ctrl Pts',(-51.,-30.5306047764457,2.77754392922285));
#4329=CARTESIAN_POINT('Ctrl Pts',(-46.1999999999999,-30.5306047764457,2.77754392922285));
#4330=CARTESIAN_POINT('Ctrl Pts',(-51.,-31.6065011518776,2.48274086832822));
#4331=CARTESIAN_POINT('Ctrl Pts',(-46.1999999999999,-31.6065011518776,2.48274086832822));
#4332=CARTESIAN_POINT('Ctrl Pts',(-51.,-32.4869943129665,2.1830512920282));
#4333=CARTESIAN_POINT('Ctrl Pts',(-46.1999999999999,-32.4869943129665,2.1830512920282));
#4334=CARTESIAN_POINT('Ctrl Pts',(-51.,-33.1725188251606,1.8942859696024));
#4335=CARTESIAN_POINT('Ctrl Pts',(-46.1999999999999,-33.1725188251606,1.8942859696024));
#4336=CARTESIAN_POINT('Ctrl Pts',(-51.,-33.6721751755358,1.6457516714005));
#4337=CARTESIAN_POINT('Ctrl Pts',(-46.1999999999999,-33.6721751755358,1.6457516714005));
#4338=CARTESIAN_POINT('Ctrl Pts',(-51.,-34.1486781649905,1.35416788578589));
#4339=CARTESIAN_POINT('Ctrl Pts',(-46.1999999999999,-34.1486781649905,1.35416788578589));
#4340=CARTESIAN_POINT('Ctrl Pts',(-51.,-34.5835803223464,1.00214815299177));
#4341=CARTESIAN_POINT('Ctrl Pts',(-46.1999999999999,-34.5835803223464,1.00214815299177));
#4342=CARTESIAN_POINT('Ctrl Pts',(-51.,-34.8759479066646,0.632862454246766));
#4343=CARTESIAN_POINT('Ctrl Pts',(-46.1999999999999,-34.8759479066646,0.632862454246766));
#4344=CARTESIAN_POINT('Ctrl Pts',(-51.,-35.013035994948,0.283497091064587));
#4345=CARTESIAN_POINT('Ctrl Pts',(-46.1999999999999,-35.013035994948,0.283497091064587));
#4346=CARTESIAN_POINT('Ctrl Pts',(-51.,-35.0490783220638,0.00386934032801602));
#4347=CARTESIAN_POINT('Ctrl Pts',(-46.1999999999999,-35.0490783220638,0.00386934032801602));
#4348=CARTESIAN_POINT('Ctrl Pts',(-51.,-35.0130359949565,-0.275758410444597));
#4349=CARTESIAN_POINT('Ctrl Pts',(-46.1999999999999,-35.0130359949565,-0.275758410444597));
#4350=CARTESIAN_POINT('Ctrl Pts',(-51.,-34.8759479066167,-0.625123773482612));
#4351=CARTESIAN_POINT('Ctrl Pts',(-46.1999999999999,-34.8759479066167,-0.625123773482612));
#4352=CARTESIAN_POINT('Ctrl Pts',(-51.,-34.5835803227346,-0.994409473308977));
#4353=CARTESIAN_POINT('Ctrl Pts',(-46.1999999999999,-34.5835803227346,-0.994409473308977));
#4354=CARTESIAN_POINT('Ctrl Pts',(-51.,-34.148678163573,-1.34642920163344));
#4355=CARTESIAN_POINT('Ctrl Pts',(-46.1999999999999,-34.148678163573,-1.34642920163344));
#4356=CARTESIAN_POINT('Ctrl Pts',(-51.,-33.6721751808179,-1.63801300382909));
#4357=CARTESIAN_POINT('Ctrl Pts',(-46.1999999999999,-33.6721751808179,-1.63801300382909));
#4358=CARTESIAN_POINT('Ctrl Pts',(-51.,-33.1725188054497,-1.88654724017647));
#4359=CARTESIAN_POINT('Ctrl Pts',(-46.1999999999999,-33.1725188054497,-1.88654724017647));
#4360=CARTESIAN_POINT('Ctrl Pts',(-51.,-32.4869944176185,-2.17531287038508));
#4361=CARTESIAN_POINT('Ctrl Pts',(-46.1999999999999,-32.4869944176185,-2.17531287038508));
#4362=CARTESIAN_POINT('Ctrl Pts',(-51.,-31.6065003085643,-2.47500010058599));
#4363=CARTESIAN_POINT('Ctrl Pts',(-46.1999999999999,-31.6065003085643,-2.47500010058599));
#4364=CARTESIAN_POINT('Ctrl Pts',(-51.,-30.530607855454,-2.76981286875108));
#4365=CARTESIAN_POINT('Ctrl Pts',(-46.1999999999999,-30.530607855454,-2.76981286875108));
#4366=CARTESIAN_POINT('Ctrl Pts',(-51.,-29.4427841192324,-3.01647091325338));
#4367=CARTESIAN_POINT('Ctrl Pts',(-46.1999999999999,-29.4427841192324,-3.01647091325338));
#4368=CARTESIAN_POINT('Ctrl Pts',(-51.,-28.3473772893148,-3.22601236223712));
#4369=CARTESIAN_POINT('Ctrl Pts',(-46.1999999999999,-28.3473772893148,-3.22601236223712));
#4370=CARTESIAN_POINT('Ctrl Pts',(-51.,-26.8794336213348,-3.46406269851517));
#4371=CARTESIAN_POINT('Ctrl Pts',(-46.1999999999999,-26.8794336213348,-3.46406269851517));
#4372=CARTESIAN_POINT('Ctrl Pts',(-51.,-25.0352174210516,-3.69805502555781));
#4373=CARTESIAN_POINT('Ctrl Pts',(-46.1999999999999,-25.0352174210516,-3.69805502555781));
#4374=CARTESIAN_POINT('Ctrl Pts',(-51.,-22.8139806015819,-3.90249591113617));
#4375=CARTESIAN_POINT('Ctrl Pts',(-46.1999999999999,-22.8139806015819,-3.90249591113617));
#4376=CARTESIAN_POINT('Ctrl Pts',(-51.,-20.5881375627801,-4.04598956412722));
#4377=CARTESIAN_POINT('Ctrl Pts',(-46.1999999999999,-20.5881375627801,-4.04598956412722));
#4378=CARTESIAN_POINT('Ctrl Pts',(-51.,-18.3595047815362,-4.13841784673845));
#4379=CARTESIAN_POINT('Ctrl Pts',(-46.1999999999999,-18.3595047815362,-4.13841784673845));
#4380=CARTESIAN_POINT('Ctrl Pts',(-51.,-16.1296745593701,-4.18888347150305));
#4381=CARTESIAN_POINT('Ctrl Pts',(-46.1999999999999,-16.1296745593701,-4.18888347150305));
#4382=CARTESIAN_POINT('Ctrl Pts',(-51.,-13.1558351285057,-4.20718216930068));
#4383=CARTESIAN_POINT('Ctrl Pts',(-46.1999999999999,-13.1558351285057,-4.20718216930068));
#4384=CARTESIAN_POINT('Ctrl Pts',(-51.,-9.43876197304748,-4.15105361221425));
#4385=CARTESIAN_POINT('Ctrl Pts',(-46.1999999999999,-9.43876197304748,-4.15105361221425));
#4386=CARTESIAN_POINT('Ctrl Pts',(-51.,-4.98087053636191,-3.98557102213438));
#4387=CARTESIAN_POINT('Ctrl Pts',(-46.1999999999999,-4.98087053636191,-3.98557102213438));
#4388=CARTESIAN_POINT('Ctrl Pts',(-51.,-0.526696999564213,-3.74305138385577));
#4389=CARTESIAN_POINT('Ctrl Pts',(-46.1999999999999,-0.526696999564213,
-3.74305138385577));
#4390=CARTESIAN_POINT('Ctrl Pts',(-51.,3.92360781105076,-3.43743897397122));
#4391=CARTESIAN_POINT('Ctrl Pts',(-46.1999999999999,3.92360781105076,-3.43743897397122));
#4392=CARTESIAN_POINT('Ctrl Pts',(-51.,8.36999327774322,-3.08002075562269));
#4393=CARTESIAN_POINT('Ctrl Pts',(-46.1999999999999,8.36999327774322,-3.08002075562269));
#4394=CARTESIAN_POINT('Ctrl Pts',(-51.,12.8125664629163,-2.6780455406531));
#4395=CARTESIAN_POINT('Ctrl Pts',(-46.1999999999999,12.8125664629163,-2.6780455406531));
#4396=CARTESIAN_POINT('Ctrl Pts',(-51.,18.7309752683195,-2.08931128303993));
#4397=CARTESIAN_POINT('Ctrl Pts',(-46.1999999999999,18.7309752683195,-2.08931128303993));
#4398=CARTESIAN_POINT('Ctrl Pts',(-51.,26.1193830933549,-1.2609900245685));
#4399=CARTESIAN_POINT('Ctrl Pts',(-46.1999999999999,26.1193830933549,-1.2609900245685));
#4400=CARTESIAN_POINT('Ctrl Pts',(-51.,32.0180646600673,-0.497970620298721));
#4401=CARTESIAN_POINT('Ctrl Pts',(-46.1999999999999,32.0180646600673,-0.497970620298721));
#4402=CARTESIAN_POINT('Ctrl Pts',(-51.,34.9629357869734,-0.0843306596780069));
#4403=CARTESIAN_POINT('Ctrl Pts',(-46.1999999999999,34.9629357869734,-0.0843306596780069));
#4404=CARTESIAN_POINT('Ctrl Pts',(-47.,25.1572028726779,-1.35079922752808));
#4405=CARTESIAN_POINT('Ctrl Pts',(-47.,25.4769608135738,-1.31279310230366));
#4406=CARTESIAN_POINT('Ctrl Pts',(-47.,28.7493620338446,-0.920791127286279));
#4407=CARTESIAN_POINT('Ctrl Pts',(-47.,32.0180646600673,-0.497970620298721));
#4408=CARTESIAN_POINT('Ctrl Pts',(-47.,34.9629357869734,-0.0843306596780069));
#4409=CARTESIAN_POINT('Ctrl Pts',(-47.,-33.1287109867901,1.90782203245316));
#4410=CARTESIAN_POINT('Ctrl Pts',(-47.,-33.1425245233444,1.9015694279048));
#4411=CARTESIAN_POINT('Ctrl Pts',(-47.,-33.3254860162843,1.81819848774549));
#4412=CARTESIAN_POINT('Ctrl Pts',(-47.,-33.6721751755358,1.6457516714005));
#4413=CARTESIAN_POINT('Ctrl Pts',(-47.,-34.1486781649905,1.35416788578589));
#4414=CARTESIAN_POINT('Ctrl Pts',(-47.,-34.5835803223464,1.00214815299177));
#4415=CARTESIAN_POINT('Ctrl Pts',(-47.,-34.8759479066646,0.632862454246766));
#4416=CARTESIAN_POINT('Ctrl Pts',(-47.,-35.013035994948,0.283497091064587));
#4417=CARTESIAN_POINT('Ctrl Pts',(-47.,-35.0490783220638,0.00386934032801602));
#4418=CARTESIAN_POINT('Ctrl Pts',(-47.,-35.0130359949565,-0.275758410444597));
#4419=CARTESIAN_POINT('Ctrl Pts',(-47.,-34.8759479066167,-0.625123773482612));
#4420=CARTESIAN_POINT('Ctrl Pts',(-47.,-34.5835803227346,-0.994409473308977));
#4421=CARTESIAN_POINT('Ctrl Pts',(-47.,-34.148678163573,-1.34642920163344));
#4422=CARTESIAN_POINT('Ctrl Pts',(-47.,-33.6721751808179,-1.63801300382909));
#4423=CARTESIAN_POINT('Ctrl Pts',(-47.,-33.3254860043283,-1.8104597772046));
#4424=CARTESIAN_POINT('Ctrl Pts',(-47.,-33.1425245255418,-1.89383075208409));
#4425=CARTESIAN_POINT('Ctrl Pts',(-47.,-33.1287109902327,-1.90008335940644));
#4426=CARTESIAN_POINT('Ctrl Pts',(-47.,34.9629357869734,0.0920693403219931));
#4427=CARTESIAN_POINT('Ctrl Pts',(-47.,32.018064660065,0.505709300942899));
#4428=CARTESIAN_POINT('Ctrl Pts',(-47.,28.7493956374845,0.928740448753003));
#4429=CARTESIAN_POINT('Ctrl Pts',(-47.,25.4769899832611,1.32072603990525));
#4430=CARTESIAN_POINT('Ctrl Pts',(-47.,25.1572290766571,1.35872913606773));
#4431=CARTESIAN_POINT('Ctrl Pts',(-51.,34.9629357869734,0.0920693403219931));
#4432=CARTESIAN_POINT('Ctrl Pts',(-51.,32.018064660065,0.505709300942899));
#4433=CARTESIAN_POINT('Ctrl Pts',(-51.,28.7493956374825,0.92874044875326));
#4434=CARTESIAN_POINT('Ctrl Pts',(-51.,25.4769899832571,1.32072603990573));
#4435=CARTESIAN_POINT('Ctrl Pts',(-51.,25.1572290766511,1.35872913606844));
#4436=CARTESIAN_POINT('Ctrl Pts',(-51.,-33.1287109867957,1.90782203245059));
#4437=CARTESIAN_POINT('Ctrl Pts',(-51.,-33.1425245233482,1.90156942790308));
#4438=CARTESIAN_POINT('Ctrl Pts',(-51.,-33.3254860162862,1.81819848774457));
#4439=CARTESIAN_POINT('Ctrl Pts',(-51.,-33.6721751755358,1.6457516714005));
#4440=CARTESIAN_POINT('Ctrl Pts',(-51.,-34.1486781649905,1.35416788578589));
#4441=CARTESIAN_POINT('Ctrl Pts',(-51.,-34.5835803223464,1.00214815299177));
#4442=CARTESIAN_POINT('Ctrl Pts',(-51.,-34.8759479066646,0.632862454246766));
#4443=CARTESIAN_POINT('Ctrl Pts',(-51.,-35.013035994948,0.283497091064587));
#4444=CARTESIAN_POINT('Ctrl Pts',(-51.,-35.0490783220638,0.00386934032801602));
#4445=CARTESIAN_POINT('Ctrl Pts',(-51.,-35.0130359949565,-0.275758410444597));
#4446=CARTESIAN_POINT('Ctrl Pts',(-51.,-34.8759479066167,-0.625123773482612));
#4447=CARTESIAN_POINT('Ctrl Pts',(-51.,-34.5835803227346,-0.994409473308977));
#4448=CARTESIAN_POINT('Ctrl Pts',(-51.,-34.148678163573,-1.34642920163344));
#4449=CARTESIAN_POINT('Ctrl Pts',(-51.,-33.6721751808179,-1.63801300382909));
#4450=CARTESIAN_POINT('Ctrl Pts',(-51.,-33.3254860043293,-1.81045977720412));
#4451=CARTESIAN_POINT('Ctrl Pts',(-51.,-33.1425245255438,-1.8938307520832));
#4452=CARTESIAN_POINT('Ctrl Pts',(-51.,-33.1287109902356,-1.9000833594051));
#4453=CARTESIAN_POINT('Ctrl Pts',(-51.,25.1572028726779,-1.35079922752808));
#4454=CARTESIAN_POINT('Ctrl Pts',(-51.,25.4769608135738,-1.31279310230366));
#4455=CARTESIAN_POINT('Ctrl Pts',(-51.,28.7493620338446,-0.920791127286279));
#4456=CARTESIAN_POINT('Ctrl Pts',(-51.,32.0180646600673,-0.497970620298721));
#4457=CARTESIAN_POINT('Ctrl Pts',(-51.,34.9629357869734,-0.0843306596780069));
#4458=CARTESIAN_POINT('Origin',(-51.,-16.631784356308,0.00312284828911163));
#4459=CARTESIAN_POINT('',(-51.,-16.631784356308,2.00312284828911));
#4460=CARTESIAN_POINT('Origin',(-101.562270683483,7.76783998483635,0.));
#4461=CARTESIAN_POINT('',(-101.562270683483,7.76783998483635,1.61300626894953));
#4462=CARTESIAN_POINT('Origin',(-101.562270683483,7.76783998483635,0.));
#4463=CARTESIAN_POINT('',(-101.562270683483,7.76783998483635,1.61300626894953));
#4464=CARTESIAN_POINT('Origin',(-101.,-7.91867182920211,0.));
#4465=CARTESIAN_POINT('',(-101.,-7.91867182920211,0.769094517692257));
#4466=CARTESIAN_POINT('Origin',(-101.,-7.91867182920211,0.));
#4467=CARTESIAN_POINT('',(-101.,-7.91867182920211,0.769094517692257));
#4468=CARTESIAN_POINT('Origin',(-101.,-7.91867182920211,0.));
#4469=CARTESIAN_POINT('',(-101.,-7.91867182920211,0.769094517692257));
#4470=CARTESIAN_POINT('Ctrl Pts',(-75.,34.9629357869734,0.0920693403219931));
#4471=CARTESIAN_POINT('Ctrl Pts',(-70.1999999999996,34.9629357869734,0.0920693403219931));
#4472=CARTESIAN_POINT('Ctrl Pts',(-75.,32.018064660065,0.505709300942897));
#4473=CARTESIAN_POINT('Ctrl Pts',(-70.1999999999996,32.018064660065,0.505709300942897));
#4474=CARTESIAN_POINT('Ctrl Pts',(-75.0000000000001,26.1194482087933,1.26910824731377));
#4475=CARTESIAN_POINT('Ctrl Pts',(-70.1999999999996,26.1194482087933,1.26910824731377));
#4476=CARTESIAN_POINT('Ctrl Pts',(-75.,18.7309669615001,2.09697997575572));
#4477=CARTESIAN_POINT('Ctrl Pts',(-70.1999999999996,18.7309669615001,2.09697997575572));
#4478=CARTESIAN_POINT('Ctrl Pts',(-75.,12.812574055436,2.68592183309995));
#4479=CARTESIAN_POINT('Ctrl Pts',(-70.1999999999996,12.812574055436,2.68592183309995));
#4480=CARTESIAN_POINT('Ctrl Pts',(-75.,8.36999524905402,3.08785677072706));
#4481=CARTESIAN_POINT('Ctrl Pts',(-70.1999999999996,8.36999524905402,3.08785677072706));
#4482=CARTESIAN_POINT('Ctrl Pts',(-75.0000000000001,3.92359906578659,3.4451251227191));
#4483=CARTESIAN_POINT('Ctrl Pts',(-70.1999999999996,3.92359906578659,3.4451251227191));
#4484=CARTESIAN_POINT('Ctrl Pts',(-75.0000000000001,-0.526686450759196,
3.75078730235609));
#4485=CARTESIAN_POINT('Ctrl Pts',(-70.1999999999996,-0.526686450759196,
3.75078730235609));
#4486=CARTESIAN_POINT('Ctrl Pts',(-75.,-4.98089224935203,3.9934896352555));
#4487=CARTESIAN_POINT('Ctrl Pts',(-70.1999999999996,-4.98089224935203,3.9934896352555));
#4488=CARTESIAN_POINT('Ctrl Pts',(-75.0000000000001,-9.43872622441918,4.15867492203629));
#4489=CARTESIAN_POINT('Ctrl Pts',(-70.1999999999996,-9.43872622441918,4.15867492203629));
#4490=CARTESIAN_POINT('Ctrl Pts',(-75.,-13.155824670649,4.21486884210763));
#4491=CARTESIAN_POINT('Ctrl Pts',(-70.1999999999996,-13.155824670649,4.21486884210763));
#4492=CARTESIAN_POINT('Ctrl Pts',(-75.0000000000001,-16.1296953174393,4.19672279343607));
#4493=CARTESIAN_POINT('Ctrl Pts',(-70.1999999999996,-16.1296953174393,4.19672279343607));
#4494=CARTESIAN_POINT('Ctrl Pts',(-75.,-18.3595168557793,4.14622893556561));
#4495=CARTESIAN_POINT('Ctrl Pts',(-70.1999999999996,-18.3595168557793,4.14622893556561));
#4496=CARTESIAN_POINT('Ctrl Pts',(-75.,-20.5880559861199,4.05341757950872));
#4497=CARTESIAN_POINT('Ctrl Pts',(-70.1999999999996,-20.5880559861199,4.05341757950872));
#4498=CARTESIAN_POINT('Ctrl Pts',(-75.0000000000001,-22.8140030862095,3.91031098706807));
#4499=CARTESIAN_POINT('Ctrl Pts',(-70.1999999999996,-22.8140030862095,3.91031098706807));
#4500=CARTESIAN_POINT('Ctrl Pts',(-75.,-25.0352129398372,3.70582184380044));
#4501=CARTESIAN_POINT('Ctrl Pts',(-70.1999999999996,-25.0352129398372,3.70582184380044));
#4502=CARTESIAN_POINT('Ctrl Pts',(-75.0000000000001,-26.8795144787894,3.47189358433485));
#4503=CARTESIAN_POINT('Ctrl Pts',(-70.1999999999996,-26.8795144787894,3.47189358433485));
#4504=CARTESIAN_POINT('Ctrl Pts',(-75.,-28.3472765965363,3.23349639867194));
#4505=CARTESIAN_POINT('Ctrl Pts',(-70.1999999999996,-28.3472765965363,3.23349639867194));
#4506=CARTESIAN_POINT('Ctrl Pts',(-75.0000000000001,-29.4427955919519,3.02423798748803));
#4507=CARTESIAN_POINT('Ctrl Pts',(-70.1999999999996,-29.4427955919519,3.02423798748803));
#4508=CARTESIAN_POINT('Ctrl Pts',(-75.,-30.5306047764457,2.77754392922285));
#4509=CARTESIAN_POINT('Ctrl Pts',(-70.1999999999996,-30.5306047764457,2.77754392922285));
#4510=CARTESIAN_POINT('Ctrl Pts',(-75.0000000000001,-31.6065011518775,2.48274086832823));
#4511=CARTESIAN_POINT('Ctrl Pts',(-70.1999999999996,-31.6065011518775,2.48274086832823));
#4512=CARTESIAN_POINT('Ctrl Pts',(-75.,-32.4869943129665,2.1830512920282));
#4513=CARTESIAN_POINT('Ctrl Pts',(-70.1999999999996,-32.4869943129665,2.1830512920282));
#4514=CARTESIAN_POINT('Ctrl Pts',(-75.0000000000001,-33.1725188251606,1.89428596960241));
#4515=CARTESIAN_POINT('Ctrl Pts',(-70.1999999999996,-33.1725188251606,1.89428596960241));
#4516=CARTESIAN_POINT('Ctrl Pts',(-75.,-33.6721751755358,1.6457516714005));
#4517=CARTESIAN_POINT('Ctrl Pts',(-70.1999999999996,-33.6721751755358,1.6457516714005));
#4518=CARTESIAN_POINT('Ctrl Pts',(-75.0000000000001,-34.1486781649905,1.3541678857859));
#4519=CARTESIAN_POINT('Ctrl Pts',(-70.1999999999996,-34.1486781649905,1.3541678857859));
#4520=CARTESIAN_POINT('Ctrl Pts',(-75.0000000000001,-34.5835803223464,1.00214815299178));
#4521=CARTESIAN_POINT('Ctrl Pts',(-70.1999999999996,-34.5835803223464,1.00214815299178));
#4522=CARTESIAN_POINT('Ctrl Pts',(-75.,-34.8759479066645,0.632862454246782));
#4523=CARTESIAN_POINT('Ctrl Pts',(-70.1999999999996,-34.8759479066645,0.632862454246782));
#4524=CARTESIAN_POINT('Ctrl Pts',(-75.0000000000001,-35.013035994948,0.283497091064597));
#4525=CARTESIAN_POINT('Ctrl Pts',(-70.1999999999996,-35.013035994948,0.283497091064597));
#4526=CARTESIAN_POINT('Ctrl Pts',(-75.,-35.0490783220638,0.00386934032803775));
#4527=CARTESIAN_POINT('Ctrl Pts',(-70.1999999999996,-35.0490783220638,0.00386934032803775));
#4528=CARTESIAN_POINT('Ctrl Pts',(-75.,-35.0130359949565,-0.275758410444599));
#4529=CARTESIAN_POINT('Ctrl Pts',(-70.1999999999996,-35.0130359949565,-0.275758410444599));
#4530=CARTESIAN_POINT('Ctrl Pts',(-75.0000000000001,-34.8759479066167,-0.62512377348261));
#4531=CARTESIAN_POINT('Ctrl Pts',(-70.1999999999996,-34.8759479066167,-0.62512377348261));
#4532=CARTESIAN_POINT('Ctrl Pts',(-75.,-34.5835803227346,-0.994409473308978));
#4533=CARTESIAN_POINT('Ctrl Pts',(-70.1999999999996,-34.5835803227346,-0.994409473308978));
#4534=CARTESIAN_POINT('Ctrl Pts',(-75.0000000000001,-34.148678163573,-1.34642920163344));
#4535=CARTESIAN_POINT('Ctrl Pts',(-70.1999999999996,-34.148678163573,-1.34642920163344));
#4536=CARTESIAN_POINT('Ctrl Pts',(-75.,-33.6721751808179,-1.63801300382909));
#4537=CARTESIAN_POINT('Ctrl Pts',(-70.1999999999996,-33.6721751808179,-1.63801300382909));
#4538=CARTESIAN_POINT('Ctrl Pts',(-75.,-33.1725188054497,-1.88654724017647));
#4539=CARTESIAN_POINT('Ctrl Pts',(-70.1999999999996,-33.1725188054497,-1.88654724017647));
#4540=CARTESIAN_POINT('Ctrl Pts',(-75.,-32.4869944176184,-2.17531287038508));
#4541=CARTESIAN_POINT('Ctrl Pts',(-70.1999999999996,-32.4869944176184,-2.17531287038508));
#4542=CARTESIAN_POINT('Ctrl Pts',(-75.0000000000001,-31.6065003085643,-2.47500010058599));
#4543=CARTESIAN_POINT('Ctrl Pts',(-70.1999999999996,-31.6065003085643,-2.47500010058599));
#4544=CARTESIAN_POINT('Ctrl Pts',(-75.0000000000001,-30.530607855454,-2.76981286875108));
#4545=CARTESIAN_POINT('Ctrl Pts',(-70.1999999999996,-30.530607855454,-2.76981286875108));
#4546=CARTESIAN_POINT('Ctrl Pts',(-75.,-29.4427841192324,-3.01647091325338));
#4547=CARTESIAN_POINT('Ctrl Pts',(-70.1999999999996,-29.4427841192324,-3.01647091325338));
#4548=CARTESIAN_POINT('Ctrl Pts',(-75.0000000000001,-28.3473772893148,-3.22601236223712));
#4549=CARTESIAN_POINT('Ctrl Pts',(-70.1999999999996,-28.3473772893148,-3.22601236223712));
#4550=CARTESIAN_POINT('Ctrl Pts',(-75.,-26.8794336213348,-3.46406269851517));
#4551=CARTESIAN_POINT('Ctrl Pts',(-70.1999999999996,-26.8794336213348,-3.46406269851517));
#4552=CARTESIAN_POINT('Ctrl Pts',(-75.0000000000001,-25.0352174210516,-3.69805502555781));
#4553=CARTESIAN_POINT('Ctrl Pts',(-70.1999999999996,-25.0352174210516,-3.69805502555781));
#4554=CARTESIAN_POINT('Ctrl Pts',(-75.,-22.8139806015819,-3.90249591113617));
#4555=CARTESIAN_POINT('Ctrl Pts',(-70.1999999999996,-22.8139806015819,-3.90249591113617));
#4556=CARTESIAN_POINT('Ctrl Pts',(-75.0000000000001,-20.5881375627801,-4.04598956412722));
#4557=CARTESIAN_POINT('Ctrl Pts',(-70.1999999999996,-20.5881375627801,-4.04598956412722));
#4558=CARTESIAN_POINT('Ctrl Pts',(-75.,-18.3595047815362,-4.13841784673845));
#4559=CARTESIAN_POINT('Ctrl Pts',(-70.1999999999996,-18.3595047815362,-4.13841784673845));
#4560=CARTESIAN_POINT('Ctrl Pts',(-75.0000000000001,-16.1296745593701,-4.18888347150305));
#4561=CARTESIAN_POINT('Ctrl Pts',(-70.1999999999996,-16.1296745593701,-4.18888347150305));
#4562=CARTESIAN_POINT('Ctrl Pts',(-75.,-13.1558351285057,-4.20718216930068));
#4563=CARTESIAN_POINT('Ctrl Pts',(-70.1999999999996,-13.1558351285057,-4.20718216930068));
#4564=CARTESIAN_POINT('Ctrl Pts',(-75.,-9.43876197304748,-4.15105361221425));
#4565=CARTESIAN_POINT('Ctrl Pts',(-70.1999999999996,-9.43876197304748,-4.15105361221425));
#4566=CARTESIAN_POINT('Ctrl Pts',(-75.0000000000001,-4.98087053636191,-3.98557102213438));
#4567=CARTESIAN_POINT('Ctrl Pts',(-70.1999999999996,-4.98087053636191,-3.98557102213438));
#4568=CARTESIAN_POINT('Ctrl Pts',(-75.,-0.526696999564213,-3.74305138385577));
#4569=CARTESIAN_POINT('Ctrl Pts',(-70.1999999999996,-0.526696999564213,
-3.74305138385577));
#4570=CARTESIAN_POINT('Ctrl Pts',(-75.0000000000001,3.92360781105076,-3.43743897397122));
#4571=CARTESIAN_POINT('Ctrl Pts',(-70.1999999999996,3.92360781105076,-3.43743897397122));
#4572=CARTESIAN_POINT('Ctrl Pts',(-75.,8.36999327774322,-3.08002075562269));
#4573=CARTESIAN_POINT('Ctrl Pts',(-70.1999999999996,8.36999327774322,-3.08002075562269));
#4574=CARTESIAN_POINT('Ctrl Pts',(-75.0000000000001,12.8125664629163,-2.6780455406531));
#4575=CARTESIAN_POINT('Ctrl Pts',(-70.1999999999996,12.8125664629163,-2.6780455406531));
#4576=CARTESIAN_POINT('Ctrl Pts',(-75.,18.7309752683195,-2.08931128303993));
#4577=CARTESIAN_POINT('Ctrl Pts',(-70.1999999999996,18.7309752683195,-2.08931128303993));
#4578=CARTESIAN_POINT('Ctrl Pts',(-75.,26.1193830933549,-1.2609900245685));
#4579=CARTESIAN_POINT('Ctrl Pts',(-70.1999999999996,26.1193830933549,-1.2609900245685));
#4580=CARTESIAN_POINT('Ctrl Pts',(-75.,32.0180646600673,-0.497970620298721));
#4581=CARTESIAN_POINT('Ctrl Pts',(-70.1999999999996,32.0180646600673,-0.497970620298721));
#4582=CARTESIAN_POINT('Ctrl Pts',(-75.,34.9629357869734,-0.0843306596780069));
#4583=CARTESIAN_POINT('Ctrl Pts',(-70.1999999999996,34.9629357869734,-0.0843306596780069));
#4584=CARTESIAN_POINT('Ctrl Pts',(-71.0000000000001,25.157202872678,-1.35079922752807));
#4585=CARTESIAN_POINT('Ctrl Pts',(-71.0000000000001,25.4769608135738,-1.31279310230365));
#4586=CARTESIAN_POINT('Ctrl Pts',(-71.0000000000001,28.7493620338446,-0.920791127286276));
#4587=CARTESIAN_POINT('Ctrl Pts',(-71.0000000000001,32.0180646600673,-0.497970620298721));
#4588=CARTESIAN_POINT('Ctrl Pts',(-71.0000000000001,34.9629357869734,-0.0843306596780069));
#4589=CARTESIAN_POINT('Ctrl Pts',(-71.0000000000001,-33.1287109867901,1.90782203245316));
#4590=CARTESIAN_POINT('Ctrl Pts',(-71.0000000000001,-33.1425245233444,1.9015694279048));
#4591=CARTESIAN_POINT('Ctrl Pts',(-71.0000000000001,-33.3254860162843,1.8181984877455));
#4592=CARTESIAN_POINT('Ctrl Pts',(-71.,-33.6721751755358,1.6457516714005));
#4593=CARTESIAN_POINT('Ctrl Pts',(-71.0000000000001,-34.1486781649905,1.3541678857859));
#4594=CARTESIAN_POINT('Ctrl Pts',(-71.0000000000001,-34.5835803223464,1.00214815299178));
#4595=CARTESIAN_POINT('Ctrl Pts',(-71.,-34.8759479066645,0.632862454246782));
#4596=CARTESIAN_POINT('Ctrl Pts',(-71.0000000000001,-35.013035994948,0.283497091064597));
#4597=CARTESIAN_POINT('Ctrl Pts',(-71.,-35.0490783220638,0.00386934032803775));
#4598=CARTESIAN_POINT('Ctrl Pts',(-71.,-35.0130359949565,-0.275758410444599));
#4599=CARTESIAN_POINT('Ctrl Pts',(-71.0000000000001,-34.8759479066167,-0.62512377348261));
#4600=CARTESIAN_POINT('Ctrl Pts',(-71.,-34.5835803227346,-0.994409473308978));
#4601=CARTESIAN_POINT('Ctrl Pts',(-71.0000000000001,-34.148678163573,-1.34642920163344));
#4602=CARTESIAN_POINT('Ctrl Pts',(-71.0000000000001,-33.6721751808179,-1.63801300382909));
#4603=CARTESIAN_POINT('Ctrl Pts',(-71.0000000000001,-33.3254860043283,-1.8104597772046));
#4604=CARTESIAN_POINT('Ctrl Pts',(-71.0000000000001,-33.1425245255419,-1.89383075208409));
#4605=CARTESIAN_POINT('Ctrl Pts',(-71.0000000000001,-33.1287109902327,-1.90008335940643));
#4606=CARTESIAN_POINT('Ctrl Pts',(-71.0000000000001,34.9629357869734,0.0920693403219931));
#4607=CARTESIAN_POINT('Ctrl Pts',(-71.0000000000001,32.018064660065,0.505709300942897));
#4608=CARTESIAN_POINT('Ctrl Pts',(-71.0000000000001,28.7493956374855,0.928740448752882));
#4609=CARTESIAN_POINT('Ctrl Pts',(-71.0000000000001,25.476989983263,1.32072603990503));
#4610=CARTESIAN_POINT('Ctrl Pts',(-71.0000000000001,25.1572290766599,1.3587291360674));
#4611=CARTESIAN_POINT('Ctrl Pts',(-75.0000000000001,25.1572290766599,1.3587291360674));
#4612=CARTESIAN_POINT('Ctrl Pts',(-75.0000000000001,25.476989983263,1.32072603990503));
#4613=CARTESIAN_POINT('Ctrl Pts',(-75.0000000000001,28.7493956374855,0.928740448752882));
#4614=CARTESIAN_POINT('Ctrl Pts',(-75.,32.018064660065,0.505709300942897));
#4615=CARTESIAN_POINT('Ctrl Pts',(-75.,34.9629357869734,0.0920693403219931));
#4616=CARTESIAN_POINT('Ctrl Pts',(-75.,-33.1287109902327,-1.90008335940643));
#4617=CARTESIAN_POINT('Ctrl Pts',(-75.,-33.1425245255419,-1.89383075208409));
#4618=CARTESIAN_POINT('Ctrl Pts',(-75.,-33.3254860043283,-1.8104597772046));
#4619=CARTESIAN_POINT('Ctrl Pts',(-75.,-33.6721751808179,-1.63801300382909));
#4620=CARTESIAN_POINT('Ctrl Pts',(-75.0000000000001,-34.148678163573,-1.34642920163344));
#4621=CARTESIAN_POINT('Ctrl Pts',(-75.,-34.5835803227346,-0.994409473308978));
#4622=CARTESIAN_POINT('Ctrl Pts',(-75.0000000000001,-34.8759479066167,-0.62512377348261));
#4623=CARTESIAN_POINT('Ctrl Pts',(-75.,-35.0130359949565,-0.275758410444599));
#4624=CARTESIAN_POINT('Ctrl Pts',(-75.,-35.0490783220638,0.00386934032803775));
#4625=CARTESIAN_POINT('Ctrl Pts',(-75.0000000000001,-35.013035994948,0.283497091064597));
#4626=CARTESIAN_POINT('Ctrl Pts',(-75.,-34.8759479066645,0.632862454246782));
#4627=CARTESIAN_POINT('Ctrl Pts',(-75.0000000000001,-34.5835803223464,1.00214815299178));
#4628=CARTESIAN_POINT('Ctrl Pts',(-75.0000000000001,-34.1486781649905,1.3541678857859));
#4629=CARTESIAN_POINT('Ctrl Pts',(-75.,-33.6721751755358,1.6457516714005));
#4630=CARTESIAN_POINT('Ctrl Pts',(-75.0000000000001,-33.3254860162843,1.8181984877455));
#4631=CARTESIAN_POINT('Ctrl Pts',(-75.0000000000001,-33.1425245233444,1.9015694279048));
#4632=CARTESIAN_POINT('Ctrl Pts',(-75.,-33.1287109867901,1.90782203245316));
#4633=CARTESIAN_POINT('Ctrl Pts',(-75.,34.9629357869734,-0.0843306596780069));
#4634=CARTESIAN_POINT('Ctrl Pts',(-75.,32.0180646600673,-0.497970620298721));
#4635=CARTESIAN_POINT('Ctrl Pts',(-75.,28.7493620338446,-0.920791127286278));
#4636=CARTESIAN_POINT('Ctrl Pts',(-75.,25.4769608135738,-1.31279310230365));
#4637=CARTESIAN_POINT('Ctrl Pts',(-75.,25.157202872678,-1.35079922752808));
#4638=CARTESIAN_POINT('Origin',(-76.,-16.631784356308,0.00312284828911163));
#4639=CARTESIAN_POINT('',(-76.,-16.631784356308,2.00312284828911));
#4640=CARTESIAN_POINT('Origin',(-72.,-35.0370642130266,0.00386934032200899));
#4641=CARTESIAN_POINT('',(-72.,-7.91867182920211,0.769094517692257));
#4642=CARTESIAN_POINT('Origin',(-72.,-7.91867182920211,0.));
#4643=CARTESIAN_POINT('Origin',(-101.,-7.91867182920211,0.));
#4644=CARTESIAN_POINT('',(-101.,-7.91867182920211,0.769094517692257));
#4645=CARTESIAN_POINT('Origin',(-97.,-25.4275750622896,3.64874516679371));
#4646=CARTESIAN_POINT('',(-97.,-27.9037135278997,3.30416092582177));
#4647=CARTESIAN_POINT('',(-97.,-22.9392554896639,3.89012806695015));
#4648=CARTESIAN_POINT('Origin',(-97.,-27.9037135278997,3.30416092582177));
#4649=CARTESIAN_POINT('Origin',(-97.,-25.4275750622896,3.64874516679371));
#4650=CARTESIAN_POINT('',(-71.,-22.9392554896639,3.89012806695015));
#4651=CARTESIAN_POINT('',(-71.,-27.9037135278997,3.30416092582177));
#4652=CARTESIAN_POINT('Origin',(-97.,-27.9037135278997,3.30416092582177));
#4653=CARTESIAN_POINT('Origin',(-97.,-25.4275750622896,3.64874516679371));
#4654=CARTESIAN_POINT('',(-47.,-22.9392554896639,3.89012806695015));
#4655=CARTESIAN_POINT('',(-47.,-27.9037135278997,3.30416092582177));
#4656=CARTESIAN_POINT('Origin',(-97.,-27.9037135278997,3.30416092582177));
#4657=CARTESIAN_POINT('Origin',(-97.,-27.9037135278997,3.30416092582177));
#4658=CARTESIAN_POINT('',(-22.,-22.9392554896639,3.89012806695015));
#4659=CARTESIAN_POINT('',(-22.,-27.9037135278997,3.30416092582177));
#4660=CARTESIAN_POINT('Origin',(-97.,-25.4275750622896,3.64874516679371));
#4661=CARTESIAN_POINT('Origin',(-97.,12.9808744282523,-2.65537210821151));
#4662=CARTESIAN_POINT('',(-97.,15.4635128458418,-2.3612522559255));
#4663=CARTESIAN_POINT('',(-97.,10.4881577239684,-2.84606409069663));
#4664=CARTESIAN_POINT('Origin',(-97.,15.4635128458418,-2.3612522559255));
#4665=CARTESIAN_POINT('Origin',(-97.,12.9808744282523,-2.65537210821151));
#4666=CARTESIAN_POINT('',(-71.,10.4881577239684,-2.84606409069663));
#4667=CARTESIAN_POINT('',(-71.,15.4635128458418,-2.3612522559255));
#4668=CARTESIAN_POINT('Origin',(-97.,15.4635128458418,-2.3612522559255));
#4669=CARTESIAN_POINT('Origin',(-97.,12.9808744282523,-2.65537210821151));
#4670=CARTESIAN_POINT('',(-47.,10.4881577239684,-2.84606409069663));
#4671=CARTESIAN_POINT('',(-47.,15.4635128458418,-2.3612522559255));
#4672=CARTESIAN_POINT('Origin',(-97.,15.4635128458418,-2.3612522559255));
#4673=CARTESIAN_POINT('Origin',(-97.,15.4635128458418,-2.3612522559255));
#4674=CARTESIAN_POINT('',(-22.,10.4881577239684,-2.84606409069663));
#4675=CARTESIAN_POINT('',(-22.,15.4635128458418,-2.3612522559255));
#4676=CARTESIAN_POINT('Origin',(-97.,12.9808744282523,-2.65537210821151));
#4677=CARTESIAN_POINT('Origin',(-97.,14.4920655601286,2.51684030016458));
#4678=CARTESIAN_POINT('',(-97.,11.999125748675,2.70459305372608));
#4679=CARTESIAN_POINT('',(-97.,16.9750490409604,2.22564786565425));
#4680=CARTESIAN_POINT('Origin',(-97.,11.999125748675,2.70459305372608));
#4681=CARTESIAN_POINT('Origin',(-97.,-5.45037051026508,4.00160087214715));
#4682=CARTESIAN_POINT('',(-97.,-7.94981796112509,4.05415979517058));
#4683=CARTESIAN_POINT('',(-97.,-2.95526661111269,3.84521502740874));
#4684=CARTESIAN_POINT('Origin',(-97.,-7.9498179611251,4.05415979517058));
#4685=CARTESIAN_POINT('Origin',(-97.,14.4920655601286,2.51684030016458));
#4686=CARTESIAN_POINT('',(-71.,16.9750490409604,2.22564786565425));
#4687=CARTESIAN_POINT('',(-71.,11.999125748675,2.70459305372608));
#4688=CARTESIAN_POINT('Origin',(-97.,11.999125748675,2.70459305372608));
#4689=CARTESIAN_POINT('Origin',(-97.,-5.45037051026508,4.00160087214715));
#4690=CARTESIAN_POINT('',(-71.,-2.95526661111269,3.84521502740874));
#4691=CARTESIAN_POINT('',(-71.,-7.94981796112509,4.05415979517058));
#4692=CARTESIAN_POINT('Origin',(-97.,-7.9498179611251,4.05415979517058));
#4693=CARTESIAN_POINT('Origin',(-97.,14.4920655601286,2.51684030016458));
#4694=CARTESIAN_POINT('',(-47.,16.9750490409604,2.22564786565425));
#4695=CARTESIAN_POINT('',(-47.,11.999125748675,2.70459305372608));
#4696=CARTESIAN_POINT('Origin',(-97.,11.999125748675,2.70459305372608));
#4697=CARTESIAN_POINT('Origin',(-97.,-5.45037051026508,4.00160087214715));
#4698=CARTESIAN_POINT('',(-47.,-2.95526661111269,3.84521502740874));
#4699=CARTESIAN_POINT('',(-47.,-7.94981796112509,4.05415979517058));
#4700=CARTESIAN_POINT('Origin',(-97.,-7.9498179611251,4.05415979517058));
#4701=CARTESIAN_POINT('Origin',(-97.,11.999125748675,2.70459305372608));
#4702=CARTESIAN_POINT('',(-22.,16.9750490409604,2.22564786565425));
#4703=CARTESIAN_POINT('',(-22.,11.999125748675,2.70459305372608));
#4704=CARTESIAN_POINT('Origin',(-97.,14.4920655601286,2.51684030016458));
#4705=CARTESIAN_POINT('Origin',(-97.,-7.9498179611251,4.05415979517058));
#4706=CARTESIAN_POINT('',(-22.,-2.95526661111269,3.84521502740874));
#4707=CARTESIAN_POINT('',(-22.,-7.94981796112509,4.05415979517058));
#4708=CARTESIAN_POINT('Origin',(-97.,-5.45037051026508,4.00160087214715));
#4709=CARTESIAN_POINT('Ctrl Pts',(-75.,-33.1287099897715,-1.90008114914358));
#4710=CARTESIAN_POINT('Ctrl Pts',(-101.4,-33.1287099897715,-1.90008114914358));
#4711=CARTESIAN_POINT('Ctrl Pts',(-75.,-33.3438723638073,-1.80270699970787));
#4712=CARTESIAN_POINT('Ctrl Pts',(-101.4,-33.3438723638073,-1.80270699970787));
#4713=CARTESIAN_POINT('Ctrl Pts',(-75.,-33.766649067759,-1.59119720539583));
#4714=CARTESIAN_POINT('Ctrl Pts',(-101.4,-33.766649067759,-1.59119720539583));
#4715=CARTESIAN_POINT('Ctrl Pts',(-75.,-34.262041703134,-1.26611554914315));
#4716=CARTESIAN_POINT('Ctrl Pts',(-101.4,-34.262041703134,-1.26611554914315));
#4717=CARTESIAN_POINT('Ctrl Pts',(-75.,-34.6125599607177,-0.947562165027662));
#4718=CARTESIAN_POINT('Ctrl Pts',(-101.4,-34.6125599607177,-0.947562165027662));
#4719=CARTESIAN_POINT('Ctrl Pts',(-75.,-34.8372402491777,-0.671313949344491));
#4720=CARTESIAN_POINT('Ctrl Pts',(-101.4,-34.8372402491777,-0.671313949344491));
#4721=CARTESIAN_POINT('Ctrl Pts',(-75.,-34.9977043512674,-0.351187730827467));
#4722=CARTESIAN_POINT('Ctrl Pts',(-101.4,-34.9977043512674,-0.351187730827467));
#4723=CARTESIAN_POINT('Ctrl Pts',(-75.,-35.0567441439064,0.00386934032354096));
#4724=CARTESIAN_POINT('Ctrl Pts',(-101.4,-35.0567441439064,0.00386934032354096));
#4725=CARTESIAN_POINT('Ctrl Pts',(-75.,-34.9977043512664,0.358926411474229));
#4726=CARTESIAN_POINT('Ctrl Pts',(-101.4,-34.9977043512664,0.358926411474229));
#4727=CARTESIAN_POINT('Ctrl Pts',(-75.,-34.8372402491761,0.679052629990955));
#4728=CARTESIAN_POINT('Ctrl Pts',(-101.4,-34.8372402491761,0.679052629990955));
#4729=CARTESIAN_POINT('Ctrl Pts',(-75.,-34.6125599607157,0.95530084567374));
#4730=CARTESIAN_POINT('Ctrl Pts',(-101.4,-34.6125599607157,0.95530084567374));
#4731=CARTESIAN_POINT('Ctrl Pts',(-75.,-34.2620417031316,1.27385422978895));
#4732=CARTESIAN_POINT('Ctrl Pts',(-101.4,-34.2620417031316,1.27385422978895));
#4733=CARTESIAN_POINT('Ctrl Pts',(-75.,-33.7666490677565,1.59893588604124));
#4734=CARTESIAN_POINT('Ctrl Pts',(-101.4,-33.7666490677565,1.59893588604124));
#4735=CARTESIAN_POINT('Ctrl Pts',(-75.,-33.3438723638047,1.81044568035315));
#4736=CARTESIAN_POINT('Ctrl Pts',(-101.4,-33.3438723638047,1.81044568035315));
#4737=CARTESIAN_POINT('Ctrl Pts',(-75.,-33.1287099897688,1.90781982978879));
#4738=CARTESIAN_POINT('Ctrl Pts',(-101.4,-33.1287099897688,1.90781982978879));
#4739=CARTESIAN_POINT('',(-75.,-33.1287099897688,-1.90008114914225));
#4740=CARTESIAN_POINT('',(-75.,-33.1287099897688,1.90781982978879));
#4741=CARTESIAN_POINT('Origin',(3.26565713707883,-33.1287099897688,1.90781982978879));
#4742=CARTESIAN_POINT('Origin',(3.26565713707883,-33.1287099897688,1.90781982978879));
#4743=CARTESIAN_POINT('',(-51.,-33.1287099897688,1.90781982978879));
#4744=CARTESIAN_POINT('',(-51.,-33.1287099897688,-1.90008114914225));
#4745=CARTESIAN_POINT('Ctrl Pts',(-51.,-33.1287099897715,-1.90008114914358));
#4746=CARTESIAN_POINT('Ctrl Pts',(-75.,-33.1287099897715,-1.90008114914358));
#4747=CARTESIAN_POINT('Ctrl Pts',(-51.,-33.3438723638073,-1.80270699970787));
#4748=CARTESIAN_POINT('Ctrl Pts',(-75.,-33.3438723638073,-1.80270699970787));
#4749=CARTESIAN_POINT('Ctrl Pts',(-51.,-33.766649067759,-1.59119720539583));
#4750=CARTESIAN_POINT('Ctrl Pts',(-75.,-33.766649067759,-1.59119720539583));
#4751=CARTESIAN_POINT('Ctrl Pts',(-51.,-34.262041703134,-1.26611554914315));
#4752=CARTESIAN_POINT('Ctrl Pts',(-75.,-34.262041703134,-1.26611554914315));
#4753=CARTESIAN_POINT('Ctrl Pts',(-51.,-34.6125599607177,-0.947562165027662));
#4754=CARTESIAN_POINT('Ctrl Pts',(-75.,-34.6125599607177,-0.947562165027662));
#4755=CARTESIAN_POINT('Ctrl Pts',(-51.,-34.8372402491777,-0.671313949344491));
#4756=CARTESIAN_POINT('Ctrl Pts',(-75.,-34.8372402491777,-0.671313949344491));
#4757=CARTESIAN_POINT('Ctrl Pts',(-51.,-34.9977043512674,-0.351187730827467));
#4758=CARTESIAN_POINT('Ctrl Pts',(-75.,-34.9977043512674,-0.351187730827467));
#4759=CARTESIAN_POINT('Ctrl Pts',(-51.,-35.0567441439064,0.00386934032354096));
#4760=CARTESIAN_POINT('Ctrl Pts',(-75.,-35.0567441439064,0.00386934032354096));
#4761=CARTESIAN_POINT('Ctrl Pts',(-51.,-34.9977043512664,0.358926411474229));
#4762=CARTESIAN_POINT('Ctrl Pts',(-75.,-34.9977043512664,0.358926411474229));
#4763=CARTESIAN_POINT('Ctrl Pts',(-51.,-34.8372402491761,0.679052629990955));
#4764=CARTESIAN_POINT('Ctrl Pts',(-75.,-34.8372402491761,0.679052629990955));
#4765=CARTESIAN_POINT('Ctrl Pts',(-51.,-34.6125599607157,0.95530084567374));
#4766=CARTESIAN_POINT('Ctrl Pts',(-75.,-34.6125599607157,0.95530084567374));
#4767=CARTESIAN_POINT('Ctrl Pts',(-51.,-34.2620417031316,1.27385422978895));
#4768=CARTESIAN_POINT('Ctrl Pts',(-75.,-34.2620417031316,1.27385422978895));
#4769=CARTESIAN_POINT('Ctrl Pts',(-51.,-33.7666490677565,1.59893588604124));
#4770=CARTESIAN_POINT('Ctrl Pts',(-75.,-33.7666490677565,1.59893588604124));
#4771=CARTESIAN_POINT('Ctrl Pts',(-51.,-33.3438723638047,1.81044568035315));
#4772=CARTESIAN_POINT('Ctrl Pts',(-75.,-33.3438723638047,1.81044568035315));
#4773=CARTESIAN_POINT('Ctrl Pts',(-51.,-33.1287099897688,1.90781982978879));
#4774=CARTESIAN_POINT('Ctrl Pts',(-75.,-33.1287099897688,1.90781982978879));
#4775=CARTESIAN_POINT('Origin',(3.26565713707883,-33.1287099897688,1.90781982978879));
#4776=CARTESIAN_POINT('',(-26.,-33.1287099897688,1.90781982978879));
#4777=CARTESIAN_POINT('',(-26.,-33.1287099897688,-1.90008114914225));
#4778=CARTESIAN_POINT('Ctrl Pts',(-26.,-33.1287099897715,-1.90008114914358));
#4779=CARTESIAN_POINT('Ctrl Pts',(-51.2,-33.1287099897715,-1.90008114914358));
#4780=CARTESIAN_POINT('Ctrl Pts',(-26.,-33.3438723638073,-1.80270699970787));
#4781=CARTESIAN_POINT('Ctrl Pts',(-51.2,-33.3438723638073,-1.80270699970787));
#4782=CARTESIAN_POINT('Ctrl Pts',(-26.,-33.766649067759,-1.59119720539583));
#4783=CARTESIAN_POINT('Ctrl Pts',(-51.2,-33.766649067759,-1.59119720539583));
#4784=CARTESIAN_POINT('Ctrl Pts',(-26.,-34.262041703134,-1.26611554914315));
#4785=CARTESIAN_POINT('Ctrl Pts',(-51.2,-34.262041703134,-1.26611554914315));
#4786=CARTESIAN_POINT('Ctrl Pts',(-26.,-34.6125599607177,-0.947562165027662));
#4787=CARTESIAN_POINT('Ctrl Pts',(-51.2,-34.6125599607177,-0.947562165027662));
#4788=CARTESIAN_POINT('Ctrl Pts',(-26.,-34.8372402491777,-0.671313949344491));
#4789=CARTESIAN_POINT('Ctrl Pts',(-51.2,-34.8372402491777,-0.671313949344491));
#4790=CARTESIAN_POINT('Ctrl Pts',(-26.,-34.9977043512674,-0.351187730827467));
#4791=CARTESIAN_POINT('Ctrl Pts',(-51.2,-34.9977043512674,-0.351187730827467));
#4792=CARTESIAN_POINT('Ctrl Pts',(-26.,-35.0567441439064,0.00386934032354096));
#4793=CARTESIAN_POINT('Ctrl Pts',(-51.2,-35.0567441439064,0.00386934032354096));
#4794=CARTESIAN_POINT('Ctrl Pts',(-26.,-34.9977043512664,0.358926411474229));
#4795=CARTESIAN_POINT('Ctrl Pts',(-51.2,-34.9977043512664,0.358926411474229));
#4796=CARTESIAN_POINT('Ctrl Pts',(-26.,-34.8372402491761,0.679052629990955));
#4797=CARTESIAN_POINT('Ctrl Pts',(-51.2,-34.8372402491761,0.679052629990955));
#4798=CARTESIAN_POINT('Ctrl Pts',(-26.,-34.6125599607157,0.95530084567374));
#4799=CARTESIAN_POINT('Ctrl Pts',(-51.2,-34.6125599607157,0.95530084567374));
#4800=CARTESIAN_POINT('Ctrl Pts',(-26.,-34.2620417031316,1.27385422978895));
#4801=CARTESIAN_POINT('Ctrl Pts',(-51.2,-34.2620417031316,1.27385422978895));
#4802=CARTESIAN_POINT('Ctrl Pts',(-26.,-33.7666490677565,1.59893588604124));
#4803=CARTESIAN_POINT('Ctrl Pts',(-51.2,-33.7666490677565,1.59893588604124));
#4804=CARTESIAN_POINT('Ctrl Pts',(-26.,-33.3438723638047,1.81044568035315));
#4805=CARTESIAN_POINT('Ctrl Pts',(-51.2,-33.3438723638047,1.81044568035315));
#4806=CARTESIAN_POINT('Ctrl Pts',(-26.,-33.1287099897688,1.90781982978879));
#4807=CARTESIAN_POINT('Ctrl Pts',(-51.2,-33.1287099897688,1.90781982978879));
#4808=CARTESIAN_POINT('Ctrl Pts',(-1.,-33.1287099897715,-1.90008114914358));
#4809=CARTESIAN_POINT('Ctrl Pts',(-26.2,-33.1287099897715,-1.90008114914358));
#4810=CARTESIAN_POINT('Ctrl Pts',(-1.,-33.3438723638073,-1.80270699970787));
#4811=CARTESIAN_POINT('Ctrl Pts',(-26.2,-33.3438723638073,-1.80270699970787));
#4812=CARTESIAN_POINT('Ctrl Pts',(-1.,-33.766649067759,-1.59119720539583));
#4813=CARTESIAN_POINT('Ctrl Pts',(-26.2,-33.766649067759,-1.59119720539583));
#4814=CARTESIAN_POINT('Ctrl Pts',(-1.,-34.262041703134,-1.26611554914315));
#4815=CARTESIAN_POINT('Ctrl Pts',(-26.2,-34.262041703134,-1.26611554914315));
#4816=CARTESIAN_POINT('Ctrl Pts',(-1.,-34.6125599607177,-0.947562165027662));
#4817=CARTESIAN_POINT('Ctrl Pts',(-26.2,-34.6125599607177,-0.947562165027662));
#4818=CARTESIAN_POINT('Ctrl Pts',(-1.,-34.8372402491777,-0.671313949344491));
#4819=CARTESIAN_POINT('Ctrl Pts',(-26.2,-34.8372402491777,-0.671313949344491));
#4820=CARTESIAN_POINT('Ctrl Pts',(-1.,-34.9977043512674,-0.351187730827467));
#4821=CARTESIAN_POINT('Ctrl Pts',(-26.2,-34.9977043512674,-0.351187730827467));
#4822=CARTESIAN_POINT('Ctrl Pts',(-1.,-35.0567441439064,0.00386934032354096));
#4823=CARTESIAN_POINT('Ctrl Pts',(-26.2,-35.0567441439064,0.00386934032354096));
#4824=CARTESIAN_POINT('Ctrl Pts',(-1.,-34.9977043512664,0.358926411474229));
#4825=CARTESIAN_POINT('Ctrl Pts',(-26.2,-34.9977043512664,0.358926411474229));
#4826=CARTESIAN_POINT('Ctrl Pts',(-1.,-34.8372402491761,0.679052629990955));
#4827=CARTESIAN_POINT('Ctrl Pts',(-26.2,-34.8372402491761,0.679052629990955));
#4828=CARTESIAN_POINT('Ctrl Pts',(-1.,-34.6125599607157,0.95530084567374));
#4829=CARTESIAN_POINT('Ctrl Pts',(-26.2,-34.6125599607157,0.95530084567374));
#4830=CARTESIAN_POINT('Ctrl Pts',(-1.,-34.2620417031316,1.27385422978895));
#4831=CARTESIAN_POINT('Ctrl Pts',(-26.2,-34.2620417031316,1.27385422978895));
#4832=CARTESIAN_POINT('Ctrl Pts',(-1.,-33.7666490677565,1.59893588604124));
#4833=CARTESIAN_POINT('Ctrl Pts',(-26.2,-33.7666490677565,1.59893588604124));
#4834=CARTESIAN_POINT('Ctrl Pts',(-1.,-33.3438723638047,1.81044568035315));
#4835=CARTESIAN_POINT('Ctrl Pts',(-26.2,-33.3438723638047,1.81044568035315));
#4836=CARTESIAN_POINT('Ctrl Pts',(-1.,-33.1287099897688,1.90781982978879));
#4837=CARTESIAN_POINT('Ctrl Pts',(-26.2,-33.1287099897688,1.90781982978879));
#4838=CARTESIAN_POINT('',(-1.,-33.1287099897688,1.90781982978879));
#4839=CARTESIAN_POINT('',(-1.,-33.1287099897688,-1.90008114914225));
#4840=CARTESIAN_POINT('Origin',(3.26565713707883,-33.1287099897688,1.90781982978879));
#4841=CARTESIAN_POINT('Ctrl Pts',(-97.,25.1572096991331,-1.35085666072497));
#4842=CARTESIAN_POINT('Ctrl Pts',(-70.6,25.1572096991331,-1.35085666072497));
#4843=CARTESIAN_POINT('Ctrl Pts',(-97.,28.4299434327897,-0.961701647836203));
#4844=CARTESIAN_POINT('Ctrl Pts',(-70.6,28.4299434327897,-0.961701647836203));
#4845=CARTESIAN_POINT('Ctrl Pts',(-97.,31.699186174436,-0.542760656451482));
#4846=CARTESIAN_POINT('Ctrl Pts',(-70.6,31.699186174436,-0.542760656451482));
#4847=CARTESIAN_POINT('Ctrl Pts',(-97.,34.9629357869734,-0.0843306596780069));
#4848=CARTESIAN_POINT('Ctrl Pts',(-70.6,34.9629357869734,-0.0843306596780069));
#4849=CARTESIAN_POINT('',(-97.,25.1572096991332,-1.35085666072496));
#4850=CARTESIAN_POINT('Origin',(-107.348120175443,34.9629357869734,0.00386934032199311));
#4851=CARTESIAN_POINT('',(-97.,25.1572345624091,1.35877529364814));
#4852=CARTESIAN_POINT('Ctrl Pts',(-97.,34.9629357869734,0.0920693403219931));
#4853=CARTESIAN_POINT('Ctrl Pts',(-70.6,34.9629357869734,0.0920693403219931));
#4854=CARTESIAN_POINT('Ctrl Pts',(-97.,31.6991834275542,0.550499722925478));
#4855=CARTESIAN_POINT('Ctrl Pts',(-70.6,31.6991834275542,0.550499722925478));
#4856=CARTESIAN_POINT('Ctrl Pts',(-97.,28.4299836899789,0.969734150898753));
#4857=CARTESIAN_POINT('Ctrl Pts',(-70.6,28.4299836899789,0.969734150898753));
#4858=CARTESIAN_POINT('Ctrl Pts',(-97.,25.1572345624091,1.35877529364814));
#4859=CARTESIAN_POINT('Ctrl Pts',(-70.6,25.1572345624091,1.35877529364814));
#4860=CARTESIAN_POINT('Ctrl Pts',(-71.0000000000002,25.1572096991331,-1.35085666072497));
#4861=CARTESIAN_POINT('Ctrl Pts',(-47.,25.1572096991331,-1.35085666072497));
#4862=CARTESIAN_POINT('Ctrl Pts',(-71.0000000000002,28.4299434327897,-0.961701647836203));
#4863=CARTESIAN_POINT('Ctrl Pts',(-47.,28.4299434327897,-0.961701647836203));
#4864=CARTESIAN_POINT('Ctrl Pts',(-71.0000000000002,31.699186174436,-0.542760656451482));
#4865=CARTESIAN_POINT('Ctrl Pts',(-47.,31.699186174436,-0.542760656451482));
#4866=CARTESIAN_POINT('Ctrl Pts',(-71.0000000000002,34.9629357869734,-0.0843306596780069));
#4867=CARTESIAN_POINT('Ctrl Pts',(-47.,34.9629357869734,-0.0843306596780069));
#4868=CARTESIAN_POINT('',(-71.,25.1572096991332,-1.35085666072496));
#4869=CARTESIAN_POINT('Origin',(-107.348120175443,34.9629357869734,0.00386934032199311));
#4870=CARTESIAN_POINT('',(-71.,25.1572345624091,1.35877529364814));
#4871=CARTESIAN_POINT('Ctrl Pts',(-71.,34.9629357869734,0.0920693403219931));
#4872=CARTESIAN_POINT('Ctrl Pts',(-47.,34.9629357869734,0.0920693403219931));
#4873=CARTESIAN_POINT('Ctrl Pts',(-71.,31.699183427554,0.550499722925506));
#4874=CARTESIAN_POINT('Ctrl Pts',(-47.,31.699183427554,0.550499722925506));
#4875=CARTESIAN_POINT('Ctrl Pts',(-71.,28.4299836899788,0.96973415089877));
#4876=CARTESIAN_POINT('Ctrl Pts',(-47.,28.4299836899788,0.96973415089877));
#4877=CARTESIAN_POINT('Ctrl Pts',(-71.,25.1572345624091,1.35877529364814));
#4878=CARTESIAN_POINT('Ctrl Pts',(-47.,25.1572345624091,1.35877529364814));
#4879=CARTESIAN_POINT('Origin',(-107.348120175443,34.9629357869734,0.00386934032199311));
#4880=CARTESIAN_POINT('',(-47.,25.1572096991332,-1.35085666072496));
#4881=CARTESIAN_POINT('',(-47.,25.1572345624091,1.35877529364814));
#4882=CARTESIAN_POINT('Ctrl Pts',(-47.,25.1572096991331,-1.35085666072497));
#4883=CARTESIAN_POINT('Ctrl Pts',(-21.8,25.1572096991331,-1.35085666072497));
#4884=CARTESIAN_POINT('Ctrl Pts',(-47.,28.4299434327897,-0.961701647836203));
#4885=CARTESIAN_POINT('Ctrl Pts',(-21.8,28.4299434327897,-0.961701647836203));
#4886=CARTESIAN_POINT('Ctrl Pts',(-47.,31.699186174436,-0.542760656451482));
#4887=CARTESIAN_POINT('Ctrl Pts',(-21.8,31.699186174436,-0.542760656451482));
#4888=CARTESIAN_POINT('Ctrl Pts',(-47.,34.9629357869734,-0.0843306596780069));
#4889=CARTESIAN_POINT('Ctrl Pts',(-21.8,34.9629357869734,-0.0843306596780069));
#4890=CARTESIAN_POINT('Ctrl Pts',(-47.,34.9629357869734,0.0920693403219931));
#4891=CARTESIAN_POINT('Ctrl Pts',(-21.8,34.9629357869734,0.0920693403219931));
#4892=CARTESIAN_POINT('Ctrl Pts',(-47.,31.699183427554,0.550499722925506));
#4893=CARTESIAN_POINT('Ctrl Pts',(-21.8,31.699183427554,0.550499722925506));
#4894=CARTESIAN_POINT('Ctrl Pts',(-47.,28.4299836899788,0.96973415089877));
#4895=CARTESIAN_POINT('Ctrl Pts',(-21.8,28.4299836899788,0.96973415089877));
#4896=CARTESIAN_POINT('Ctrl Pts',(-47.,25.1572345624091,1.35877529364814));
#4897=CARTESIAN_POINT('Ctrl Pts',(-21.8,25.1572345624091,1.35877529364814));
#4898=CARTESIAN_POINT('Ctrl Pts',(-22.,25.1572096991331,-1.35085666072497));
#4899=CARTESIAN_POINT('Ctrl Pts',(3.2,25.1572096991331,-1.35085666072497));
#4900=CARTESIAN_POINT('Ctrl Pts',(-22.,28.4299434327897,-0.961701647836203));
#4901=CARTESIAN_POINT('Ctrl Pts',(3.2,28.4299434327897,-0.961701647836203));
#4902=CARTESIAN_POINT('Ctrl Pts',(-22.,31.699186174436,-0.542760656451482));
#4903=CARTESIAN_POINT('Ctrl Pts',(3.2,31.699186174436,-0.542760656451482));
#4904=CARTESIAN_POINT('Ctrl Pts',(-22.,34.9629357869734,-0.0843306596780069));
#4905=CARTESIAN_POINT('Ctrl Pts',(3.2,34.9629357869734,-0.0843306596780069));
#4906=CARTESIAN_POINT('',(-22.,25.1572096991332,-1.35085666072496));
#4907=CARTESIAN_POINT('Ctrl Pts',(-22.,34.9629357869734,0.0920693403219931));
#4908=CARTESIAN_POINT('Ctrl Pts',(3.2,34.9629357869734,0.0920693403219931));
#4909=CARTESIAN_POINT('Ctrl Pts',(-22.,31.699183427554,0.550499722925506));
#4910=CARTESIAN_POINT('Ctrl Pts',(3.2,31.699183427554,0.550499722925506));
#4911=CARTESIAN_POINT('Ctrl Pts',(-22.,28.4299836899788,0.96973415089877));
#4912=CARTESIAN_POINT('Ctrl Pts',(3.2,28.4299836899788,0.96973415089877));
#4913=CARTESIAN_POINT('Ctrl Pts',(-22.,25.1572345624091,1.35877529364814));
#4914=CARTESIAN_POINT('Ctrl Pts',(3.2,25.1572345624091,1.35877529364814));
#4915=CARTESIAN_POINT('',(-22.,25.1572345624091,1.35877529364814));
#4916=CARTESIAN_POINT('Origin',(-107.348120175443,34.9629357869734,0.00386934032199311));
#4917=CARTESIAN_POINT('Origin',(-97.,-4.96911537400319,-3.97216505948896));
#4918=CARTESIAN_POINT('',(-97.,-2.4750002791269,-3.80073025114983));
#4919=CARTESIAN_POINT('',(-97.,-7.46820028140699,-4.03980103798072));
#4920=CARTESIAN_POINT('Origin',(-97.,-2.47500027912689,-3.80073025114983));
#4921=CARTESIAN_POINT('Origin',(-97.,-4.96911537400319,-3.97216505948896));
#4922=CARTESIAN_POINT('',(-71.,-7.46820028140699,-4.03980103798072));
#4923=CARTESIAN_POINT('',(-71.,-2.4750002791269,-3.80073025114983));
#4924=CARTESIAN_POINT('Origin',(-97.,-2.47500027912689,-3.80073025114983));
#4925=CARTESIAN_POINT('Origin',(-97.,-4.96911537400319,-3.97216505948896));
#4926=CARTESIAN_POINT('',(-47.,-7.46820028140699,-4.03980103798072));
#4927=CARTESIAN_POINT('',(-47.,-2.4750002791269,-3.80073025114983));
#4928=CARTESIAN_POINT('Origin',(-97.,-2.47500027912689,-3.80073025114983));
#4929=CARTESIAN_POINT('Origin',(-97.,-2.47500027912689,-3.80073025114983));
#4930=CARTESIAN_POINT('',(-22.,-7.46820028140699,-4.03980103798072));
#4931=CARTESIAN_POINT('',(-22.,-2.4750002791269,-3.80073025114983));
#4932=CARTESIAN_POINT('Origin',(-97.,-4.96911537400319,-3.97216505948896));
#4933=CARTESIAN_POINT('Origin',(-97.,-23.4558603583624,-3.83944480586881));
#4934=CARTESIAN_POINT('',(-97.,-20.9608903407287,-3.99795225398575));
#4935=CARTESIAN_POINT('',(-97.,-25.9420876712621,-3.57738803989715));
#4936=CARTESIAN_POINT('Origin',(-97.,-20.9608903407287,-3.99795225398575));
#4937=CARTESIAN_POINT('Origin',(-97.,-23.4558603583624,-3.83944480586881));
#4938=CARTESIAN_POINT('',(-71.,-25.9420876712621,-3.57738803989715));
#4939=CARTESIAN_POINT('',(-71.,-20.9608903407287,-3.99795225398575));
#4940=CARTESIAN_POINT('Origin',(-97.,-20.9608903407287,-3.99795225398575));
#4941=CARTESIAN_POINT('Origin',(-97.,-23.4558603583624,-3.83944480586881));
#4942=CARTESIAN_POINT('',(-47.,-25.9420876712621,-3.57738803989715));
#4943=CARTESIAN_POINT('',(-47.,-20.9608903407287,-3.99795225398575));
#4944=CARTESIAN_POINT('Origin',(-97.,-20.9608903407287,-3.99795225398575));
#4945=CARTESIAN_POINT('Origin',(-97.,-20.9608903407287,-3.99795225398575));
#4946=CARTESIAN_POINT('',(-22.,-25.9420876712621,-3.57738803989715));
#4947=CARTESIAN_POINT('',(-22.,-20.9608903407287,-3.99795225398575));
#4948=CARTESIAN_POINT('Origin',(-97.,-23.4558603583624,-3.83944480586881));
#4949=CARTESIAN_POINT('Origin',(-75.,7.76783998483635,0.));
#4950=CARTESIAN_POINT('',(-75.,7.76783998483635,-1.61300626894953));
#4951=UNCERTAINTY_MEASURE_WITH_UNIT(LENGTH_MEASURE(0.01),#4955,
'DISTANCE_ACCURACY_VALUE',
'Maximum model space distance between geometric entities at asserted c
onnectivities');
#4952=UNCERTAINTY_MEASURE_WITH_UNIT(LENGTH_MEASURE(0.01),#4955,
'DISTANCE_ACCURACY_VALUE',
'Maximum model space distance between geometric entities at asserted c
onnectivities');
#4953=(
GEOMETRIC_REPRESENTATION_CONTEXT(3)
GLOBAL_UNCERTAINTY_ASSIGNED_CONTEXT((#4951))
GLOBAL_UNIT_ASSIGNED_CONTEXT((#4955,#4957,#4958))
REPRESENTATION_CONTEXT('','3D')
);
#4954=(
GEOMETRIC_REPRESENTATION_CONTEXT(3)
GLOBAL_UNCERTAINTY_ASSIGNED_CONTEXT((#4952))
GLOBAL_UNIT_ASSIGNED_CONTEXT((#4955,#4957,#4958))
REPRESENTATION_CONTEXT('','3D')
);
#4955=(
LENGTH_UNIT()
NAMED_UNIT(*)
SI_UNIT(.MILLI.,.METRE.)
);
#4956=(
LENGTH_UNIT()
NAMED_UNIT(*)
SI_UNIT($,.METRE.)
);
#4957=(
NAMED_UNIT(*)
PLANE_ANGLE_UNIT()
SI_UNIT($,.RADIAN.)
);
#4958=(
NAMED_UNIT(*)
SI_UNIT($,.STERADIAN.)
SOLID_ANGLE_UNIT()
);
#4959=SHAPE_DEFINITION_REPRESENTATION(#4960,#4961);
#4960=PRODUCT_DEFINITION_SHAPE('',$,#4963);
#4961=SHAPE_REPRESENTATION('',(#2173),#4953);
#4962=PRODUCT_DEFINITION_CONTEXT('part definition',#4967,'design');
#4963=PRODUCT_DEFINITION('Wing_Skeleton_v3','Wing_Skeleton_v3',#4964,#4962);
#4964=PRODUCT_DEFINITION_FORMATION('',$,#4969);
#4965=PRODUCT_RELATED_PRODUCT_CATEGORY('Wing_Skeleton_v3',
'Wing_Skeleton_v3',(#4969));
#4966=APPLICATION_PROTOCOL_DEFINITION('international standard',
'automotive_design',2009,#4967);
#4967=APPLICATION_CONTEXT(
'Core Data for Automotive Mechanical Design Process');
#4968=PRODUCT_CONTEXT('part definition',#4967,'mechanical');
#4969=PRODUCT('Wing_Skeleton_v3','Wing_Skeleton_v3',$,(#4968));
#4970=PRESENTATION_STYLE_ASSIGNMENT((#4972));
#4971=PRESENTATION_STYLE_ASSIGNMENT((#4973));
#4972=SURFACE_STYLE_USAGE(.BOTH.,#4974);
#4973=SURFACE_STYLE_USAGE(.BOTH.,#4975);
#4974=SURFACE_SIDE_STYLE('',(#4976));
#4975=SURFACE_SIDE_STYLE('',(#4977));
#4976=SURFACE_STYLE_FILL_AREA(#4978);
#4977=SURFACE_STYLE_FILL_AREA(#4979);
#4978=FILL_AREA_STYLE('Steel - Satin',(#4980));
#4979=FILL_AREA_STYLE('ABS (White)',(#4981));
#4980=FILL_AREA_STYLE_COLOUR('Steel - Satin',#4982);
#4981=FILL_AREA_STYLE_COLOUR('ABS (White)',#4983);
#4982=COLOUR_RGB('Steel - Satin',0.627450980392157,0.627450980392157,0.627450980392157);
#4983=COLOUR_RGB('ABS (White)',0.964705882352941,0.964705882352941,0.952941176470588);
ENDSEC;
END-ISO-10303-21;
