ISO-10303-21;
HEADER;
/* Generated by software containing ST-Developer
 * from STEP Tools, Inc. (www.steptools.com) 
 */

FILE_DESCRIPTION(
/* description */ (''),
/* implementation_level */ '2;1');

FILE_NAME(
/* name */ 'satvik_fin_fixed.step',
/* time_stamp */ '2026-08-18T11:56:20+05:30',
/* author */ (''),
/* organization */ (''),
/* preprocessor_version */ 'ST-DEVELOPER v20.1',
/* originating_system */ 'Autodesk Translation Framework v15.8.0.0',
/* authorisation */ '');

FILE_SCHEMA (('AUTOMOTIVE_DESIGN { 1 0 10303 214 3 1 1 }'));
ENDSEC;

DATA;
#10=MECHANICAL_DESIGN_GEOMETRIC_PRESENTATION_REPRESENTATION('',(#13),#4954);
#11=SHAPE_REPRESENTATION_RELATIONSHIP('SRR','None',#4961,#12);
#12=ADVANCED_BREP_SHAPE_REPRESENTATION('',(#14),#4953);
#13=STYLED_ITEM('',(#4971),#14);
#14=MANIFOLD_SOLID_BREP('Body114',#2160);
#15=B_SPLINE_SURFACE_WITH_KNOTS('',3,1,((#3053,#3054),(#3055,#3056),(#3057,
#3058),(#3059,#3060),(#3061,#3062),(#3063,#3064),(#3065,#3066),(#3067,#3068),
(#3069,#3070),(#3071,#3072),(#3073,#3074),(#3075,#3076),(#3077,#3078),(#3079,
#3080),(#3081,#3082)),.UNSPECIFIED.,.F.,.F.,.F.,(4,1,1,1,1,1,1,1,1,1,1,
1,4),(2,2),(0.480150145632388,0.485112609224293,0.490075072816199,0.492556304612152,
0.495037536408105,0.497518768204057,0.50000000000001,0.502481231795963,
0.504962463591916,0.507443695387869,0.509924927183822,0.514887390775727,
0.519849854367633),(0.,2.52),.UNSPECIFIED.);
#16=B_SPLINE_SURFACE_WITH_KNOTS('',3,1,((#3138,#3139),(#3140,#3141),(#3142,
#3143),(#3144,#3145),(#3146,#3147),(#3148,#3149),(#3150,#3151),(#3152,#3153),
(#3154,#3155),(#3156,#3157),(#3158,#3159),(#3160,#3161),(#3162,#3163),(#3164,
#3165),(#3166,#3167)),.UNSPECIFIED.,.F.,.F.,.F.,(4,1,1,1,1,1,1,1,1,1,1,
1,4),(2,2),(0.480150145632388,0.485112609224293,0.490075072816199,0.492556304612152,
0.495037536408105,0.497518768204057,0.50000000000001,0.502481231795963,
0.504962463591916,0.507443695387869,0.509924927183822,0.514887390775727,
0.519849854367633),(0.,2.52),.UNSPECIFIED.);
#17=B_SPLINE_SURFACE_WITH_KNOTS('',3,1,((#3410,#3411),(#3412,#3413),(#3414,
#3415),(#3416,#3417),(#3418,#3419),(#3420,#3421),(#3422,#3423),(#3424,#3425),
(#3426,#3427),(#3428,#3429),(#3430,#3431),(#3432,#3433),(#3434,#3435),(#3436,
#3437),(#3438,#3439),(#3440,#3441),(#3442,#3443),(#3444,#3445),(#3446,#3447),
(#3448,#3449),(#3450,#3451),(#3452,#3453),(#3454,#3455),(#3456,#3457),(#3458,
#3459),(#3460,#3461),(#3462,#3463),(#3464,#3465),(#3466,#3467),(#3468,#3469),
(#3470,#3471),(#3472,#3473),(#3474,#3475),(#3476,#3477),(#3478,#3479),(#3480,
#3481),(#3482,#3483),(#3484,#3485),(#3486,#3487),(#3488,#3489),(#3490,#3491),
(#3492,#3493),(#3494,#3495),(#3496,#3497),(#3498,#3499),(#3500,#3501),(#3502,
#3503),(#3504,#3505),(#3506,#3507),(#3508,#3509),(#3510,#3511),(#3512,#3513),
(#3514,#3515),(#3516,#3517),(#3518,#3519),(#3520,#3521),(#3522,#3523)),
 .UNSPECIFIED.,.F.,.F.,.F.,(4,1,1,1,1,1,1,1,1,1,1,1,1,1,1,1,1,1,1,1,1,1,
1,1,1,1,1,1,1,1,1,1,1,1,1,1,1,1,1,1,1,1,1,1,1,1,1,1,1,1,1,1,1,1,4),(2,2),
(0.,0.0625,0.125,0.15625,0.1875,0.21875,0.25,0.28125,0.3125,0.34375,0.359375,
0.375,0.390625,0.40625,0.421875,0.4375,0.4453125,0.453125,0.4609375,0.46875,
0.4765625,0.48046875,0.484375,0.48828125,0.4921875,0.49609375,0.498046875,
0.5,0.501953125,0.50390625,0.5078125,0.51171875,0.515625,0.51953125,0.5234375,
0.53125,0.5390625,0.546875,0.5546875,0.5625,0.578125,0.59375,0.609375,0.625,
0.640625,0.65625,0.6875,0.71875,0.75,0.78125,0.8125,0.84375,0.875,0.9375,
1.),(0.,0.48),.UNSPECIFIED.);
#18=B_SPLINE_SURFACE_WITH_KNOTS('',3,1,((#3609,#3610),(#3611,#3612),(#3613,
#3614),(#3615,#3616),(#3617,#3618),(#3619,#3620),(#3621,#3622),(#3623,#3624),
(#3625,#3626),(#3627,#3628),(#3629,#3630),(#3631,#3632),(#3633,#3634),(#3635,
#3636),(#3637,#3638),(#3639,#3640),(#3641,#3642),(#3643,#3644),(#3645,#3646),
(#3647,#3648),(#3649,#3650),(#3651,#3652),(#3653,#3654),(#3655,#3656),(#3657,
#3658),(#3659,#3660),(#3661,#3662),(#3663,#3664),(#3665,#3666),(#3667,#3668),
(#3669,#3670),(#3671,#3672),(#3673,#3674),(#3675,#3676),(#3677,#3678),(#3679,
#3680),(#3681,#3682),(#3683,#3684),(#3685,#3686),(#3687,#3688),(#3689,#3690),
(#3691,#3692),(#3693,#3694),(#3695,#3696),(#3697,#3698),(#3699,#3700),(#3701,
#3702),(#3703,#3704),(#3705,#3706),(#3707,#3708),(#3709,#3710),(#3711,#3712),
(#3713,#3714),(#3715,#3716),(#3717,#3718),(#3719,#3720),(#3721,#3722)),
 .UNSPECIFIED.,.F.,.F.,.F.,(4,1,1,1,1,1,1,1,1,1,1,1,1,1,1,1,1,1,1,1,1,1,
1,1,1,1,1,1,1,1,1,1,1,1,1,1,1,1,1,1,1,1,1,1,1,1,1,1,1,1,1,1,1,1,4),(2,2),
(0.,0.0625,0.125,0.15625,0.1875,0.21875,0.25,0.28125,0.3125,0.34375,0.359375,
0.375,0.390625,0.40625,0.421875,0.4375,0.4453125,0.453125,0.4609375,0.46875,
0.4765625,0.48046875,0.484375,0.48828125,0.4921875,0.49609375,0.498046875,
0.5,0.501953125,0.50390625,0.5078125,0.51171875,0.515625,0.51953125,0.5234375,
0.53125,0.5390625,0.546875,0.5546875,0.5625,0.578125,0.59375,0.609375,0.625,
0.640625,0.65625,0.6875,0.71875,0.75,0.78125,0.8125,0.84375,0.875,0.9375,
1.),(0.,0.480000000000009),.UNSPECIFIED.);
#19=B_SPLINE_SURFACE_WITH_KNOTS('',3,1,((#3880,#3881),(#3882,#3883),(#3884,
#3885),(#3886,#3887),(#3888,#3889),(#3890,#3891),(#3892,#3893),(#3894,#3895),
(#3896,#3897),(#3898,#3899),(#3900,#3901),(#3902,#3903),(#3904,#3905),(#3906,
#3907),(#3908,#3909),(#3910,#3911),(#3912,#3913),(#3914,#3915),(#3916,#3917),
(#3918,#3919),(#3920,#3921),(#3922,#3923),(#3924,#3925),(#3926,#3927),(#3928,
#3929),(#3930,#3931),(#3932,#3933),(#3934,#3935),(#3936,#3937),(#3938,#3939),
(#3940,#3941),(#3942,#3943),(#3944,#3945),(#3946,#3947),(#3948,#3949),(#3950,
#3951),(#3952,#3953),(#3954,#3955),(#3956,#3957),(#3958,#3959),(#3960,#3961),
(#3962,#3963),(#3964,#3965),(#3966,#3967),(#3968,#3969),(#3970,#3971),(#3972,
#3973),(#3974,#3975),(#3976,#3977),(#3978,#3979),(#3980,#3981),(#3982,#3983),
(#3984,#3985),(#3986,#3987),(#3988,#3989),(#3990,#3991),(#3992,#3993)),
 .UNSPECIFIED.,.F.,.F.,.F.,(4,1,1,1,1,1,1,1,1,1,1,1,1,1,1,1,1,1,1,1,1,1,
1,1,1,1,1,1,1,1,1,1,1,1,1,1,1,1,1,1,1,1,1,1,1,1,1,1,1,1,1,1,1,1,4),(2,2),
(0.,0.0625,0.125,0.15625,0.1875,0.21875,0.25,0.28125,0.3125,0.34375,0.359375,
0.375,0.390625,0.40625,0.421875,0.4375,0.4453125,0.453125,0.4609375,0.46875,
0.4765625,0.48046875,0.484375,0.48828125,0.4921875,0.49609375,0.498046875,
0.5,0.501953125,0.50390625,0.5078125,0.51171875,0.515625,0.51953125,0.5234375,
0.53125,0.5390625,0.546875,0.5546875,0.5625,0.578125,0.59375,0.609375,0.625,
0.640625,0.65625,0.6875,0.71875,0.75,0.78125,0.8125,0.84375,0.875,0.9375,
1.),(0.,0.480000000000002),.UNSPECIFIED.);
#20=B_SPLINE_SURFACE_WITH_KNOTS('',3,1,((#4162,#4163),(#4164,#4165),(#4166,
#4167),(#4168,#4169)),.UNSPECIFIED.,.F.,.F.,.F.,(4,4),(2,2),(0.,0.0692677246891496),
(0.,2.52),.UNSPECIFIED.);
#21=B_SPLINE_SURFACE_WITH_KNOTS('',3,1,((#4171,#4172),(#4173,#4174),(#4175,
#4176),(#4177,#4178)),.UNSPECIFIED.,.F.,.F.,.F.,(4,4),(2,2),(0.9307323336088,
1.),(0.,2.52),.UNSPECIFIED.);
#22=B_SPLINE_SURFACE_WITH_KNOTS('',3,1,((#4181,#4182),(#4183,#4184),(#4185,
#4186),(#4187,#4188)),.UNSPECIFIED.,.F.,.F.,.F.,(4,4),(2,2),(0.9307323336088,
1.),(0.,2.52),.UNSPECIFIED.);
#23=B_SPLINE_SURFACE_WITH_KNOTS('',3,1,((#4200,#4201),(#4202,#4203),(#4204,
#4205),(#4206,#4207)),.UNSPECIFIED.,.F.,.F.,.F.,(4,4),(2,2),(0.,0.0692677246891496),
(0.,2.52),.UNSPECIFIED.);
#24=B_SPLINE_SURFACE_WITH_KNOTS('',3,1,((#4343,#4344),(#4345,#4346),(#4347,
#4348),(#4349,#4350),(#4351,#4352),(#4353,#4354),(#4355,#4356),(#4357,#4358),
(#4359,#4360),(#4361,#4362),(#4363,#4364),(#4365,#4366),(#4367,#4368),(#4369,
#4370),(#4371,#4372),(#4373,#4374),(#4375,#4376),(#4377,#4378),(#4379,#4380),
(#4381,#4382),(#4383,#4384),(#4385,#4386),(#4387,#4388),(#4389,#4390),(#4391,
#4392),(#4393,#4394),(#4395,#4396),(#4397,#4398),(#4399,#4400),(#4401,#4402),
(#4403,#4404),(#4405,#4406),(#4407,#4408),(#4409,#4410),(#4411,#4412),(#4413,
#4414),(#4415,#4416),(#4417,#4418),(#4419,#4420),(#4421,#4422),(#4423,#4424),
(#4425,#4426),(#4427,#4428),(#4429,#4430),(#4431,#4432),(#4433,#4434),(#4435,
#4436),(#4437,#4438),(#4439,#4440),(#4441,#4442),(#4443,#4444),(#4445,#4446),
(#4447,#4448),(#4449,#4450),(#4451,#4452),(#4453,#4454),(#4455,#4456)),
 .UNSPECIFIED.,.F.,.F.,.F.,(4,1,1,1,1,1,1,1,1,1,1,1,1,1,1,1,1,1,1,1,1,1,
1,1,1,1,1,1,1,1,1,1,1,1,1,1,1,1,1,1,1,1,1,1,1,1,1,1,1,1,1,1,1,1,4),(2,2),
(0.,0.0625,0.125,0.15625,0.1875,0.21875,0.25,0.28125,0.3125,0.34375,0.359375,
0.375,0.390625,0.40625,0.421875,0.4375,0.4453125,0.453125,0.4609375,0.46875,
0.4765625,0.48046875,0.484375,0.48828125,0.4921875,0.49609375,0.498046875,
0.5,0.501953125,0.50390625,0.5078125,0.51171875,0.515625,0.51953125,0.5234375,
0.53125,0.5390625,0.546875,0.5546875,0.5625,0.578125,0.59375,0.609375,0.625,
0.640625,0.65625,0.6875,0.71875,0.75,0.78125,0.8125,0.84375,0.875,0.9375,
1.),(0.,0.600000000000015),.UNSPECIFIED.);
#25=B_SPLINE_SURFACE_WITH_KNOTS('',3,1,((#4601,#4602),(#4603,#4604),(#4605,
#4606),(#4607,#4608),(#4609,#4610),(#4611,#4612),(#4613,#4614),(#4615,#4616),
(#4617,#4618),(#4619,#4620),(#4621,#4622),(#4623,#4624),(#4625,#4626),(#4627,
#4628),(#4629,#4630)),.UNSPECIFIED.,.F.,.F.,.F.,(4,1,1,1,1,1,1,1,1,1,1,
1,4),(2,2),(0.480150145632388,0.485112609224293,0.490075072816199,0.492556304612152,
0.495037536408105,0.497518768204057,0.50000000000001,0.502481231795963,
0.504962463591916,0.507443695387869,0.509924927183822,0.514887390775727,
0.519849854367633),(0.,2.4),.UNSPECIFIED.);
#26=B_SPLINE_SURFACE_WITH_KNOTS('',3,1,((#4655,#4656),(#4657,#4658),(#4659,
#4660),(#4661,#4662)),.UNSPECIFIED.,.F.,.F.,.F.,(4,4),(2,2),(0.,0.0692677246891453),
(0.,2.64),.UNSPECIFIED.);
#27=B_SPLINE_SURFACE_WITH_KNOTS('',3,1,((#4668,#4669),(#4670,#4671),(#4672,
#4673),(#4674,#4675)),.UNSPECIFIED.,.F.,.F.,.F.,(4,4),(2,2),(0.9307323336088,
1.),(0.,2.40000000000002),.UNSPECIFIED.);
#28=B_SPLINE_SURFACE_WITH_KNOTS('',3,1,((#4682,#4683),(#4684,#4685),(#4686,
#4687),(#4688,#4689)),.UNSPECIFIED.,.F.,.F.,.F.,(4,4),(2,2),(0.9307323336088,
1.),(0.,2.64),.UNSPECIFIED.);
#29=B_SPLINE_SURFACE_WITH_KNOTS('',3,1,((#4695,#4696),(#4697,#4698),(#4699,
#4700),(#4701,#4702),(#4703,#4704),(#4705,#4706),(#4707,#4708),(#4709,#4710),
(#4711,#4712),(#4713,#4714),(#4715,#4716),(#4717,#4718),(#4719,#4720),(#4721,
#4722),(#4723,#4724)),.UNSPECIFIED.,.F.,.F.,.F.,(4,1,1,1,1,1,1,1,1,1,1,
1,4),(2,2),(0.480150145632388,0.485112609224293,0.490075072816199,0.492556304612152,
0.495037536408105,0.497518768204057,0.50000000000001,0.502481231795963,
0.504962463591916,0.507443695387869,0.509924927183822,0.514887390775727,
0.519849854367633),(0.,2.64),.UNSPECIFIED.);
#30=B_SPLINE_SURFACE_WITH_KNOTS('',3,1,((#4753,#4754),(#4755,#4756),(#4757,
#4758),(#4759,#4760)),.UNSPECIFIED.,.F.,.F.,.F.,(4,4),(2,2),(0.,0.0692677246891496),
(0.,2.4),.UNSPECIFIED.);
#31=B_SPLINE_SURFACE_WITH_KNOTS('',3,1,((#4781,#4782),(#4783,#4784),(#4785,
#4786),(#4787,#4788),(#4789,#4790),(#4791,#4792),(#4793,#4794),(#4795,#4796),
(#4797,#4798),(#4799,#4800),(#4801,#4802),(#4803,#4804),(#4805,#4806),(#4807,
#4808),(#4809,#4810),(#4811,#4812),(#4813,#4814),(#4815,#4816),(#4817,#4818),
(#4819,#4820),(#4821,#4822),(#4823,#4824),(#4825,#4826),(#4827,#4828),(#4829,
#4830),(#4831,#4832),(#4833,#4834),(#4835,#4836),(#4837,#4838),(#4839,#4840),
(#4841,#4842),(#4843,#4844),(#4845,#4846),(#4847,#4848),(#4849,#4850),(#4851,
#4852),(#4853,#4854),(#4855,#4856),(#4857,#4858),(#4859,#4860),(#4861,#4862),
(#4863,#4864),(#4865,#4866),(#4867,#4868),(#4869,#4870),(#4871,#4872),(#4873,
#4874),(#4875,#4876),(#4877,#4878),(#4879,#4880),(#4881,#4882),(#4883,#4884),
(#4885,#4886),(#4887,#4888),(#4889,#4890),(#4891,#4892),(#4893,#4894)),
 .UNSPECIFIED.,.F.,.F.,.F.,(4,1,1,1,1,1,1,1,1,1,1,1,1,1,1,1,1,1,1,1,1,1,
1,1,1,1,1,1,1,1,1,1,1,1,1,1,1,1,1,1,1,1,1,1,1,1,1,1,1,1,1,1,1,1,4),(2,2),
(-1.41541983572281E-16,0.0624999999999999,0.125,0.15625,0.1875,0.21875,
0.25,0.28125,0.3125,0.34375,0.359375,0.375,0.390625,0.40625,0.421875,0.4375,
0.4453125,0.453125,0.4609375,0.46875,0.4765625,0.48046875,0.484375,0.48828125,
0.4921875,0.49609375,0.498046875,0.5,0.501953125,0.50390625,0.5078125,0.51171875,
0.515625,0.51953125,0.5234375,0.53125,0.5390625,0.546875,0.5546875,0.5625,
0.578125,0.59375,0.609375,0.625,0.640625,0.65625,0.6875,0.71875,0.75,0.78125,
0.8125,0.84375,0.875,0.9375,1.),(0.,0.480000000000042),.UNSPECIFIED.);
#32=FACE_BOUND('',#361,.T.);
#33=FACE_BOUND('',#362,.T.);
#34=FACE_BOUND('',#363,.T.);
#35=FACE_BOUND('',#364,.T.);
#36=FACE_BOUND('',#365,.T.);
#37=FACE_BOUND('',#366,.T.);
#38=FACE_BOUND('',#367,.T.);
#39=FACE_BOUND('',#368,.T.);
#40=FACE_BOUND('',#369,.T.);
#41=FACE_BOUND('',#402,.T.);
#42=FACE_BOUND('',#403,.T.);
#43=FACE_BOUND('',#404,.T.);
#44=FACE_BOUND('',#405,.T.);
#45=FACE_BOUND('',#406,.T.);
#46=FACE_BOUND('',#407,.T.);
#47=FACE_BOUND('',#408,.T.);
#48=FACE_BOUND('',#409,.T.);
#49=FACE_BOUND('',#410,.T.);
#50=FACE_BOUND('',#414,.T.);
#51=FACE_BOUND('',#415,.T.);
#52=FACE_BOUND('',#430,.T.);
#53=FACE_BOUND('',#431,.T.);
#54=FACE_BOUND('',#432,.T.);
#55=FACE_BOUND('',#433,.T.);
#56=FACE_BOUND('',#434,.T.);
#57=FACE_BOUND('',#435,.T.);
#58=FACE_BOUND('',#436,.T.);
#59=FACE_BOUND('',#437,.T.);
#60=FACE_BOUND('',#438,.T.);
#61=FACE_BOUND('',#440,.T.);
#62=FACE_BOUND('',#441,.T.);
#63=FACE_BOUND('',#442,.T.);
#64=FACE_BOUND('',#443,.T.);
#65=FACE_BOUND('',#444,.T.);
#66=FACE_BOUND('',#445,.T.);
#67=FACE_BOUND('',#446,.T.);
#68=FACE_BOUND('',#447,.T.);
#69=FACE_BOUND('',#448,.T.);
#70=FACE_BOUND('',#450,.T.);
#71=FACE_BOUND('',#451,.T.);
#72=FACE_BOUND('',#452,.T.);
#73=FACE_BOUND('',#453,.T.);
#74=FACE_BOUND('',#454,.T.);
#75=FACE_BOUND('',#455,.T.);
#76=FACE_BOUND('',#456,.T.);
#77=FACE_BOUND('',#457,.T.);
#78=FACE_BOUND('',#458,.T.);
#79=FACE_BOUND('',#476,.T.);
#80=FACE_BOUND('',#477,.T.);
#81=FACE_BOUND('',#478,.T.);
#82=FACE_BOUND('',#479,.T.);
#83=FACE_BOUND('',#480,.T.);
#84=FACE_BOUND('',#481,.T.);
#85=FACE_BOUND('',#482,.T.);
#86=FACE_BOUND('',#483,.T.);
#87=FACE_BOUND('',#517,.T.);
#88=FACE_BOUND('',#518,.T.);
#89=FACE_BOUND('',#519,.T.);
#90=FACE_BOUND('',#520,.T.);
#91=FACE_BOUND('',#521,.T.);
#92=FACE_BOUND('',#522,.T.);
#93=FACE_BOUND('',#523,.T.);
#94=FACE_BOUND('',#524,.T.);
#95=FACE_BOUND('',#525,.T.);
#96=FACE_BOUND('',#527,.T.);
#97=FACE_BOUND('',#528,.T.);
#98=FACE_BOUND('',#529,.T.);
#99=FACE_BOUND('',#530,.T.);
#100=FACE_BOUND('',#531,.T.);
#101=FACE_BOUND('',#532,.T.);
#102=FACE_BOUND('',#533,.T.);
#103=FACE_BOUND('',#534,.T.);
#104=CIRCLE('',#2178,2.5);
#105=CIRCLE('',#2179,2.5);
#106=CIRCLE('',#2181,1.58739008747265);
#107=CIRCLE('',#2182,1.58739008747265);
#108=CIRCLE('',#2184,0.769094517692257);
#109=CIRCLE('',#2185,0.769094517692257);
#110=CIRCLE('',#2188,9.89886592735058);
#111=CIRCLE('',#2189,2.5);
#112=CIRCLE('',#2190,2.);
#113=CIRCLE('',#2191,2.5);
#114=CIRCLE('',#2192,2.5);
#115=CIRCLE('',#2193,2.5);
#116=CIRCLE('',#2194,2.5);
#117=CIRCLE('',#2195,0.769094517692257);
#118=CIRCLE('',#2196,1.61300626894953);
#119=CIRCLE('',#2200,2.5);
#120=CIRCLE('',#2202,2.5);
#121=CIRCLE('',#2203,2.5);
#122=CIRCLE('',#2206,2.5);
#123=CIRCLE('',#2211,2.5);
#124=CIRCLE('',#2214,1.61300626894953);
#125=CIRCLE('',#2216,0.769094517692257);
#126=CIRCLE('',#2217,0.769094517692257);
#127=CIRCLE('',#2219,0.769094517692257);
#128=CIRCLE('',#2221,1.61300626894953);
#129=CIRCLE('',#2222,1.61300626894953);
#130=CIRCLE('',#2224,9.89886592735058);
#131=CIRCLE('',#2227,2.5);
#132=CIRCLE('',#2228,2.5);
#133=CIRCLE('',#2231,2.5);
#134=CIRCLE('',#2233,2.5);
#135=CIRCLE('',#2234,2.5);
#136=CIRCLE('',#2236,2.5);
#137=CIRCLE('',#2241,2.5);
#138=CIRCLE('',#2242,2.5);
#139=CIRCLE('',#2246,0.0882);
#140=CIRCLE('',#2248,2.);
#141=CIRCLE('',#2250,2.);
#142=CIRCLE('',#2252,0.0882);
#143=CIRCLE('',#2254,2.);
#144=CIRCLE('',#2255,2.);
#145=CIRCLE('',#2257,2.);
#146=CIRCLE('',#2259,2.5);
#147=CIRCLE('',#2260,2.5);
#148=CIRCLE('',#2262,1.58739008747265);
#149=CIRCLE('',#2263,1.58739008747265);
#150=CIRCLE('',#2265,1.58739008747265);
#151=CIRCLE('',#2266,1.58739008747265);
#152=CIRCLE('',#2268,1.61300626894953);
#153=CIRCLE('',#2269,1.61300626894953);
#154=CIRCLE('',#2272,2.5);
#155=CIRCLE('',#2273,2.5);
#156=CIRCLE('',#2276,2.5);
#157=CIRCLE('',#2277,2.5);
#158=CIRCLE('',#2279,0.769094517692257);
#159=CIRCLE('',#2281,9.89886592735058);
#160=CIRCLE('',#2283,9.89886592735058);
#161=CIRCLE('',#2284,2.5);
#162=CIRCLE('',#2285,2.5);
#163=CIRCLE('',#2286,2.5);
#164=CIRCLE('',#2287,2.5);
#165=CIRCLE('',#2288,2.5);
#166=CIRCLE('',#2290,9.89886592735058);
#167=CIRCLE('',#2292,2.);
#168=CIRCLE('',#2294,2.5);
#169=CIRCLE('',#2297,2.5);
#170=CIRCLE('',#2300,2.5);
#171=CIRCLE('',#2304,2.5);
#172=CIRCLE('',#2308,2.5);
#173=CIRCLE('',#2310,9.89886592735058);
#174=CIRCLE('',#2311,2.);
#175=CIRCLE('',#2313,1.58739008747265);
#176=CIRCLE('',#2314,1.58739008747265);
#177=CIRCLE('',#2318,0.769094517692257);
#178=CIRCLE('',#2320,2.5);
#179=CIRCLE('',#2321,2.5);
#180=CIRCLE('',#2323,2.5);
#181=CIRCLE('',#2324,2.5);
#182=CIRCLE('',#2327,2.5);
#183=CIRCLE('',#2328,2.5);
#184=CIRCLE('',#2330,2.);
#185=CIRCLE('',#2333,2.);
#186=CIRCLE('',#2338,2.5);
#187=CIRCLE('',#2339,2.5);
#188=CIRCLE('',#2344,9.89886592735058);
#189=CIRCLE('',#2345,9.89886592735058);
#190=CIRCLE('',#2347,2.5);
#191=CIRCLE('',#2348,2.5);
#192=CIRCLE('',#2351,2.5);
#193=CIRCLE('',#2352,2.5);
#194=CIRCLE('',#2356,1.61300626894953);
#195=CIRCLE('',#2358,1.61300626894953);
#196=CYLINDRICAL_SURFACE('',#2177,2.5);
#197=CYLINDRICAL_SURFACE('',#2180,1.58739008747265);
#198=CYLINDRICAL_SURFACE('',#2183,0.769094517692257);
#199=CYLINDRICAL_SURFACE('',#2199,2.5);
#200=CYLINDRICAL_SURFACE('',#2201,2.5);
#201=CYLINDRICAL_SURFACE('',#2205,2.5);
#202=CYLINDRICAL_SURFACE('',#2210,2.5);
#203=CYLINDRICAL_SURFACE('',#2213,1.61300626894953);
#204=CYLINDRICAL_SURFACE('',#2215,0.769094517692257);
#205=CYLINDRICAL_SURFACE('',#2218,0.769094517692257);
#206=CYLINDRICAL_SURFACE('',#2220,1.61300626894953);
#207=CYLINDRICAL_SURFACE('',#2223,9.89886592735058);
#208=CYLINDRICAL_SURFACE('',#2226,2.5);
#209=CYLINDRICAL_SURFACE('',#2230,2.5);
#210=CYLINDRICAL_SURFACE('',#2232,2.5);
#211=CYLINDRICAL_SURFACE('',#2235,2.5);
#212=CYLINDRICAL_SURFACE('',#2240,2.5);
#213=CYLINDRICAL_SURFACE('',#2249,2.);
#214=CYLINDRICAL_SURFACE('',#2253,2.);
#215=CYLINDRICAL_SURFACE('',#2256,2.);
#216=CYLINDRICAL_SURFACE('',#2258,2.5);
#217=CYLINDRICAL_SURFACE('',#2261,1.58739008747265);
#218=CYLINDRICAL_SURFACE('',#2264,1.58739008747265);
#219=CYLINDRICAL_SURFACE('',#2267,1.61300626894953);
#220=CYLINDRICAL_SURFACE('',#2271,2.5);
#221=CYLINDRICAL_SURFACE('',#2275,2.5);
#222=CYLINDRICAL_SURFACE('',#2293,2.5);
#223=CYLINDRICAL_SURFACE('',#2296,2.5);
#224=CYLINDRICAL_SURFACE('',#2299,2.5);
#225=CYLINDRICAL_SURFACE('',#2302,9.89886592735058);
#226=CYLINDRICAL_SURFACE('',#2303,2.5);
#227=CYLINDRICAL_SURFACE('',#2307,2.5);
#228=CYLINDRICAL_SURFACE('',#2312,1.58739008747265);
#229=CYLINDRICAL_SURFACE('',#2315,0.0882);
#230=CYLINDRICAL_SURFACE('',#2317,0.769094517692257);
#231=CYLINDRICAL_SURFACE('',#2319,2.5);
#232=CYLINDRICAL_SURFACE('',#2322,2.5);
#233=CYLINDRICAL_SURFACE('',#2326,2.5);
#234=CYLINDRICAL_SURFACE('',#2329,2.);
#235=CYLINDRICAL_SURFACE('',#2332,2.);
#236=CYLINDRICAL_SURFACE('',#2337,2.5);
#237=CYLINDRICAL_SURFACE('',#2343,9.89886592735058);
#238=CYLINDRICAL_SURFACE('',#2346,2.5);
#239=CYLINDRICAL_SURFACE('',#2349,9.89886592735058);
#240=CYLINDRICAL_SURFACE('',#2350,2.5);
#241=CYLINDRICAL_SURFACE('',#2359,1.61300626894953);
#242=FACE_OUTER_BOUND('',#353,.T.);
#243=FACE_OUTER_BOUND('',#354,.T.);
#244=FACE_OUTER_BOUND('',#355,.T.);
#245=FACE_OUTER_BOUND('',#356,.T.);
#246=FACE_OUTER_BOUND('',#357,.T.);
#247=FACE_OUTER_BOUND('',#358,.T.);
#248=FACE_OUTER_BOUND('',#359,.T.);
#249=FACE_OUTER_BOUND('',#360,.T.);
#250=FACE_OUTER_BOUND('',#370,.T.);
#251=FACE_OUTER_BOUND('',#371,.T.);
#252=FACE_OUTER_BOUND('',#372,.T.);
#253=FACE_OUTER_BOUND('',#373,.T.);
#254=FACE_OUTER_BOUND('',#374,.T.);
#255=FACE_OUTER_BOUND('',#375,.T.);
#256=FACE_OUTER_BOUND('',#376,.T.);
#257=FACE_OUTER_BOUND('',#377,.T.);
#258=FACE_OUTER_BOUND('',#378,.T.);
#259=FACE_OUTER_BOUND('',#379,.T.);
#260=FACE_OUTER_BOUND('',#380,.T.);
#261=FACE_OUTER_BOUND('',#381,.T.);
#262=FACE_OUTER_BOUND('',#382,.T.);
#263=FACE_OUTER_BOUND('',#383,.T.);
#264=FACE_OUTER_BOUND('',#384,.T.);
#265=FACE_OUTER_BOUND('',#385,.T.);
#266=FACE_OUTER_BOUND('',#386,.T.);
#267=FACE_OUTER_BOUND('',#387,.T.);
#268=FACE_OUTER_BOUND('',#388,.T.);
#269=FACE_OUTER_BOUND('',#389,.T.);
#270=FACE_OUTER_BOUND('',#390,.T.);
#271=FACE_OUTER_BOUND('',#391,.T.);
#272=FACE_OUTER_BOUND('',#392,.T.);
#273=FACE_OUTER_BOUND('',#393,.T.);
#274=FACE_OUTER_BOUND('',#394,.T.);
#275=FACE_OUTER_BOUND('',#395,.T.);
#276=FACE_OUTER_BOUND('',#396,.T.);
#277=FACE_OUTER_BOUND('',#397,.T.);
#278=FACE_OUTER_BOUND('',#398,.T.);
#279=FACE_OUTER_BOUND('',#399,.T.);
#280=FACE_OUTER_BOUND('',#400,.T.);
#281=FACE_OUTER_BOUND('',#401,.T.);
#282=FACE_OUTER_BOUND('',#411,.T.);
#283=FACE_OUTER_BOUND('',#412,.T.);
#284=FACE_OUTER_BOUND('',#413,.T.);
#285=FACE_OUTER_BOUND('',#416,.T.);
#286=FACE_OUTER_BOUND('',#417,.T.);
#287=FACE_OUTER_BOUND('',#418,.T.);
#288=FACE_OUTER_BOUND('',#419,.T.);
#289=FACE_OUTER_BOUND('',#420,.T.);
#290=FACE_OUTER_BOUND('',#421,.T.);
#291=FACE_OUTER_BOUND('',#422,.T.);
#292=FACE_OUTER_BOUND('',#423,.T.);
#293=FACE_OUTER_BOUND('',#424,.T.);
#294=FACE_OUTER_BOUND('',#425,.T.);
#295=FACE_OUTER_BOUND('',#426,.T.);
#296=FACE_OUTER_BOUND('',#427,.T.);
#297=FACE_OUTER_BOUND('',#428,.T.);
#298=FACE_OUTER_BOUND('',#429,.T.);
#299=FACE_OUTER_BOUND('',#439,.T.);
#300=FACE_OUTER_BOUND('',#449,.T.);
#301=FACE_OUTER_BOUND('',#459,.T.);
#302=FACE_OUTER_BOUND('',#460,.T.);
#303=FACE_OUTER_BOUND('',#461,.T.);
#304=FACE_OUTER_BOUND('',#462,.T.);
#305=FACE_OUTER_BOUND('',#463,.T.);
#306=FACE_OUTER_BOUND('',#464,.T.);
#307=FACE_OUTER_BOUND('',#465,.T.);
#308=FACE_OUTER_BOUND('',#466,.T.);
#309=FACE_OUTER_BOUND('',#467,.T.);
#310=FACE_OUTER_BOUND('',#468,.T.);
#311=FACE_OUTER_BOUND('',#469,.T.);
#312=FACE_OUTER_BOUND('',#470,.T.);
#313=FACE_OUTER_BOUND('',#471,.T.);
#314=FACE_OUTER_BOUND('',#472,.T.);
#315=FACE_OUTER_BOUND('',#473,.T.);
#316=FACE_OUTER_BOUND('',#474,.T.);
#317=FACE_OUTER_BOUND('',#475,.T.);
#318=FACE_OUTER_BOUND('',#484,.T.);
#319=FACE_OUTER_BOUND('',#485,.T.);
#320=FACE_OUTER_BOUND('',#486,.T.);
#321=FACE_OUTER_BOUND('',#487,.T.);
#322=FACE_OUTER_BOUND('',#488,.T.);
#323=FACE_OUTER_BOUND('',#489,.T.);
#324=FACE_OUTER_BOUND('',#490,.T.);
#325=FACE_OUTER_BOUND('',#491,.T.);
#326=FACE_OUTER_BOUND('',#492,.T.);
#327=FACE_OUTER_BOUND('',#493,.T.);
#328=FACE_OUTER_BOUND('',#494,.T.);
#329=FACE_OUTER_BOUND('',#495,.T.);
#330=FACE_OUTER_BOUND('',#496,.T.);
#331=FACE_OUTER_BOUND('',#497,.T.);
#332=FACE_OUTER_BOUND('',#498,.T.);
#333=FACE_OUTER_BOUND('',#499,.T.);
#334=FACE_OUTER_BOUND('',#500,.T.);
#335=FACE_OUTER_BOUND('',#501,.T.);
#336=FACE_OUTER_BOUND('',#502,.T.);
#337=FACE_OUTER_BOUND('',#503,.T.);
#338=FACE_OUTER_BOUND('',#504,.T.);
#339=FACE_OUTER_BOUND('',#505,.T.);
#340=FACE_OUTER_BOUND('',#506,.T.);
#341=FACE_OUTER_BOUND('',#507,.T.);
#342=FACE_OUTER_BOUND('',#508,.T.);
#343=FACE_OUTER_BOUND('',#509,.T.);
#344=FACE_OUTER_BOUND('',#510,.T.);
#345=FACE_OUTER_BOUND('',#511,.T.);
#346=FACE_OUTER_BOUND('',#512,.T.);
#347=FACE_OUTER_BOUND('',#513,.T.);
#348=FACE_OUTER_BOUND('',#514,.T.);
#349=FACE_OUTER_BOUND('',#515,.T.);
#350=FACE_OUTER_BOUND('',#516,.T.);
#351=FACE_OUTER_BOUND('',#526,.T.);
#352=FACE_OUTER_BOUND('',#535,.T.);
#353=EDGE_LOOP('',(#1391,#1392));
#354=EDGE_LOOP('',(#1393,#1394,#1395,#1396));
#355=EDGE_LOOP('',(#1397,#1398,#1399,#1400));
#356=EDGE_LOOP('',(#1401,#1402,#1403,#1404));
#357=EDGE_LOOP('',(#1405,#1406,#1407,#1408));
#358=EDGE_LOOP('',(#1409,#1410,#1411,#1412));
#359=EDGE_LOOP('',(#1413,#1414));
#360=EDGE_LOOP('',(#1415,#1416,#1417,#1418,#1419,#1420));
#361=EDGE_LOOP('',(#1421));
#362=EDGE_LOOP('',(#1422,#1423));
#363=EDGE_LOOP('',(#1424,#1425));
#364=EDGE_LOOP('',(#1426,#1427));
#365=EDGE_LOOP('',(#1428,#1429));
#366=EDGE_LOOP('',(#1430,#1431));
#367=EDGE_LOOP('',(#1432));
#368=EDGE_LOOP('',(#1433));
#369=EDGE_LOOP('',(#1434));
#370=EDGE_LOOP('',(#1435,#1436));
#371=EDGE_LOOP('',(#1437,#1438));
#372=EDGE_LOOP('',(#1439,#1440,#1441,#1442));
#373=EDGE_LOOP('',(#1443,#1444,#1445,#1446));
#374=EDGE_LOOP('',(#1447,#1448,#1449,#1450));
#375=EDGE_LOOP('',(#1451,#1452,#1453,#1454));
#376=EDGE_LOOP('',(#1455,#1456,#1457,#1458));
#377=EDGE_LOOP('',(#1459,#1460,#1461,#1462));
#378=EDGE_LOOP('',(#1463,#1464,#1465,#1466));
#379=EDGE_LOOP('',(#1467,#1468,#1469,#1470));
#380=EDGE_LOOP('',(#1471,#1472,#1473,#1474));
#381=EDGE_LOOP('',(#1475,#1476,#1477,#1478));
#382=EDGE_LOOP('',(#1479,#1480,#1481,#1482));
#383=EDGE_LOOP('',(#1483,#1484,#1485,#1486));
#384=EDGE_LOOP('',(#1487,#1488,#1489,#1490));
#385=EDGE_LOOP('',(#1491,#1492,#1493,#1494));
#386=EDGE_LOOP('',(#1495,#1496,#1497,#1498));
#387=EDGE_LOOP('',(#1499,#1500,#1501,#1502));
#388=EDGE_LOOP('',(#1503,#1504,#1505,#1506));
#389=EDGE_LOOP('',(#1507,#1508,#1509,#1510));
#390=EDGE_LOOP('',(#1511,#1512,#1513,#1514));
#391=EDGE_LOOP('',(#1515,#1516,#1517,#1518));
#392=EDGE_LOOP('',(#1519,#1520,#1521,#1522));
#393=EDGE_LOOP('',(#1523,#1524,#1525,#1526));
#394=EDGE_LOOP('',(#1527,#1528,#1529,#1530));
#395=EDGE_LOOP('',(#1531,#1532,#1533,#1534));
#396=EDGE_LOOP('',(#1535,#1536,#1537,#1538));
#397=EDGE_LOOP('',(#1539,#1540,#1541,#1542));
#398=EDGE_LOOP('',(#1543,#1544,#1545,#1546));
#399=EDGE_LOOP('',(#1547,#1548,#1549,#1550));
#400=EDGE_LOOP('',(#1551,#1552));
#401=EDGE_LOOP('',(#1553,#1554,#1555,#1556,#1557,#1558));
#402=EDGE_LOOP('',(#1559,#1560));
#403=EDGE_LOOP('',(#1561,#1562));
#404=EDGE_LOOP('',(#1563,#1564));
#405=EDGE_LOOP('',(#1565,#1566));
#406=EDGE_LOOP('',(#1567,#1568));
#407=EDGE_LOOP('',(#1569));
#408=EDGE_LOOP('',(#1570));
#409=EDGE_LOOP('',(#1571));
#410=EDGE_LOOP('',(#1572));
#411=EDGE_LOOP('',(#1573,#1574,#1575,#1576,#1577,#1578,#1579,#1580,#1581,
#1582));
#412=EDGE_LOOP('',(#1583,#1584,#1585,#1586));
#413=EDGE_LOOP('',(#1587,#1588));
#414=EDGE_LOOP('',(#1589));
#415=EDGE_LOOP('',(#1590));
#416=EDGE_LOOP('',(#1591,#1592,#1593,#1594));
#417=EDGE_LOOP('',(#1595,#1596,#1597,#1598,#1599,#1600,#1601,#1602,#1603,
#1604,#1605,#1606,#1607,#1608,#1609,#1610));
#418=EDGE_LOOP('',(#1611,#1612,#1613,#1614));
#419=EDGE_LOOP('',(#1615,#1616,#1617,#1618,#1619,#1620,#1621,#1622,#1623,
#1624,#1625,#1626,#1627,#1628,#1629,#1630));
#420=EDGE_LOOP('',(#1631,#1632,#1633,#1634));
#421=EDGE_LOOP('',(#1635,#1636,#1637,#1638));
#422=EDGE_LOOP('',(#1639,#1640,#1641,#1642));
#423=EDGE_LOOP('',(#1643,#1644,#1645,#1646));
#424=EDGE_LOOP('',(#1647,#1648,#1649,#1650));
#425=EDGE_LOOP('',(#1651,#1652,#1653,#1654));
#426=EDGE_LOOP('',(#1655,#1656,#1657,#1658));
#427=EDGE_LOOP('',(#1659,#1660,#1661,#1662));
#428=EDGE_LOOP('',(#1663));
#429=EDGE_LOOP('',(#1664,#1665,#1666,#1667,#1668,#1669));
#430=EDGE_LOOP('',(#1670));
#431=EDGE_LOOP('',(#1671,#1672));
#432=EDGE_LOOP('',(#1673,#1674));
#433=EDGE_LOOP('',(#1675,#1676));
#434=EDGE_LOOP('',(#1677,#1678));
#435=EDGE_LOOP('',(#1679,#1680));
#436=EDGE_LOOP('',(#1681));
#437=EDGE_LOOP('',(#1682));
#438=EDGE_LOOP('',(#1683));
#439=EDGE_LOOP('',(#1684,#1685,#1686,#1687,#1688,#1689));
#440=EDGE_LOOP('',(#1690,#1691));
#441=EDGE_LOOP('',(#1692,#1693));
#442=EDGE_LOOP('',(#1694,#1695));
#443=EDGE_LOOP('',(#1696,#1697));
#444=EDGE_LOOP('',(#1698,#1699));
#445=EDGE_LOOP('',(#1700));
#446=EDGE_LOOP('',(#1701));
#447=EDGE_LOOP('',(#1702));
#448=EDGE_LOOP('',(#1703));
#449=EDGE_LOOP('',(#1704,#1705,#1706,#1707,#1708,#1709));
#450=EDGE_LOOP('',(#1710,#1711));
#451=EDGE_LOOP('',(#1712,#1713));
#452=EDGE_LOOP('',(#1714,#1715));
#453=EDGE_LOOP('',(#1716,#1717));
#454=EDGE_LOOP('',(#1718,#1719));
#455=EDGE_LOOP('',(#1720));
#456=EDGE_LOOP('',(#1721));
#457=EDGE_LOOP('',(#1722));
#458=EDGE_LOOP('',(#1723));
#459=EDGE_LOOP('',(#1724));
#460=EDGE_LOOP('',(#1725,#1726,#1727,#1728));
#461=EDGE_LOOP('',(#1729,#1730,#1731,#1732));
#462=EDGE_LOOP('',(#1733,#1734,#1735,#1736));
#463=EDGE_LOOP('',(#1737,#1738));
#464=EDGE_LOOP('',(#1739,#1740,#1741,#1742));
#465=EDGE_LOOP('',(#1743,#1744,#1745,#1746));
#466=EDGE_LOOP('',(#1747,#1748,#1749,#1750));
#467=EDGE_LOOP('',(#1751,#1752,#1753,#1754));
#468=EDGE_LOOP('',(#1755,#1756,#1757,#1758));
#469=EDGE_LOOP('',(#1759,#1760,#1761,#1762));
#470=EDGE_LOOP('',(#1763,#1764,#1765,#1766));
#471=EDGE_LOOP('',(#1767,#1768,#1769,#1770));
#472=EDGE_LOOP('',(#1771,#1772,#1773,#1774));
#473=EDGE_LOOP('',(#1775,#1776,#1777,#1778));
#474=EDGE_LOOP('',(#1779,#1780,#1781,#1782));
#475=EDGE_LOOP('',(#1783,#1784,#1785,#1786,#1787,#1788));
#476=EDGE_LOOP('',(#1789));
#477=EDGE_LOOP('',(#1790));
#478=EDGE_LOOP('',(#1791));
#479=EDGE_LOOP('',(#1792,#1793));
#480=EDGE_LOOP('',(#1794,#1795));
#481=EDGE_LOOP('',(#1796,#1797));
#482=EDGE_LOOP('',(#1798,#1799));
#483=EDGE_LOOP('',(#1800,#1801));
#484=EDGE_LOOP('',(#1802,#1803,#1804,#1805));
#485=EDGE_LOOP('',(#1806,#1807,#1808,#1809,#1810,#1811,#1812,#1813,#1814,
#1815,#1816,#1817,#1818,#1819,#1820,#1821,#1822,#1823,#1824,#1825));
#486=EDGE_LOOP('',(#1826,#1827,#1828,#1829));
#487=EDGE_LOOP('',(#1830,#1831,#1832,#1833));
#488=EDGE_LOOP('',(#1834,#1835,#1836,#1837));
#489=EDGE_LOOP('',(#1838,#1839,#1840,#1841));
#490=EDGE_LOOP('',(#1842,#1843,#1844,#1845));
#491=EDGE_LOOP('',(#1846,#1847,#1848,#1849));
#492=EDGE_LOOP('',(#1850,#1851,#1852,#1853));
#493=EDGE_LOOP('',(#1854,#1855));
#494=EDGE_LOOP('',(#1856,#1857,#1858,#1859,#1860,#1861,#1862,#1863,#1864,
#1865));
#495=EDGE_LOOP('',(#1866,#1867,#1868,#1869));
#496=EDGE_LOOP('',(#1870,#1871,#1872,#1873));
#497=EDGE_LOOP('',(#1874,#1875));
#498=EDGE_LOOP('',(#1876,#1877));
#499=EDGE_LOOP('',(#1878,#1879,#1880,#1881));
#500=EDGE_LOOP('',(#1882,#1883,#1884,#1885));
#501=EDGE_LOOP('',(#1886,#1887,#1888,#1889));
#502=EDGE_LOOP('',(#1890,#1891,#1892,#1893));
#503=EDGE_LOOP('',(#1894,#1895,#1896,#1897));
#504=EDGE_LOOP('',(#1898,#1899,#1900,#1901));
#505=EDGE_LOOP('',(#1902,#1903,#1904,#1905));
#506=EDGE_LOOP('',(#1906,#1907,#1908,#1909));
#507=EDGE_LOOP('',(#1910,#1911,#1912,#1913));
#508=EDGE_LOOP('',(#1914,#1915,#1916,#1917));
#509=EDGE_LOOP('',(#1918,#1919,#1920,#1921));
#510=EDGE_LOOP('',(#1922,#1923,#1924,#1925));
#511=EDGE_LOOP('',(#1926,#1927,#1928,#1929));
#512=EDGE_LOOP('',(#1930,#1931,#1932,#1933));
#513=EDGE_LOOP('',(#1934,#1935,#1936,#1937));
#514=EDGE_LOOP('',(#1938,#1939,#1940,#1941));
#515=EDGE_LOOP('',(#1942,#1943,#1944,#1945,#1946,#1947,#1948,#1949,#1950,
#1951,#1952,#1953,#1954,#1955,#1956,#1957));
#516=EDGE_LOOP('',(#1958,#1959,#1960,#1961,#1962,#1963));
#517=EDGE_LOOP('',(#1964));
#518=EDGE_LOOP('',(#1965,#1966));
#519=EDGE_LOOP('',(#1967,#1968));
#520=EDGE_LOOP('',(#1969));
#521=EDGE_LOOP('',(#1970));
#522=EDGE_LOOP('',(#1971,#1972));
#523=EDGE_LOOP('',(#1973,#1974));
#524=EDGE_LOOP('',(#1975,#1976));
#525=EDGE_LOOP('',(#1977));
#526=EDGE_LOOP('',(#1978,#1979,#1980,#1981,#1982,#1983));
#527=EDGE_LOOP('',(#1984));
#528=EDGE_LOOP('',(#1985,#1986));
#529=EDGE_LOOP('',(#1987,#1988));
#530=EDGE_LOOP('',(#1989,#1990));
#531=EDGE_LOOP('',(#1991,#1992));
#532=EDGE_LOOP('',(#1993,#1994));
#533=EDGE_LOOP('',(#1995));
#534=EDGE_LOOP('',(#1996));
#535=EDGE_LOOP('',(#1997,#1998,#1999,#2000));
#536=B_SPLINE_CURVE_WITH_KNOTS('',3,(#2894,#2895,#2896,#2897,#2898,#2899),
 .UNSPECIFIED.,.F.,.F.,(4,1,1,4),(0.407135746737212,0.421875,0.4375,0.442163477763003),
 .UNSPECIFIED.);
#537=B_SPLINE_CURVE_WITH_KNOTS('',3,(#2937,#2938,#2939,#2940,#2941,#2942),
 .UNSPECIFIED.,.F.,.F.,(4,1,1,4),(0.407135746737212,0.421875,0.4375,0.442163477762999),
 .UNSPECIFIED.);
#538=B_SPLINE_CURVE_WITH_KNOTS('',3,(#2946,#2947,#2948,#2949,#2950,#2951,
#2952,#2953,#2954,#2955,#2956,#2957,#2958,#2959,#2960,#2961,#2962,#2963,
#2964,#2965,#2966,#2967,#2968),.UNSPECIFIED.,.F.,.F.,(4,1,1,1,1,1,1,1,1,
1,1,1,1,1,1,1,1,1,1,1,4),(0.519849867318335,0.5234375,0.53125,0.5390625,
0.546875,0.5546875,0.5625,0.578125,0.59375,0.609375,0.625,0.640625,0.65625,
0.6875,0.71875,0.75,0.78125,0.8125,0.84375,0.875,0.930732345031902),
 .UNSPECIFIED.);
#539=B_SPLINE_CURVE_WITH_KNOTS('',3,(#2971,#2972,#2973,#2974,#2975,#2976,
#2977,#2978,#2979,#2980,#2981,#2982,#2983,#2984,#2985,#2986),
 .UNSPECIFIED.,.F.,.F.,(4,1,1,1,1,1,1,1,1,1,1,1,1,4),(0.0692677071199663,
0.125,0.15625,0.1875,0.21875,0.25,0.28125,0.3125,0.34375,0.359375,0.375,
0.390625,0.40625,0.407135746737212),.UNSPECIFIED.);
#540=B_SPLINE_CURVE_WITH_KNOTS('',3,(#2989,#2990,#2991,#2992,#2993,#2994,
#2995,#2996,#2997),.UNSPECIFIED.,.F.,.F.,(4,1,1,1,1,1,4),(0.442166156869163,
0.4453125,0.453125,0.4609375,0.46875,0.4765625,0.480150132684893),
 .UNSPECIFIED.);
#541=B_SPLINE_CURVE_WITH_KNOTS('',3,(#3023,#3024,#3025,#3026,#3027,#3028),
 .UNSPECIFIED.,.F.,.F.,(4,1,1,4),(0.407135746737212,0.421875,0.4375,0.442163477762999),
 .UNSPECIFIED.);
#542=B_SPLINE_CURVE_WITH_KNOTS('',3,(#3030,#3031,#3032,#3033,#3034,#3035),
 .UNSPECIFIED.,.F.,.F.,(4,1,1,4),(0.407135746737212,0.421875,0.4375,0.442163477763003),
 .UNSPECIFIED.);
#543=B_SPLINE_CURVE_WITH_KNOTS('',3,(#3085,#3086,#3087,#3088,#3089,#3090,
#3091,#3092,#3093,#3094,#3095,#3096,#3097,#3098,#3099,#3100,#3101),
 .UNSPECIFIED.,.F.,.F.,(4,1,1,1,1,1,1,1,1,1,1,1,1,1,4),(0.480150134320383,
0.48046875,0.484375,0.48828125,0.4921875,0.49609375,0.498046875,0.5,0.501953125,
0.50390625,0.5078125,0.51171875,0.515625,0.51953125,0.519849865677214),
 .UNSPECIFIED.);
#544=B_SPLINE_CURVE_WITH_KNOTS('',3,(#3105,#3106,#3107,#3108,#3109,#3110,
#3111,#3112,#3113,#3114,#3115,#3116,#3117,#3118,#3119,#3120,#3121),
 .UNSPECIFIED.,.F.,.F.,(4,1,1,1,1,1,1,1,1,1,1,1,1,1,4),(0.48015013432034,
0.48046875,0.484375,0.48828125,0.4921875,0.49609375,0.498046875,0.5,0.501953125,
0.50390625,0.5078125,0.51171875,0.515625,0.51953125,0.519849865677237),
 .UNSPECIFIED.);
#545=B_SPLINE_CURVE_WITH_KNOTS('',3,(#3168,#3169,#3170,#3171,#3172,#3173,
#3174,#3175,#3176,#3177,#3178,#3179,#3180,#3181,#3182,#3183,#3184),
 .UNSPECIFIED.,.F.,.F.,(4,1,1,1,1,1,1,1,1,1,1,1,1,1,4),(0.480150145632388,
0.483636857140163,0.487250262770103,0.490431337960174,0.493218828079623,
0.49567408586922,0.497891368316566,0.500000000000021,0.502108631683476,
0.504325914130822,0.506781171920419,0.509568662039868,0.512749737229938,
0.516363142859878,0.519849854367633),.UNSPECIFIED.);
#546=B_SPLINE_CURVE_WITH_KNOTS('',3,(#3185,#3186,#3187,#3188,#3189,#3190,
#3191,#3192,#3193,#3194,#3195,#3196,#3197,#3198,#3199,#3200,#3201),
 .UNSPECIFIED.,.F.,.F.,(4,1,1,1,1,1,1,1,1,1,1,1,1,1,4),(0.480150145632388,
0.483636857140142,0.487250262770082,0.490431337960153,0.493218828079602,
0.495674085869199,0.497891368316545,0.5,0.502108631683455,0.504325914130801,
0.506781171920398,0.509568662039847,0.512749737229917,0.516363142859858,
0.519849854367633),.UNSPECIFIED.);
#547=B_SPLINE_CURVE_WITH_KNOTS('',3,(#3301,#3302,#3303,#3304,#3305,#3306,
#3307,#3308,#3309,#3310,#3311,#3312,#3313,#3314,#3315,#3316,#3317,#3318,
#3319,#3320,#3321,#3322,#3323,#3324,#3325,#3326,#3327,#3328,#3329,#3330,
#3331,#3332,#3333,#3334,#3335,#3336,#3337,#3338,#3339,#3340,#3341,#3342,
#3343,#3344,#3345,#3346,#3347,#3348,#3349,#3350,#3351,#3352,#3353,#3354,
#3355,#3356,#3357),.UNSPECIFIED.,.F.,.F.,(4,1,1,1,1,1,1,1,1,1,1,1,1,1,1,
1,1,1,1,1,1,1,1,1,1,1,1,1,1,1,1,1,1,1,1,1,1,1,1,1,1,1,1,1,1,1,1,1,1,1,1,
1,1,1,4),(-1.,-0.9375,-0.875,-0.84375,-0.8125,-0.78125,-0.75,-0.71875,-0.6875,
-0.65625,-0.640625,-0.625,-0.609375,-0.59375,-0.578125,-0.5625,-0.5546875,
-0.546875,-0.5390625,-0.53125,-0.5234375,-0.51953125,-0.515625,-0.51171875,
-0.5078125,-0.50390625,-0.501953125,-0.5,-0.498046875,-0.49609375,-0.4921875,
-0.48828125,-0.484375,-0.48046875,-0.4765625,-0.46875,-0.4609375,-0.453125,
-0.4453125,-0.4375,-0.421875,-0.40625,-0.390625,-0.375,-0.359375,-0.34375,
-0.3125,-0.28125,-0.25,-0.21875,-0.1875,-0.15625,-0.125,-0.0625,0.),
 .UNSPECIFIED.);
#548=B_SPLINE_CURVE_WITH_KNOTS('',3,(#3360,#3361,#3362,#3363,#3364,#3365,
#3366,#3367,#3368,#3369,#3370,#3371,#3372,#3373,#3374,#3375,#3376,#3377,
#3378,#3379,#3380,#3381,#3382),.UNSPECIFIED.,.F.,.F.,(4,1,1,1,1,1,1,1,1,
1,1,1,1,1,1,1,1,1,1,1,4),(0.519849867318335,0.5234375,0.53125,0.5390625,
0.546875,0.5546875,0.5625,0.578125,0.59375,0.609375,0.625,0.640625,0.65625,
0.6875,0.71875,0.75,0.78125,0.8125,0.84375,0.875,0.930732345031902),
 .UNSPECIFIED.);
#549=B_SPLINE_CURVE_WITH_KNOTS('',3,(#3383,#3384,#3385,#3386,#3387,#3388,
#3389,#3390,#3391),.UNSPECIFIED.,.F.,.F.,(4,1,1,1,1,1,4),(0.442166156869163,
0.4453125,0.453125,0.4609375,0.46875,0.4765625,0.480150132684893),
 .UNSPECIFIED.);
#550=B_SPLINE_CURVE_WITH_KNOTS('',3,(#3392,#3393,#3394,#3395,#3396,#3397,
#3398,#3399,#3400,#3401,#3402,#3403,#3404,#3405,#3406,#3407),
 .UNSPECIFIED.,.F.,.F.,(4,1,1,1,1,1,1,1,1,1,1,1,1,4),(0.0692677071199664,
0.125,0.15625,0.1875,0.21875,0.25,0.28125,0.3125,0.34375,0.359375,0.375,
0.390625,0.40625,0.407135746737212),.UNSPECIFIED.);
#551=B_SPLINE_CURVE_WITH_KNOTS('',3,(#3528,#3529,#3530,#3531,#3532,#3533,
#3534,#3535,#3536,#3537,#3538,#3539,#3540,#3541,#3542,#3543,#3544,#3545,
#3546,#3547,#3548,#3549,#3550,#3551,#3552,#3553,#3554,#3555,#3556,#3557,
#3558,#3559,#3560,#3561,#3562,#3563,#3564,#3565,#3566,#3567,#3568,#3569,
#3570,#3571,#3572,#3573,#3574,#3575,#3576,#3577,#3578,#3579,#3580,#3581,
#3582,#3583,#3584),.UNSPECIFIED.,.F.,.F.,(4,1,1,1,1,1,1,1,1,1,1,1,1,1,1,
1,1,1,1,1,1,1,1,1,1,1,1,1,1,1,1,1,1,1,1,1,1,1,1,1,1,1,1,1,1,1,1,1,1,1,1,
1,1,1,4),(0.,0.0625,0.125,0.15625,0.1875,0.21875,0.25,0.28125,0.3125,0.34375,
0.359375,0.375,0.390625,0.40625,0.421875,0.4375,0.4453125,0.453125,0.4609375,
0.46875,0.4765625,0.48046875,0.484375,0.48828125,0.4921875,0.49609375,0.498046875,
0.5,0.501953125,0.50390625,0.5078125,0.51171875,0.515625,0.51953125,0.5234375,
0.53125,0.5390625,0.546875,0.5546875,0.5625,0.578125,0.59375,0.609375,0.625,
0.640625,0.65625,0.6875,0.71875,0.75,0.78125,0.8125,0.84375,0.875,0.9375,
1.),.UNSPECIFIED.);
#552=B_SPLINE_CURVE_WITH_KNOTS('',3,(#3587,#3588,#3589,#3590,#3591),
 .UNSPECIFIED.,.F.,.F.,(4,1,4),(0.,0.0625,0.0692677056048829),
 .UNSPECIFIED.);
#553=B_SPLINE_CURVE_WITH_KNOTS('',3,(#3592,#3593,#3594,#3595,#3596),
 .UNSPECIFIED.,.F.,.F.,(4,1,4),(0.930732346939427,0.9375,1.),
 .UNSPECIFIED.);
#554=B_SPLINE_CURVE_WITH_KNOTS('',3,(#3725,#3726,#3727,#3728,#3729),
 .UNSPECIFIED.,.F.,.F.,(4,1,4),(0.930732346939427,0.9375,1.),
 .UNSPECIFIED.);
#555=B_SPLINE_CURVE_WITH_KNOTS('',3,(#3730,#3731,#3732,#3733,#3734,#3735,
#3736,#3737,#3738,#3739,#3740,#3741,#3742,#3743,#3744,#3745,#3746,#3747,
#3748,#3749,#3750,#3751,#3752),.UNSPECIFIED.,.F.,.F.,(4,1,1,1,1,1,1,1,1,
1,1,1,1,1,1,1,1,1,1,1,4),(0.519849867624808,0.5234375,0.53125,0.5390625,
0.546875,0.5546875,0.5625,0.578125,0.59375,0.609375,0.625,0.640625,0.65625,
0.6875,0.71875,0.75,0.78125,0.8125,0.84375,0.875,0.930732345031902),
 .UNSPECIFIED.);
#556=B_SPLINE_CURVE_WITH_KNOTS('',3,(#3753,#3754,#3755,#3756,#3757,#3758,
#3759,#3760,#3761),.UNSPECIFIED.,.F.,.F.,(4,1,1,1,1,1,4),(0.442166156869163,
0.4453125,0.453125,0.4609375,0.46875,0.4765625,0.480150132379475),
 .UNSPECIFIED.);
#557=B_SPLINE_CURVE_WITH_KNOTS('',3,(#3763,#3764,#3765,#3766,#3767,#3768,
#3769,#3770,#3771,#3772,#3773,#3774,#3775,#3776,#3777,#3778),
 .UNSPECIFIED.,.F.,.F.,(4,1,1,1,1,1,1,1,1,1,1,1,1,4),(0.0692677071199663,
0.125,0.15625,0.1875,0.21875,0.25,0.28125,0.3125,0.34375,0.359375,0.375,
0.390625,0.40625,0.407135746737212),.UNSPECIFIED.);
#558=B_SPLINE_CURVE_WITH_KNOTS('',3,(#3780,#3781,#3782,#3783,#3784),
 .UNSPECIFIED.,.F.,.F.,(4,1,4),(0.,0.0625,0.0692677056048409),
 .UNSPECIFIED.);
#559=B_SPLINE_CURVE_WITH_KNOTS('',3,(#3788,#3789,#3790,#3791,#3792),
 .UNSPECIFIED.,.F.,.F.,(4,1,4),(0.,0.0625,0.0692677056048829),
 .UNSPECIFIED.);
#560=B_SPLINE_CURVE_WITH_KNOTS('',3,(#3794,#3795,#3796,#3797,#3798,#3799,
#3800,#3801,#3802,#3803,#3804,#3805,#3806,#3807,#3808,#3809),
 .UNSPECIFIED.,.F.,.F.,(4,1,1,1,1,1,1,1,1,1,1,1,1,4),(0.0692677071199664,
0.125,0.15625,0.1875,0.21875,0.25,0.28125,0.3125,0.34375,0.359375,0.375,
0.390625,0.40625,0.407135746737212),.UNSPECIFIED.);
#561=B_SPLINE_CURVE_WITH_KNOTS('',3,(#3811,#3812,#3813,#3814,#3815,#3816),
 .UNSPECIFIED.,.F.,.F.,(4,1,1,4),(0.407135746737212,0.421875,0.4375,0.442163477762999),
 .UNSPECIFIED.);
#562=B_SPLINE_CURVE_WITH_KNOTS('',3,(#3818,#3819,#3820,#3821,#3822,#3823,
#3824,#3825,#3826),.UNSPECIFIED.,.F.,.F.,(4,1,1,1,1,1,4),(0.442166156869163,
0.4453125,0.453125,0.4609375,0.46875,0.4765625,0.480150132684894),
 .UNSPECIFIED.);
#563=B_SPLINE_CURVE_WITH_KNOTS('',3,(#3828,#3829,#3830,#3831,#3832,#3833,
#3834,#3835,#3836,#3837,#3838,#3839,#3840,#3841,#3842,#3843,#3844),
 .UNSPECIFIED.,.F.,.F.,(4,1,1,1,1,1,1,1,1,1,1,1,1,1,4),(0.480150134320383,
0.48046875,0.484375,0.48828125,0.4921875,0.49609375,0.498046875,0.5,0.501953125,
0.50390625,0.5078125,0.51171875,0.515625,0.51953125,0.519849865677214),
 .UNSPECIFIED.);
#564=B_SPLINE_CURVE_WITH_KNOTS('',3,(#3846,#3847,#3848,#3849,#3850,#3851,
#3852,#3853,#3854,#3855,#3856,#3857,#3858,#3859,#3860,#3861,#3862,#3863,
#3864,#3865,#3866,#3867,#3868),.UNSPECIFIED.,.F.,.F.,(4,1,1,1,1,1,1,1,1,
1,1,1,1,1,1,1,1,1,1,1,4),(0.519849867624808,0.5234375,0.53125,0.5390625,
0.546875,0.5546875,0.5625,0.578125,0.59375,0.609375,0.625,0.640625,0.65625,
0.6875,0.71875,0.75,0.78125,0.8125,0.84375,0.875,0.930732345031902),
 .UNSPECIFIED.);
#565=B_SPLINE_CURVE_WITH_KNOTS('',3,(#3870,#3871,#3872,#3873,#3874),
 .UNSPECIFIED.,.F.,.F.,(4,1,4),(0.930732346939427,0.9375,1.),
 .UNSPECIFIED.);
#566=B_SPLINE_CURVE_WITH_KNOTS('',3,(#3995,#3996,#3997,#3998,#3999),
 .UNSPECIFIED.,.F.,.F.,(4,1,4),(0.930732346939427,0.9375,1.),
 .UNSPECIFIED.);
#567=B_SPLINE_CURVE_WITH_KNOTS('',3,(#4001,#4002,#4003,#4004,#4005),
 .UNSPECIFIED.,.F.,.F.,(4,1,4),(0.,0.0625,0.0692677056048409),
 .UNSPECIFIED.);
#568=B_SPLINE_CURVE_WITH_KNOTS('',3,(#4009,#4010,#4011,#4012,#4013),
 .UNSPECIFIED.,.F.,.F.,(4,1,4),(0.,0.0625,0.0692677056048829),
 .UNSPECIFIED.);
#569=B_SPLINE_CURVE_WITH_KNOTS('',3,(#4014,#4015,#4016,#4017,#4018,#4019,
#4020,#4021,#4022,#4023,#4024,#4025,#4026,#4027,#4028,#4029),
 .UNSPECIFIED.,.F.,.F.,(4,1,1,1,1,1,1,1,1,1,1,1,1,4),(0.0692677071199664,
0.125,0.15625,0.1875,0.21875,0.25,0.28125,0.3125,0.34375,0.359375,0.375,
0.390625,0.40625,0.407135746737212),.UNSPECIFIED.);
#570=B_SPLINE_CURVE_WITH_KNOTS('',3,(#4030,#4031,#4032,#4033,#4034,#4035,
#4036,#4037,#4038),.UNSPECIFIED.,.F.,.F.,(4,1,1,1,1,1,4),(0.442166156869163,
0.4453125,0.453125,0.4609375,0.46875,0.4765625,0.480150132684894),
 .UNSPECIFIED.);
#571=B_SPLINE_CURVE_WITH_KNOTS('',3,(#4040,#4041,#4042,#4043,#4044,#4045,
#4046,#4047,#4048,#4049,#4050,#4051,#4052,#4053,#4054,#4055,#4056,#4057,
#4058,#4059,#4060,#4061,#4062),.UNSPECIFIED.,.F.,.F.,(4,1,1,1,1,1,1,1,1,
1,1,1,1,1,1,1,1,1,1,1,4),(0.519849867624808,0.5234375,0.53125,0.5390625,
0.546875,0.5546875,0.5625,0.578125,0.59375,0.609375,0.625,0.640625,0.65625,
0.6875,0.71875,0.75,0.78125,0.8125,0.84375,0.875,0.930732345031902),
 .UNSPECIFIED.);
#572=B_SPLINE_CURVE_WITH_KNOTS('',3,(#4064,#4065,#4066,#4067,#4068),
 .UNSPECIFIED.,.F.,.F.,(4,1,4),(0.930732346939427,0.9375,1.),
 .UNSPECIFIED.);
#573=B_SPLINE_CURVE_WITH_KNOTS('',3,(#4220,#4221,#4222,#4223,#4224,#4225,
#4226,#4227,#4228,#4229,#4230,#4231,#4232,#4233,#4234,#4235,#4236,#4237,
#4238,#4239,#4240,#4241,#4242),.UNSPECIFIED.,.F.,.F.,(4,1,1,1,1,1,1,1,1,
1,1,1,1,1,1,1,1,1,1,1,4),(0.519849867624808,0.5234375,0.53125,0.5390625,
0.546875,0.5546875,0.5625,0.578125,0.59375,0.609375,0.625,0.640625,0.65625,
0.6875,0.71875,0.75,0.78125,0.8125,0.84375,0.875,0.930732345031902),
 .UNSPECIFIED.);
#574=B_SPLINE_CURVE_WITH_KNOTS('',3,(#4245,#4246,#4247,#4248,#4249,#4250,
#4251,#4252,#4253,#4254,#4255,#4256,#4257,#4258,#4259,#4260),
 .UNSPECIFIED.,.F.,.F.,(4,1,1,1,1,1,1,1,1,1,1,1,1,4),(0.0692677071199661,
0.125,0.15625,0.1875,0.21875,0.25,0.28125,0.3125,0.34375,0.359375,0.375,
0.390625,0.40625,0.407135746737211),.UNSPECIFIED.);
#575=B_SPLINE_CURVE_WITH_KNOTS('',3,(#4262,#4263,#4264,#4265,#4266,#4267,
#4268,#4269,#4270),.UNSPECIFIED.,.F.,.F.,(4,1,1,1,1,1,4),(0.442166156869163,
0.4453125,0.453125,0.4609375,0.46875,0.4765625,0.480150132379474),
 .UNSPECIFIED.);
#576=B_SPLINE_CURVE_WITH_KNOTS('',3,(#4337,#4338,#4339,#4340,#4341,#4342),
 .UNSPECIFIED.,.F.,.F.,(4,1,1,4),(0.407135746737212,0.421875,0.4375,0.442163477762999),
 .UNSPECIFIED.);
#577=B_SPLINE_CURVE_WITH_KNOTS('',3,(#4458,#4459,#4460,#4461,#4462,#4463),
 .UNSPECIFIED.,.F.,.F.,(4,2,4),(0.,0.494367467042157,0.988736672174326),
 .UNSPECIFIED.);
#578=B_SPLINE_CURVE_WITH_KNOTS('',3,(#4465,#4466,#4467,#4468,#4469,#4470,
#4471,#4472,#4473,#4474,#4475,#4476,#4477,#4478,#4479,#4480,#4481,#4482,
#4483,#4484,#4485,#4486,#4487),.UNSPECIFIED.,.F.,.F.,(4,1,1,1,1,1,1,1,1,
1,1,1,1,1,1,1,1,1,1,1,4),(0.519849867318335,0.5234375,0.53125,0.5390625,
0.546875,0.5546875,0.5625,0.578125,0.59375,0.609375,0.625,0.640625,0.65625,
0.6875,0.71875,0.75,0.78125,0.8125,0.84375,0.875,0.930732345031902),
 .UNSPECIFIED.);
#579=B_SPLINE_CURVE_WITH_KNOTS('',3,(#4489,#4490,#4491,#4492,#4493,#4494,
#4495,#4496,#4497,#4498,#4499,#4500,#4501,#4502,#4503,#4504,#4505,#4506,
#4507,#4508,#4509,#4510,#4511,#4512,#4513,#4514,#4515,#4516,#4517,#4518,
#4519,#4520,#4521,#4522,#4523,#4524,#4525),.UNSPECIFIED.,.F.,.F.,(4,3,3,
3,3,3,3,3,3,3,3,3,4),(0.,0.0990751381634245,0.19815027632685,0.247687845408563,
0.297225414490276,0.346762983571989,0.396300552653702,0.445838121735414,
0.495375690817127,0.54491325989884,0.594450828980553,0.693525967143978,
0.792601105307404),.UNSPECIFIED.);
#580=B_SPLINE_CURVE_WITH_KNOTS('',3,(#4526,#4527,#4528,#4529,#4530,#4531,
#4532,#4533,#4534),.UNSPECIFIED.,.F.,.F.,(4,1,1,1,1,1,4),(0.442166156794329,
0.4453125,0.453125,0.4609375,0.46875,0.4765625,0.480150132684893),
 .UNSPECIFIED.);
#581=B_SPLINE_CURVE_WITH_KNOTS('',3,(#4536,#4537,#4538,#4539,#4540,#4541,
#4542,#4543,#4544,#4545,#4546,#4547,#4548,#4549,#4550,#4551),
 .UNSPECIFIED.,.F.,.F.,(4,1,1,1,1,1,1,1,1,1,1,1,1,4),(0.0692677071199664,
0.125,0.15625,0.1875,0.21875,0.25,0.28125,0.3125,0.34375,0.359375,0.375,
0.390625,0.40625,0.407135746737212),.UNSPECIFIED.);
#582=B_SPLINE_CURVE_WITH_KNOTS('',3,(#4552,#4553,#4554,#4555,#4556,#4557),
 .UNSPECIFIED.,.F.,.F.,(4,2,4),(0.,0.494369594458226,0.988736764811244),
 .UNSPECIFIED.);
#583=B_SPLINE_CURVE_WITH_KNOTS('',3,(#4566,#4567,#4568,#4569,#4570,#4571),
 .UNSPECIFIED.,.F.,.F.,(4,1,1,4),(-0.442163477762999,-0.4375,-0.421875,
-0.407135746737211),.UNSPECIFIED.);
#584=B_SPLINE_CURVE_WITH_KNOTS('',3,(#4573,#4574,#4575,#4576,#4577,#4578),
 .UNSPECIFIED.,.F.,.F.,(4,1,1,4),(0.407135746737211,0.421875,0.4375,0.442163477762999),
 .UNSPECIFIED.);
#585=B_SPLINE_CURVE_WITH_KNOTS('',3,(#4631,#4632,#4633,#4634,#4635,#4636,
#4637,#4638,#4639,#4640,#4641,#4642,#4643,#4644,#4645,#4646,#4647),
 .UNSPECIFIED.,.F.,.F.,(4,1,1,1,1,1,1,1,1,1,1,1,1,1,4),(0.48015013432034,
0.48046875,0.484375,0.48828125,0.4921875,0.49609375,0.498046875,0.5,0.501953125,
0.50390625,0.5078125,0.51171875,0.515625,0.51953125,0.519849865677237),
 .UNSPECIFIED.);
#586=B_SPLINE_CURVE_WITH_KNOTS('',3,(#4663,#4664,#4665,#4666,#4667),
 .UNSPECIFIED.,.F.,.F.,(4,1,4),(-0.0692677056048212,-0.0624999999999999,
1.41541983572281E-16),.UNSPECIFIED.);
#587=B_SPLINE_CURVE_WITH_KNOTS('',3,(#4677,#4678,#4679,#4680,#4681),
 .UNSPECIFIED.,.F.,.F.,(4,1,4),(0.930732346939427,0.9375,1.),
 .UNSPECIFIED.);
#588=B_SPLINE_CURVE_WITH_KNOTS('',3,(#4690,#4691,#4692,#4693,#4694),
 .UNSPECIFIED.,.F.,.F.,(4,1,4),(-1.,-0.9375,-0.930732346939427),
 .UNSPECIFIED.);
#589=B_SPLINE_CURVE_WITH_KNOTS('',3,(#4725,#4726,#4727,#4728,#4729,#4730,
#4731,#4732,#4733,#4734,#4735,#4736,#4737,#4738,#4739,#4740,#4741),
 .UNSPECIFIED.,.F.,.F.,(4,1,1,1,1,1,1,1,1,1,1,1,1,1,4),(-0.519849865677237,
-0.51953125,-0.515625,-0.51171875,-0.5078125,-0.50390625,-0.501953125,-0.5,
-0.498046875,-0.49609375,-0.4921875,-0.48828125,-0.484375,-0.48046875,-0.48015013432034),
 .UNSPECIFIED.);
#590=B_SPLINE_CURVE_WITH_KNOTS('',3,(#4761,#4762,#4763,#4764,#4765),
 .UNSPECIFIED.,.F.,.F.,(4,1,4),(-1.41541983572281E-16,0.0624999999999999,
0.0692677056048213),.UNSPECIFIED.);
#591=B_SPLINE_CURVE_WITH_KNOTS('',3,(#4895,#4896,#4897,#4898,#4899,#4900,
#4901,#4902,#4903,#4904,#4905,#4906,#4907,#4908,#4909,#4910),
 .UNSPECIFIED.,.F.,.F.,(4,1,1,1,1,1,1,1,1,1,1,1,1,4),(-0.407135746737212,
-0.40625,-0.390625,-0.375,-0.359375,-0.34375,-0.3125,-0.28125,-0.25,-0.21875,
-0.1875,-0.15625,-0.125,-0.0692677071199662),.UNSPECIFIED.);
#592=B_SPLINE_CURVE_WITH_KNOTS('',3,(#4911,#4912,#4913,#4914,#4915,#4916,
#4917,#4918,#4919),.UNSPECIFIED.,.F.,.F.,(4,1,1,1,1,1,4),(-0.480150132684893,
-0.4765625,-0.46875,-0.4609375,-0.453125,-0.4453125,-0.442166156869163),
 .UNSPECIFIED.);
#593=B_SPLINE_CURVE_WITH_KNOTS('',3,(#4920,#4921,#4922,#4923,#4924,#4925,
#4926,#4927,#4928,#4929,#4930,#4931,#4932,#4933,#4934,#4935,#4936,#4937,
#4938,#4939,#4940,#4941,#4942),.UNSPECIFIED.,.F.,.F.,(4,1,1,1,1,1,1,1,1,
1,1,1,1,1,1,1,1,1,1,1,4),(-0.930732345031902,-0.875,-0.84375,-0.8125,-0.78125,
-0.75,-0.71875,-0.6875,-0.65625,-0.640625,-0.625,-0.609375,-0.59375,-0.578125,
-0.5625,-0.5546875,-0.546875,-0.5390625,-0.53125,-0.5234375,-0.519849867624808),
 .UNSPECIFIED.);
#594=LINE('',#2893,#749);
#595=LINE('',#2903,#750);
#596=LINE('',#2904,#751);
#597=LINE('',#2905,#752);
#598=LINE('',#2909,#753);
#599=LINE('',#2911,#754);
#600=LINE('',#2913,#755);
#601=LINE('',#2914,#756);
#602=LINE('',#2918,#757);
#603=LINE('',#2922,#758);
#604=LINE('',#2928,#759);
#605=LINE('',#2934,#760);
#606=LINE('',#2998,#761);
#607=LINE('',#3003,#762);
#608=LINE('',#3007,#763);
#609=LINE('',#3011,#764);
#610=LINE('',#3015,#765);
#611=LINE('',#3017,#766);
#612=LINE('',#3044,#767);
#613=LINE('',#3045,#768);
#614=LINE('',#3046,#769);
#615=LINE('',#3049,#770);
#616=LINE('',#3052,#771);
#617=LINE('',#3103,#772);
#618=LINE('',#3122,#773);
#619=LINE('',#3125,#774);
#620=LINE('',#3127,#775);
#621=LINE('',#3128,#776);
#622=LINE('',#3132,#777);
#623=LINE('',#3134,#778);
#624=LINE('',#3136,#779);
#625=LINE('',#3137,#780);
#626=LINE('',#3203,#781);
#627=LINE('',#3204,#782);
#628=LINE('',#3208,#783);
#629=LINE('',#3212,#784);
#630=LINE('',#3217,#785);
#631=LINE('',#3222,#786);
#632=LINE('',#3227,#787);
#633=LINE('',#3231,#788);
#634=LINE('',#3234,#789);
#635=LINE('',#3238,#790);
#636=LINE('',#3239,#791);
#637=LINE('',#3240,#792);
#638=LINE('',#3244,#793);
#639=LINE('',#3248,#794);
#640=LINE('',#3251,#795);
#641=LINE('',#3252,#796);
#642=LINE('',#3258,#797);
#643=LINE('',#3262,#798);
#644=LINE('',#3266,#799);
#645=LINE('',#3269,#800);
#646=LINE('',#3271,#801);
#647=LINE('',#3272,#802);
#648=LINE('',#3274,#803);
#649=LINE('',#3278,#804);
#650=LINE('',#3280,#805);
#651=LINE('',#3282,#806);
#652=LINE('',#3283,#807);
#653=LINE('',#3287,#808);
#654=LINE('',#3291,#809);
#655=LINE('',#3294,#810);
#656=LINE('',#3295,#811);
#657=LINE('',#3297,#812);
#658=LINE('',#3526,#813);
#659=LINE('',#3586,#814);
#660=LINE('',#3599,#815);
#661=LINE('',#3607,#816);
#662=LINE('',#3786,#817);
#663=LINE('',#3875,#818);
#664=LINE('',#3879,#819);
#665=LINE('',#4007,#820);
#666=LINE('',#4069,#821);
#667=LINE('',#4072,#822);
#668=LINE('',#4075,#823);
#669=LINE('',#4081,#824);
#670=LINE('',#4087,#825);
#671=LINE('',#4093,#826);
#672=LINE('',#4098,#827);
#673=LINE('',#4100,#828);
#674=LINE('',#4102,#829);
#675=LINE('',#4103,#830);
#676=LINE('',#4110,#831);
#677=LINE('',#4112,#832);
#678=LINE('',#4114,#833);
#679=LINE('',#4115,#834);
#680=LINE('',#4126,#835);
#681=LINE('',#4130,#836);
#682=LINE('',#4134,#837);
#683=LINE('',#4139,#838);
#684=LINE('',#4148,#839);
#685=LINE('',#4150,#840);
#686=LINE('',#4153,#841);
#687=LINE('',#4157,#842);
#688=LINE('',#4161,#843);
#689=LINE('',#4170,#844);
#690=LINE('',#4179,#845);
#691=LINE('',#4180,#846);
#692=LINE('',#4189,#847);
#693=LINE('',#4191,#848);
#694=LINE('',#4194,#849);
#695=LINE('',#4196,#850);
#696=LINE('',#4199,#851);
#697=LINE('',#4208,#852);
#698=LINE('',#4211,#853);
#699=LINE('',#4213,#854);
#700=LINE('',#4214,#855);
#701=LINE('',#4271,#856);
#702=LINE('',#4278,#857);
#703=LINE('',#4282,#858);
#704=LINE('',#4284,#859);
#705=LINE('',#4286,#860);
#706=LINE('',#4287,#861);
#707=LINE('',#4289,#862);
#708=LINE('',#4291,#863);
#709=LINE('',#4293,#864);
#710=LINE('',#4294,#865);
#711=LINE('',#4298,#866);
#712=LINE('',#4300,#867);
#713=LINE('',#4302,#868);
#714=LINE('',#4303,#869);
#715=LINE('',#4307,#870);
#716=LINE('',#4316,#871);
#717=LINE('',#4319,#872);
#718=LINE('',#4321,#873);
#719=LINE('',#4322,#874);
#720=LINE('',#4328,#875);
#721=LINE('',#4331,#876);
#722=LINE('',#4335,#877);
#723=LINE('',#4560,#878);
#724=LINE('',#4563,#879);
#725=LINE('',#4564,#880);
#726=LINE('',#4584,#881);
#727=LINE('',#4587,#882);
#728=LINE('',#4589,#883);
#729=LINE('',#4590,#884);
#730=LINE('',#4594,#885);
#731=LINE('',#4595,#886);
#732=LINE('',#4596,#887);
#733=LINE('',#4597,#888);
#734=LINE('',#4599,#889);
#735=LINE('',#4600,#890);
#736=LINE('',#4652,#891);
#737=LINE('',#4654,#892);
#738=LINE('',#4676,#893);
#739=LINE('',#4747,#894);
#740=LINE('',#4750,#895);
#741=LINE('',#4752,#896);
#742=LINE('',#4771,#897);
#743=LINE('',#4774,#898);
#744=LINE('',#4776,#899);
#745=LINE('',#4777,#900);
#746=LINE('',#4779,#901);
#747=LINE('',#4780,#902);
#748=LINE('',#4950,#903);
#749=VECTOR('',#2364,4.99891999374722);
#750=VECTOR('',#2367,4.99891999374723);
#751=VECTOR('',#2368,21.);
#752=VECTOR('',#2369,21.);
#753=VECTOR('',#2372,4.99891999374723);
#754=VECTOR('',#2373,21.);
#755=VECTOR('',#2374,4.99891999374722);
#756=VECTOR('',#2375,21.);
#757=VECTOR('',#2378,21.);
#758=VECTOR('',#2381,21.);
#759=VECTOR('',#2388,1.58739008747265);
#760=VECTOR('',#2395,0.769094517692258);
#761=VECTOR('',#2406,3.80790097893103);
#762=VECTOR('',#2409,4.99891999374723);
#763=VECTOR('',#2412,4.99891999374724);
#764=VECTOR('',#2415,4.99891999374723);
#765=VECTOR('',#2418,4.99891999374723);
#766=VECTOR('',#2421,4.99891999374723);
#767=VECTOR('',#2442,4.99891999374723);
#768=VECTOR('',#2443,21.);
#769=VECTOR('',#2444,21.);
#770=VECTOR('',#2447,21.);
#771=VECTOR('',#2450,21.);
#772=VECTOR('',#2451,21.);
#773=VECTOR('',#2452,21.);
#774=VECTOR('',#2455,21.);
#775=VECTOR('',#2456,3.80790097893103);
#776=VECTOR('',#2457,21.);
#777=VECTOR('',#2460,4.99891999374723);
#778=VECTOR('',#2461,21.);
#779=VECTOR('',#2462,4.99891999374723);
#780=VECTOR('',#2463,21.);
#781=VECTOR('',#2466,3.80790097893103);
#782=VECTOR('',#2467,3.80790097893103);
#783=VECTOR('',#2474,4.99891999374723);
#784=VECTOR('',#2479,1.61300626894953);
#785=VECTOR('',#2484,0.769094517692257);
#786=VECTOR('',#2491,0.769094517692258);
#787=VECTOR('',#2496,1.61300626894953);
#788=VECTOR('',#2501,21.);
#789=VECTOR('',#2504,21.);
#790=VECTOR('',#2507,4.99891999374723);
#791=VECTOR('',#2508,21.);
#792=VECTOR('',#2509,21.);
#793=VECTOR('',#2512,21.);
#794=VECTOR('',#2515,21.);
#795=VECTOR('',#2520,4.99891999374723);
#796=VECTOR('',#2521,4.99891999374724);
#797=VECTOR('',#2528,21.);
#798=VECTOR('',#2531,21.);
#799=VECTOR('',#2536,21.);
#800=VECTOR('',#2539,21.);
#801=VECTOR('',#2542,4.99891999374723);
#802=VECTOR('',#2543,4.99891999374723);
#803=VECTOR('',#2546,4.99891999374723);
#804=VECTOR('',#2549,4.99891999374723);
#805=VECTOR('',#2550,20.);
#806=VECTOR('',#2551,4.99891999374723);
#807=VECTOR('',#2552,20.);
#808=VECTOR('',#2555,21.);
#809=VECTOR('',#2558,21.);
#810=VECTOR('',#2563,4.99891999374723);
#811=VECTOR('',#2564,4.99891999374723);
#812=VECTOR('',#2567,4.99891999374723);
#813=VECTOR('',#2576,4.);
#814=VECTOR('',#2577,4.);
#815=VECTOR('',#2580,2.);
#816=VECTOR('',#2591,2.);
#817=VECTOR('',#2594,4.);
#818=VECTOR('',#2595,4.);
#819=VECTOR('',#2600,2.);
#820=VECTOR('',#2601,3.99999999999999);
#821=VECTOR('',#2602,3.99999999999999);
#822=VECTOR('',#2605,20.);
#823=VECTOR('',#2608,20.);
#824=VECTOR('',#2615,1.58739008747265);
#825=VECTOR('',#2622,1.58739008747265);
#826=VECTOR('',#2629,1.61300626894953);
#827=VECTOR('',#2634,4.99891999374723);
#828=VECTOR('',#2635,21.);
#829=VECTOR('',#2636,4.99891999374723);
#830=VECTOR('',#2637,21.);
#831=VECTOR('',#2646,4.99891999374723);
#832=VECTOR('',#2647,20.);
#833=VECTOR('',#2648,4.99891999374723);
#834=VECTOR('',#2649,20.);
#835=VECTOR('',#2668,3.80790097893103);
#836=VECTOR('',#2671,4.99891999374723);
#837=VECTOR('',#2674,4.99891999374723);
#838=VECTOR('',#2679,4.99891999374723);
#839=VECTOR('',#2692,20.);
#840=VECTOR('',#2693,20.);
#841=VECTOR('',#2698,4.99891999374723);
#842=VECTOR('',#2705,4.99891999374723);
#843=VECTOR('',#2712,4.99891999374722);
#844=VECTOR('',#2713,21.);
#845=VECTOR('',#2714,21.);
#846=VECTOR('',#2715,21.);
#847=VECTOR('',#2716,21.);
#848=VECTOR('',#2719,21.);
#849=VECTOR('',#2722,20.);
#850=VECTOR('',#2723,20.);
#851=VECTOR('',#2728,4.99891999374724);
#852=VECTOR('',#2729,21.);
#853=VECTOR('',#2732,20.);
#854=VECTOR('',#2733,4.99891999374723);
#855=VECTOR('',#2734,20.);
#856=VECTOR('',#2743,3.80790097893103);
#857=VECTOR('',#2750,1.58739008747265);
#858=VECTOR('',#2755,20.);
#859=VECTOR('',#2756,4.);
#860=VECTOR('',#2757,22.);
#861=VECTOR('',#2758,5.);
#862=VECTOR('',#2759,5.);
#863=VECTOR('',#2760,22.);
#864=VECTOR('',#2761,4.);
#865=VECTOR('',#2762,20.);
#866=VECTOR('',#2765,22.);
#867=VECTOR('',#2766,4.99891999374722);
#868=VECTOR('',#2767,22.);
#869=VECTOR('',#2768,4.99891999374723);
#870=VECTOR('',#2773,0.769094517692257);
#871=VECTOR('',#2784,22.);
#872=VECTOR('',#2787,22.);
#873=VECTOR('',#2790,4.99891999374723);
#874=VECTOR('',#2791,4.99891999374723);
#875=VECTOR('',#2796,22.);
#876=VECTOR('',#2799,22.);
#877=VECTOR('',#2804,2.);
#878=VECTOR('',#2809,2.);
#879=VECTOR('',#2814,4.99891999374723);
#880=VECTOR('',#2815,4.99891999374723);
#881=VECTOR('',#2824,22.);
#882=VECTOR('',#2827,22.);
#883=VECTOR('',#2830,4.99891999374723);
#884=VECTOR('',#2831,4.99891999374723);
#885=VECTOR('',#2834,3.80790097893103);
#886=VECTOR('',#2835,22.);
#887=VECTOR('',#2836,3.80790097893103);
#888=VECTOR('',#2837,22.);
#889=VECTOR('',#2840,20.);
#890=VECTOR('',#2841,20.);
#891=VECTOR('',#2846,22.);
#892=VECTOR('',#2849,22.);
#893=VECTOR('',#2850,20.);
#894=VECTOR('',#2855,22.);
#895=VECTOR('',#2858,22.);
#896=VECTOR('',#2861,20.);
#897=VECTOR('',#2866,22.);
#898=VECTOR('',#2869,22.);
#899=VECTOR('',#2872,4.99891999374723);
#900=VECTOR('',#2873,4.99891999374723);
#901=VECTOR('',#2876,4.99891999374723);
#902=VECTOR('',#2877,4.99891999374723);
#903=VECTOR('',#2888,1.61300626894953);
#904=VERTEX_POINT('',#2891);
#905=VERTEX_POINT('',#2892);
#906=VERTEX_POINT('',#2901);
#907=VERTEX_POINT('',#2902);
#908=VERTEX_POINT('',#2907);
#909=VERTEX_POINT('',#2908);
#910=VERTEX_POINT('',#2910);
#911=VERTEX_POINT('',#2912);
#912=VERTEX_POINT('',#2916);
#913=VERTEX_POINT('',#2917);
#914=VERTEX_POINT('',#2919);
#915=VERTEX_POINT('',#2921);
#916=VERTEX_POINT('',#2925);
#917=VERTEX_POINT('',#2927);
#918=VERTEX_POINT('',#2931);
#919=VERTEX_POINT('',#2933);
#920=VERTEX_POINT('',#2944);
#921=VERTEX_POINT('',#2945);
#922=VERTEX_POINT('',#2969);
#923=VERTEX_POINT('',#2988);
#924=VERTEX_POINT('',#2999);
#925=VERTEX_POINT('',#3001);
#926=VERTEX_POINT('',#3002);
#927=VERTEX_POINT('',#3005);
#928=VERTEX_POINT('',#3006);
#929=VERTEX_POINT('',#3009);
#930=VERTEX_POINT('',#3010);
#931=VERTEX_POINT('',#3013);
#932=VERTEX_POINT('',#3014);
#933=VERTEX_POINT('',#3018);
#934=VERTEX_POINT('',#3020);
#935=VERTEX_POINT('',#3042);
#936=VERTEX_POINT('',#3043);
#937=VERTEX_POINT('',#3048);
#938=VERTEX_POINT('',#3050);
#939=VERTEX_POINT('',#3083);
#940=VERTEX_POINT('',#3084);
#941=VERTEX_POINT('',#3102);
#942=VERTEX_POINT('',#3104);
#943=VERTEX_POINT('',#3124);
#944=VERTEX_POINT('',#3126);
#945=VERTEX_POINT('',#3130);
#946=VERTEX_POINT('',#3131);
#947=VERTEX_POINT('',#3133);
#948=VERTEX_POINT('',#3135);
#949=VERTEX_POINT('',#3210);
#950=VERTEX_POINT('',#3214);
#951=VERTEX_POINT('',#3216);
#952=VERTEX_POINT('',#3220);
#953=VERTEX_POINT('',#3224);
#954=VERTEX_POINT('',#3226);
#955=VERTEX_POINT('',#3230);
#956=VERTEX_POINT('',#3232);
#957=VERTEX_POINT('',#3236);
#958=VERTEX_POINT('',#3237);
#959=VERTEX_POINT('',#3242);
#960=VERTEX_POINT('',#3243);
#961=VERTEX_POINT('',#3245);
#962=VERTEX_POINT('',#3247);
#963=VERTEX_POINT('',#3256);
#964=VERTEX_POINT('',#3257);
#965=VERTEX_POINT('',#3259);
#966=VERTEX_POINT('',#3261);
#967=VERTEX_POINT('',#3265);
#968=VERTEX_POINT('',#3267);
#969=VERTEX_POINT('',#3276);
#970=VERTEX_POINT('',#3277);
#971=VERTEX_POINT('',#3279);
#972=VERTEX_POINT('',#3281);
#973=VERTEX_POINT('',#3285);
#974=VERTEX_POINT('',#3286);
#975=VERTEX_POINT('',#3288);
#976=VERTEX_POINT('',#3290);
#977=VERTEX_POINT('',#3299);
#978=VERTEX_POINT('',#3300);
#979=VERTEX_POINT('',#3408);
#980=VERTEX_POINT('',#3524);
#981=VERTEX_POINT('',#3525);
#982=VERTEX_POINT('',#3527);
#983=VERTEX_POINT('',#3585);
#984=VERTEX_POINT('',#3598);
#985=VERTEX_POINT('',#3604);
#986=VERTEX_POINT('',#3606);
#987=VERTEX_POINT('',#3723);
#988=VERTEX_POINT('',#3724);
#989=VERTEX_POINT('',#3762);
#990=VERTEX_POINT('',#3779);
#991=VERTEX_POINT('',#3785);
#992=VERTEX_POINT('',#3787);
#993=VERTEX_POINT('',#3793);
#994=VERTEX_POINT('',#3810);
#995=VERTEX_POINT('',#3817);
#996=VERTEX_POINT('',#3827);
#997=VERTEX_POINT('',#3845);
#998=VERTEX_POINT('',#3869);
#999=VERTEX_POINT('',#3877);
#1000=VERTEX_POINT('',#3994);
#1001=VERTEX_POINT('',#4000);
#1002=VERTEX_POINT('',#4006);
#1003=VERTEX_POINT('',#4008);
#1004=VERTEX_POINT('',#4039);
#1005=VERTEX_POINT('',#4063);
#1006=VERTEX_POINT('',#4071);
#1007=VERTEX_POINT('',#4074);
#1008=VERTEX_POINT('',#4078);
#1009=VERTEX_POINT('',#4080);
#1010=VERTEX_POINT('',#4084);
#1011=VERTEX_POINT('',#4086);
#1012=VERTEX_POINT('',#4090);
#1013=VERTEX_POINT('',#4092);
#1014=VERTEX_POINT('',#4096);
#1015=VERTEX_POINT('',#4097);
#1016=VERTEX_POINT('',#4099);
#1017=VERTEX_POINT('',#4101);
#1018=VERTEX_POINT('',#4108);
#1019=VERTEX_POINT('',#4109);
#1020=VERTEX_POINT('',#4111);
#1021=VERTEX_POINT('',#4113);
#1022=VERTEX_POINT('',#4120);
#1023=VERTEX_POINT('',#4127);
#1024=VERTEX_POINT('',#4128);
#1025=VERTEX_POINT('',#4131);
#1026=VERTEX_POINT('',#4132);
#1027=VERTEX_POINT('',#4136);
#1028=VERTEX_POINT('',#4137);
#1029=VERTEX_POINT('',#4144);
#1030=VERTEX_POINT('',#4147);
#1031=VERTEX_POINT('',#4149);
#1032=VERTEX_POINT('',#4193);
#1033=VERTEX_POINT('',#4195);
#1034=VERTEX_POINT('',#4210);
#1035=VERTEX_POINT('',#4212);
#1036=VERTEX_POINT('',#4218);
#1037=VERTEX_POINT('',#4219);
#1038=VERTEX_POINT('',#4243);
#1039=VERTEX_POINT('',#4261);
#1040=VERTEX_POINT('',#4272);
#1041=VERTEX_POINT('',#4275);
#1042=VERTEX_POINT('',#4277);
#1043=VERTEX_POINT('',#4281);
#1044=VERTEX_POINT('',#4283);
#1045=VERTEX_POINT('',#4285);
#1046=VERTEX_POINT('',#4288);
#1047=VERTEX_POINT('',#4290);
#1048=VERTEX_POINT('',#4292);
#1049=VERTEX_POINT('',#4296);
#1050=VERTEX_POINT('',#4297);
#1051=VERTEX_POINT('',#4299);
#1052=VERTEX_POINT('',#4301);
#1053=VERTEX_POINT('',#4305);
#1054=VERTEX_POINT('',#4312);
#1055=VERTEX_POINT('',#4313);
#1056=VERTEX_POINT('',#4315);
#1057=VERTEX_POINT('',#4317);
#1058=VERTEX_POINT('',#4324);
#1059=VERTEX_POINT('',#4325);
#1060=VERTEX_POINT('',#4327);
#1061=VERTEX_POINT('',#4329);
#1062=VERTEX_POINT('',#4333);
#1063=VERTEX_POINT('',#4457);
#1064=VERTEX_POINT('',#4464);
#1065=VERTEX_POINT('',#4488);
#1066=VERTEX_POINT('',#4535);
#1067=VERTEX_POINT('',#4559);
#1068=VERTEX_POINT('',#4580);
#1069=VERTEX_POINT('',#4581);
#1070=VERTEX_POINT('',#4583);
#1071=VERTEX_POINT('',#4585);
#1072=VERTEX_POINT('',#4592);
#1073=VERTEX_POINT('',#4593);
#1074=VERTEX_POINT('',#4649);
#1075=VERTEX_POINT('',#4650);
#1076=VERTEX_POINT('',#4743);
#1077=VERTEX_POINT('',#4744);
#1078=VERTEX_POINT('',#4746);
#1079=VERTEX_POINT('',#4748);
#1080=VERTEX_POINT('',#4767);
#1081=VERTEX_POINT('',#4768);
#1082=VERTEX_POINT('',#4770);
#1083=VERTEX_POINT('',#4772);
#1084=VERTEX_POINT('',#4944);
#1085=VERTEX_POINT('',#4947);
#1086=EDGE_CURVE('',#904,#905,#594,.T.);
#1087=EDGE_CURVE('',#904,#905,#536,.T.);
#1088=EDGE_CURVE('',#906,#907,#595,.T.);
#1089=EDGE_CURVE('',#904,#906,#596,.T.);
#1090=EDGE_CURVE('',#905,#907,#597,.T.);
#1091=EDGE_CURVE('',#908,#909,#598,.T.);
#1092=EDGE_CURVE('',#910,#908,#599,.T.);
#1093=EDGE_CURVE('',#910,#911,#600,.T.);
#1094=EDGE_CURVE('',#911,#909,#601,.T.);
#1095=EDGE_CURVE('',#912,#913,#602,.T.);
#1096=EDGE_CURVE('',#913,#914,#104,.T.);
#1097=EDGE_CURVE('',#915,#914,#603,.T.);
#1098=EDGE_CURVE('',#912,#915,#105,.T.);
#1099=EDGE_CURVE('',#916,#916,#106,.T.);
#1100=EDGE_CURVE('',#916,#917,#604,.T.);
#1101=EDGE_CURVE('',#917,#917,#107,.F.);
#1102=EDGE_CURVE('',#918,#918,#108,.T.);
#1103=EDGE_CURVE('',#918,#919,#605,.T.);
#1104=EDGE_CURVE('',#919,#919,#109,.T.);
#1105=EDGE_CURVE('',#908,#909,#537,.T.);
#1106=EDGE_CURVE('',#920,#921,#538,.T.);
#1107=EDGE_CURVE('',#921,#922,#110,.T.);
#1108=EDGE_CURVE('',#922,#904,#539,.T.);
#1109=EDGE_CURVE('',#904,#905,#111,.T.);
#1110=EDGE_CURVE('',#905,#923,#540,.T.);
#1111=EDGE_CURVE('',#923,#920,#606,.T.);
#1112=EDGE_CURVE('',#924,#924,#112,.T.);
#1113=EDGE_CURVE('',#925,#926,#607,.T.);
#1114=EDGE_CURVE('',#925,#926,#113,.T.);
#1115=EDGE_CURVE('',#927,#928,#608,.T.);
#1116=EDGE_CURVE('',#927,#928,#114,.T.);
#1117=EDGE_CURVE('',#929,#930,#609,.T.);
#1118=EDGE_CURVE('',#929,#930,#115,.T.);
#1119=EDGE_CURVE('',#931,#932,#610,.T.);
#1120=EDGE_CURVE('',#931,#932,#116,.T.);
#1121=EDGE_CURVE('',#912,#915,#611,.T.);
#1122=EDGE_CURVE('',#933,#933,#117,.T.);
#1123=EDGE_CURVE('',#934,#934,#118,.T.);
#1124=EDGE_CURVE('',#906,#907,#541,.T.);
#1125=EDGE_CURVE('',#910,#911,#542,.T.);
#1126=EDGE_CURVE('',#906,#907,#119,.T.);
#1127=EDGE_CURVE('',#908,#909,#120,.T.);
#1128=EDGE_CURVE('',#910,#911,#121,.T.);
#1129=EDGE_CURVE('',#935,#936,#612,.T.);
#1130=EDGE_CURVE('',#931,#935,#613,.T.);
#1131=EDGE_CURVE('',#932,#936,#614,.T.);
#1132=EDGE_CURVE('',#925,#937,#615,.T.);
#1133=EDGE_CURVE('',#937,#938,#122,.T.);
#1134=EDGE_CURVE('',#926,#938,#616,.T.);
#1135=EDGE_CURVE('',#939,#940,#543,.T.);
#1136=EDGE_CURVE('',#939,#941,#617,.T.);
#1137=EDGE_CURVE('',#941,#942,#544,.T.);
#1138=EDGE_CURVE('',#940,#942,#618,.T.);
#1139=EDGE_CURVE('',#943,#923,#619,.T.);
#1140=EDGE_CURVE('',#944,#943,#620,.T.);
#1141=EDGE_CURVE('',#944,#920,#621,.T.);
#1142=EDGE_CURVE('',#945,#946,#622,.T.);
#1143=EDGE_CURVE('',#947,#945,#623,.T.);
#1144=EDGE_CURVE('',#947,#948,#624,.T.);
#1145=EDGE_CURVE('',#948,#946,#625,.T.);
#1146=EDGE_CURVE('',#923,#920,#545,.T.);
#1147=EDGE_CURVE('',#943,#944,#546,.F.);
#1148=EDGE_CURVE('',#939,#940,#626,.T.);
#1149=EDGE_CURVE('',#941,#942,#627,.T.);
#1150=EDGE_CURVE('',#935,#936,#123,.T.);
#1151=EDGE_CURVE('',#937,#938,#628,.T.);
#1152=EDGE_CURVE('',#949,#949,#124,.T.);
#1153=EDGE_CURVE('',#949,#934,#629,.T.);
#1154=EDGE_CURVE('',#950,#950,#125,.T.);
#1155=EDGE_CURVE('',#950,#951,#630,.T.);
#1156=EDGE_CURVE('',#951,#951,#126,.T.);
#1157=EDGE_CURVE('',#952,#952,#127,.T.);
#1158=EDGE_CURVE('',#952,#933,#631,.T.);
#1159=EDGE_CURVE('',#953,#953,#128,.T.);
#1160=EDGE_CURVE('',#953,#954,#632,.T.);
#1161=EDGE_CURVE('',#954,#954,#129,.T.);
#1162=EDGE_CURVE('',#921,#955,#633,.T.);
#1163=EDGE_CURVE('',#955,#956,#130,.T.);
#1164=EDGE_CURVE('',#922,#956,#634,.T.);
#1165=EDGE_CURVE('',#957,#958,#635,.T.);
#1166=EDGE_CURVE('',#927,#957,#636,.T.);
#1167=EDGE_CURVE('',#928,#958,#637,.T.);
#1168=EDGE_CURVE('',#959,#960,#638,.T.);
#1169=EDGE_CURVE('',#960,#961,#131,.T.);
#1170=EDGE_CURVE('',#962,#961,#639,.T.);
#1171=EDGE_CURVE('',#959,#962,#132,.T.);
#1172=EDGE_CURVE('',#960,#961,#640,.T.);
#1173=EDGE_CURVE('',#959,#962,#641,.T.);
#1174=EDGE_CURVE('',#957,#958,#133,.T.);
#1175=EDGE_CURVE('',#963,#964,#642,.T.);
#1176=EDGE_CURVE('',#964,#965,#134,.T.);
#1177=EDGE_CURVE('',#966,#965,#643,.T.);
#1178=EDGE_CURVE('',#963,#966,#135,.T.);
#1179=EDGE_CURVE('',#929,#967,#644,.T.);
#1180=EDGE_CURVE('',#967,#968,#136,.T.);
#1181=EDGE_CURVE('',#930,#968,#645,.T.);
#1182=EDGE_CURVE('',#964,#965,#646,.T.);
#1183=EDGE_CURVE('',#963,#966,#647,.T.);
#1184=EDGE_CURVE('',#967,#968,#648,.T.);
#1185=EDGE_CURVE('',#969,#970,#649,.T.);
#1186=EDGE_CURVE('',#971,#969,#650,.T.);
#1187=EDGE_CURVE('',#971,#972,#651,.T.);
#1188=EDGE_CURVE('',#972,#970,#652,.T.);
#1189=EDGE_CURVE('',#973,#974,#653,.T.);
#1190=EDGE_CURVE('',#974,#975,#137,.T.);
#1191=EDGE_CURVE('',#976,#975,#654,.T.);
#1192=EDGE_CURVE('',#973,#976,#138,.T.);
#1193=EDGE_CURVE('',#974,#975,#655,.T.);
#1194=EDGE_CURVE('',#973,#976,#656,.T.);
#1195=EDGE_CURVE('',#913,#914,#657,.T.);
#1196=EDGE_CURVE('',#977,#978,#547,.T.);
#1197=EDGE_CURVE('',#978,#977,#139,.T.);
#1198=EDGE_CURVE('',#944,#955,#548,.T.);
#1199=EDGE_CURVE('',#907,#943,#549,.T.);
#1200=EDGE_CURVE('',#956,#906,#550,.T.);
#1201=EDGE_CURVE('',#979,#979,#140,.T.);
#1202=EDGE_CURVE('',#980,#981,#658,.T.);
#1203=EDGE_CURVE('',#982,#981,#551,.T.);
#1204=EDGE_CURVE('',#983,#982,#659,.T.);
#1205=EDGE_CURVE('',#983,#956,#552,.T.);
#1206=EDGE_CURVE('',#955,#980,#553,.T.);
#1207=EDGE_CURVE('',#979,#984,#660,.T.);
#1208=EDGE_CURVE('',#984,#984,#141,.T.);
#1209=EDGE_CURVE('',#981,#982,#142,.T.);
#1210=EDGE_CURVE('',#985,#985,#143,.T.);
#1211=EDGE_CURVE('',#985,#986,#661,.T.);
#1212=EDGE_CURVE('',#986,#986,#144,.T.);
#1213=EDGE_CURVE('',#987,#988,#554,.T.);
#1214=EDGE_CURVE('',#942,#987,#555,.T.);
#1215=EDGE_CURVE('',#911,#941,#556,.T.);
#1216=EDGE_CURVE('',#989,#910,#557,.T.);
#1217=EDGE_CURVE('',#990,#989,#558,.T.);
#1218=EDGE_CURVE('',#991,#990,#662,.T.);
#1219=EDGE_CURVE('',#991,#992,#559,.T.);
#1220=EDGE_CURVE('',#992,#993,#560,.T.);
#1221=EDGE_CURVE('',#993,#994,#561,.T.);
#1222=EDGE_CURVE('',#994,#995,#562,.T.);
#1223=EDGE_CURVE('',#995,#996,#563,.T.);
#1224=EDGE_CURVE('',#996,#997,#564,.T.);
#1225=EDGE_CURVE('',#997,#998,#565,.T.);
#1226=EDGE_CURVE('',#998,#988,#663,.T.);
#1227=EDGE_CURVE('',#999,#999,#145,.T.);
#1228=EDGE_CURVE('',#999,#924,#664,.T.);
#1229=EDGE_CURVE('',#921,#1000,#566,.T.);
#1230=EDGE_CURVE('',#1001,#922,#567,.T.);
#1231=EDGE_CURVE('',#1002,#1001,#665,.T.);
#1232=EDGE_CURVE('',#1002,#1003,#568,.T.);
#1233=EDGE_CURVE('',#1003,#908,#569,.T.);
#1234=EDGE_CURVE('',#909,#939,#570,.T.);
#1235=EDGE_CURVE('',#940,#1004,#571,.T.);
#1236=EDGE_CURVE('',#1004,#1005,#572,.T.);
#1237=EDGE_CURVE('',#1005,#1000,#666,.T.);
#1238=EDGE_CURVE('',#1006,#993,#667,.T.);
#1239=EDGE_CURVE('',#993,#994,#146,.T.);
#1240=EDGE_CURVE('',#1007,#994,#668,.T.);
#1241=EDGE_CURVE('',#1006,#1007,#147,.T.);
#1242=EDGE_CURVE('',#1008,#1008,#148,.F.);
#1243=EDGE_CURVE('',#1008,#1009,#669,.T.);
#1244=EDGE_CURVE('',#1009,#1009,#149,.F.);
#1245=EDGE_CURVE('',#1010,#1010,#150,.F.);
#1246=EDGE_CURVE('',#1010,#1011,#670,.T.);
#1247=EDGE_CURVE('',#1011,#1011,#151,.F.);
#1248=EDGE_CURVE('',#1012,#1012,#152,.T.);
#1249=EDGE_CURVE('',#1012,#1013,#671,.T.);
#1250=EDGE_CURVE('',#1013,#1013,#153,.F.);
#1251=EDGE_CURVE('',#1014,#1015,#672,.T.);
#1252=EDGE_CURVE('',#1016,#1014,#673,.T.);
#1253=EDGE_CURVE('',#1016,#1017,#674,.T.);
#1254=EDGE_CURVE('',#1017,#1015,#675,.T.);
#1255=EDGE_CURVE('',#945,#946,#154,.T.);
#1256=EDGE_CURVE('',#947,#948,#155,.T.);
#1257=EDGE_CURVE('',#1018,#1019,#676,.T.);
#1258=EDGE_CURVE('',#1020,#1018,#677,.T.);
#1259=EDGE_CURVE('',#1020,#1021,#678,.T.);
#1260=EDGE_CURVE('',#1021,#1019,#679,.T.);
#1261=EDGE_CURVE('',#1014,#1015,#156,.T.);
#1262=EDGE_CURVE('',#1016,#1017,#157,.T.);
#1263=EDGE_CURVE('',#1022,#1022,#158,.T.);
#1264=EDGE_CURVE('',#987,#989,#159,.T.);
#1265=EDGE_CURVE('',#997,#992,#160,.T.);
#1266=EDGE_CURVE('',#995,#996,#680,.T.);
#1267=EDGE_CURVE('',#1023,#1024,#161,.T.);
#1268=EDGE_CURVE('',#1023,#1024,#681,.T.);
#1269=EDGE_CURVE('',#1025,#1026,#162,.T.);
#1270=EDGE_CURVE('',#1025,#1026,#682,.T.);
#1271=EDGE_CURVE('',#1018,#1019,#163,.T.);
#1272=EDGE_CURVE('',#1027,#1028,#164,.T.);
#1273=EDGE_CURVE('',#1027,#1028,#683,.T.);
#1274=EDGE_CURVE('',#969,#970,#165,.T.);
#1275=EDGE_CURVE('',#1004,#1003,#166,.T.);
#1276=EDGE_CURVE('',#1029,#1029,#167,.T.);
#1277=EDGE_CURVE('',#1030,#1027,#684,.T.);
#1278=EDGE_CURVE('',#1031,#1028,#685,.T.);
#1279=EDGE_CURVE('',#1030,#1031,#168,.T.);
#1280=EDGE_CURVE('',#1030,#1031,#686,.T.);
#1281=EDGE_CURVE('',#1020,#1021,#169,.T.);
#1282=EDGE_CURVE('',#993,#994,#687,.T.);
#1283=EDGE_CURVE('',#971,#972,#170,.T.);
#1284=EDGE_CURVE('',#1006,#1007,#688,.T.);
#1285=EDGE_CURVE('',#1001,#983,#689,.T.);
#1286=EDGE_CURVE('',#987,#1004,#690,.T.);
#1287=EDGE_CURVE('',#988,#1005,#691,.T.);
#1288=EDGE_CURVE('',#1000,#980,#692,.T.);
#1289=EDGE_CURVE('',#989,#1003,#693,.T.);
#1290=EDGE_CURVE('',#1032,#1025,#694,.T.);
#1291=EDGE_CURVE('',#1033,#1026,#695,.T.);
#1292=EDGE_CURVE('',#1032,#1033,#171,.T.);
#1293=EDGE_CURVE('',#1032,#1033,#696,.T.);
#1294=EDGE_CURVE('',#990,#1002,#697,.T.);
#1295=EDGE_CURVE('',#1034,#1023,#698,.T.);
#1296=EDGE_CURVE('',#1034,#1035,#699,.T.);
#1297=EDGE_CURVE('',#1035,#1024,#700,.T.);
#1298=EDGE_CURVE('',#1034,#1035,#172,.T.);
#1299=EDGE_CURVE('',#1036,#1037,#573,.T.);
#1300=EDGE_CURVE('',#1037,#1038,#173,.T.);
#1301=EDGE_CURVE('',#1038,#1006,#574,.T.);
#1302=EDGE_CURVE('',#1007,#1039,#575,.T.);
#1303=EDGE_CURVE('',#1039,#1036,#701,.T.);
#1304=EDGE_CURVE('',#1040,#1040,#174,.T.);
#1305=EDGE_CURVE('',#1041,#1041,#175,.T.);
#1306=EDGE_CURVE('',#1041,#1042,#702,.T.);
#1307=EDGE_CURVE('',#1042,#1042,#176,.F.);
#1308=EDGE_CURVE('',#1043,#998,#703,.T.);
#1309=EDGE_CURVE('',#1044,#1043,#704,.T.);
#1310=EDGE_CURVE('',#1045,#1044,#705,.T.);
#1311=EDGE_CURVE('',#977,#1045,#706,.T.);
#1312=EDGE_CURVE('',#978,#1046,#707,.T.);
#1313=EDGE_CURVE('',#1046,#1047,#708,.T.);
#1314=EDGE_CURVE('',#1047,#1048,#709,.T.);
#1315=EDGE_CURVE('',#1048,#991,#710,.T.);
#1316=EDGE_CURVE('',#1049,#1050,#711,.T.);
#1317=EDGE_CURVE('',#1050,#1051,#712,.T.);
#1318=EDGE_CURVE('',#1052,#1051,#713,.T.);
#1319=EDGE_CURVE('',#1049,#1052,#714,.T.);
#1320=EDGE_CURVE('',#1053,#1053,#177,.F.);
#1321=EDGE_CURVE('',#1053,#1022,#715,.T.);
#1322=EDGE_CURVE('',#1050,#1051,#178,.T.);
#1323=EDGE_CURVE('',#1049,#1052,#179,.T.);
#1324=EDGE_CURVE('',#1054,#1055,#180,.T.);
#1325=EDGE_CURVE('',#1056,#1054,#716,.T.);
#1326=EDGE_CURVE('',#1056,#1057,#181,.T.);
#1327=EDGE_CURVE('',#1057,#1055,#717,.T.);
#1328=EDGE_CURVE('',#1054,#1055,#718,.T.);
#1329=EDGE_CURVE('',#1056,#1057,#719,.T.);
#1330=EDGE_CURVE('',#1058,#1059,#182,.T.);
#1331=EDGE_CURVE('',#1060,#1058,#720,.T.);
#1332=EDGE_CURVE('',#1060,#1061,#183,.T.);
#1333=EDGE_CURVE('',#1061,#1059,#721,.T.);
#1334=EDGE_CURVE('',#1062,#1062,#184,.F.);
#1335=EDGE_CURVE('',#1062,#1040,#722,.T.);
#1336=EDGE_CURVE('',#1052,#1049,#576,.T.);
#1337=EDGE_CURVE('',#1063,#1045,#577,.T.);
#1338=EDGE_CURVE('',#1064,#1063,#578,.T.);
#1339=EDGE_CURVE('',#1064,#1065,#579,.T.);
#1340=EDGE_CURVE('',#1049,#1065,#580,.T.);
#1341=EDGE_CURVE('',#1066,#1052,#581,.T.);
#1342=EDGE_CURVE('',#1046,#1066,#582,.T.);
#1343=EDGE_CURVE('',#1029,#1067,#723,.T.);
#1344=EDGE_CURVE('',#1067,#1067,#185,.T.);
#1345=EDGE_CURVE('',#1058,#1059,#724,.T.);
#1346=EDGE_CURVE('',#1060,#1061,#725,.T.);
#1347=EDGE_CURVE('',#1050,#1051,#583,.T.);
#1348=EDGE_CURVE('',#1006,#1007,#584,.T.);
#1349=EDGE_CURVE('',#1068,#1069,#186,.T.);
#1350=EDGE_CURVE('',#1070,#1068,#726,.T.);
#1351=EDGE_CURVE('',#1070,#1071,#187,.T.);
#1352=EDGE_CURVE('',#1071,#1069,#727,.T.);
#1353=EDGE_CURVE('',#1068,#1069,#728,.T.);
#1354=EDGE_CURVE('',#1070,#1071,#729,.T.);
#1355=EDGE_CURVE('',#1072,#1073,#730,.T.);
#1356=EDGE_CURVE('',#1072,#1064,#731,.T.);
#1357=EDGE_CURVE('',#1065,#1064,#732,.T.);
#1358=EDGE_CURVE('',#1073,#1065,#733,.T.);
#1359=EDGE_CURVE('',#995,#1039,#734,.T.);
#1360=EDGE_CURVE('',#996,#1036,#735,.T.);
#1361=EDGE_CURVE('',#1039,#1036,#585,.T.);
#1362=EDGE_CURVE('',#1074,#1075,#188,.T.);
#1363=EDGE_CURVE('',#1066,#1074,#736,.T.);
#1364=EDGE_CURVE('',#1066,#1063,#189,.F.);
#1365=EDGE_CURVE('',#1063,#1075,#737,.T.);
#1366=EDGE_CURVE('',#1074,#1047,#586,.T.);
#1367=EDGE_CURVE('',#1037,#997,#738,.T.);
#1368=EDGE_CURVE('',#1037,#1043,#587,.T.);
#1369=EDGE_CURVE('',#1044,#1075,#588,.T.);
#1370=EDGE_CURVE('',#1072,#1073,#589,.T.);
#1371=EDGE_CURVE('',#1076,#1077,#190,.T.);
#1372=EDGE_CURVE('',#1078,#1076,#739,.T.);
#1373=EDGE_CURVE('',#1078,#1079,#191,.T.);
#1374=EDGE_CURVE('',#1079,#1077,#740,.T.);
#1375=EDGE_CURVE('',#1038,#992,#741,.T.);
#1376=EDGE_CURVE('',#1048,#1038,#590,.T.);
#1377=EDGE_CURVE('',#1080,#1081,#192,.T.);
#1378=EDGE_CURVE('',#1082,#1080,#742,.T.);
#1379=EDGE_CURVE('',#1082,#1083,#193,.T.);
#1380=EDGE_CURVE('',#1083,#1081,#743,.T.);
#1381=EDGE_CURVE('',#1080,#1081,#744,.T.);
#1382=EDGE_CURVE('',#1082,#1083,#745,.T.);
#1383=EDGE_CURVE('',#1076,#1077,#746,.T.);
#1384=EDGE_CURVE('',#1078,#1079,#747,.T.);
#1385=EDGE_CURVE('',#1051,#1074,#591,.T.);
#1386=EDGE_CURVE('',#1073,#1050,#592,.T.);
#1387=EDGE_CURVE('',#1075,#1072,#593,.T.);
#1388=EDGE_CURVE('',#1084,#1084,#194,.F.);
#1389=EDGE_CURVE('',#1085,#1085,#195,.F.);
#1390=EDGE_CURVE('',#1085,#1084,#748,.T.);
#1391=ORIENTED_EDGE('',*,*,#1086,.F.);
#1392=ORIENTED_EDGE('',*,*,#1087,.T.);
#1393=ORIENTED_EDGE('',*,*,#1088,.F.);
#1394=ORIENTED_EDGE('',*,*,#1089,.F.);
#1395=ORIENTED_EDGE('',*,*,#1086,.T.);
#1396=ORIENTED_EDGE('',*,*,#1090,.T.);
#1397=ORIENTED_EDGE('',*,*,#1091,.F.);
#1398=ORIENTED_EDGE('',*,*,#1092,.F.);
#1399=ORIENTED_EDGE('',*,*,#1093,.T.);
#1400=ORIENTED_EDGE('',*,*,#1094,.T.);
#1401=ORIENTED_EDGE('',*,*,#1095,.T.);
#1402=ORIENTED_EDGE('',*,*,#1096,.T.);
#1403=ORIENTED_EDGE('',*,*,#1097,.F.);
#1404=ORIENTED_EDGE('',*,*,#1098,.F.);
#1405=ORIENTED_EDGE('',*,*,#1099,.T.);
#1406=ORIENTED_EDGE('',*,*,#1100,.T.);
#1407=ORIENTED_EDGE('',*,*,#1101,.T.);
#1408=ORIENTED_EDGE('',*,*,#1100,.F.);
#1409=ORIENTED_EDGE('',*,*,#1102,.T.);
#1410=ORIENTED_EDGE('',*,*,#1103,.T.);
#1411=ORIENTED_EDGE('',*,*,#1104,.T.);
#1412=ORIENTED_EDGE('',*,*,#1103,.F.);
#1413=ORIENTED_EDGE('',*,*,#1105,.F.);
#1414=ORIENTED_EDGE('',*,*,#1091,.T.);
#1415=ORIENTED_EDGE('',*,*,#1106,.T.);
#1416=ORIENTED_EDGE('',*,*,#1107,.T.);
#1417=ORIENTED_EDGE('',*,*,#1108,.T.);
#1418=ORIENTED_EDGE('',*,*,#1109,.T.);
#1419=ORIENTED_EDGE('',*,*,#1110,.T.);
#1420=ORIENTED_EDGE('',*,*,#1111,.T.);
#1421=ORIENTED_EDGE('',*,*,#1112,.F.);
#1422=ORIENTED_EDGE('',*,*,#1113,.F.);
#1423=ORIENTED_EDGE('',*,*,#1114,.T.);
#1424=ORIENTED_EDGE('',*,*,#1115,.F.);
#1425=ORIENTED_EDGE('',*,*,#1116,.T.);
#1426=ORIENTED_EDGE('',*,*,#1117,.F.);
#1427=ORIENTED_EDGE('',*,*,#1118,.T.);
#1428=ORIENTED_EDGE('',*,*,#1119,.F.);
#1429=ORIENTED_EDGE('',*,*,#1120,.T.);
#1430=ORIENTED_EDGE('',*,*,#1121,.F.);
#1431=ORIENTED_EDGE('',*,*,#1098,.T.);
#1432=ORIENTED_EDGE('',*,*,#1122,.T.);
#1433=ORIENTED_EDGE('',*,*,#1123,.T.);
#1434=ORIENTED_EDGE('',*,*,#1101,.F.);
#1435=ORIENTED_EDGE('',*,*,#1124,.F.);
#1436=ORIENTED_EDGE('',*,*,#1088,.T.);
#1437=ORIENTED_EDGE('',*,*,#1093,.F.);
#1438=ORIENTED_EDGE('',*,*,#1125,.T.);
#1439=ORIENTED_EDGE('',*,*,#1089,.T.);
#1440=ORIENTED_EDGE('',*,*,#1126,.T.);
#1441=ORIENTED_EDGE('',*,*,#1090,.F.);
#1442=ORIENTED_EDGE('',*,*,#1109,.F.);
#1443=ORIENTED_EDGE('',*,*,#1092,.T.);
#1444=ORIENTED_EDGE('',*,*,#1127,.T.);
#1445=ORIENTED_EDGE('',*,*,#1094,.F.);
#1446=ORIENTED_EDGE('',*,*,#1128,.F.);
#1447=ORIENTED_EDGE('',*,*,#1129,.F.);
#1448=ORIENTED_EDGE('',*,*,#1130,.F.);
#1449=ORIENTED_EDGE('',*,*,#1119,.T.);
#1450=ORIENTED_EDGE('',*,*,#1131,.T.);
#1451=ORIENTED_EDGE('',*,*,#1132,.T.);
#1452=ORIENTED_EDGE('',*,*,#1133,.T.);
#1453=ORIENTED_EDGE('',*,*,#1134,.F.);
#1454=ORIENTED_EDGE('',*,*,#1114,.F.);
#1455=ORIENTED_EDGE('',*,*,#1135,.F.);
#1456=ORIENTED_EDGE('',*,*,#1136,.T.);
#1457=ORIENTED_EDGE('',*,*,#1137,.T.);
#1458=ORIENTED_EDGE('',*,*,#1138,.F.);
#1459=ORIENTED_EDGE('',*,*,#1111,.F.);
#1460=ORIENTED_EDGE('',*,*,#1139,.F.);
#1461=ORIENTED_EDGE('',*,*,#1140,.F.);
#1462=ORIENTED_EDGE('',*,*,#1141,.T.);
#1463=ORIENTED_EDGE('',*,*,#1142,.F.);
#1464=ORIENTED_EDGE('',*,*,#1143,.F.);
#1465=ORIENTED_EDGE('',*,*,#1144,.T.);
#1466=ORIENTED_EDGE('',*,*,#1145,.T.);
#1467=ORIENTED_EDGE('',*,*,#1139,.T.);
#1468=ORIENTED_EDGE('',*,*,#1146,.T.);
#1469=ORIENTED_EDGE('',*,*,#1141,.F.);
#1470=ORIENTED_EDGE('',*,*,#1147,.F.);
#1471=ORIENTED_EDGE('',*,*,#1136,.F.);
#1472=ORIENTED_EDGE('',*,*,#1148,.T.);
#1473=ORIENTED_EDGE('',*,*,#1138,.T.);
#1474=ORIENTED_EDGE('',*,*,#1149,.F.);
#1475=ORIENTED_EDGE('',*,*,#1130,.T.);
#1476=ORIENTED_EDGE('',*,*,#1150,.T.);
#1477=ORIENTED_EDGE('',*,*,#1131,.F.);
#1478=ORIENTED_EDGE('',*,*,#1120,.F.);
#1479=ORIENTED_EDGE('',*,*,#1151,.F.);
#1480=ORIENTED_EDGE('',*,*,#1132,.F.);
#1481=ORIENTED_EDGE('',*,*,#1113,.T.);
#1482=ORIENTED_EDGE('',*,*,#1134,.T.);
#1483=ORIENTED_EDGE('',*,*,#1152,.T.);
#1484=ORIENTED_EDGE('',*,*,#1153,.T.);
#1485=ORIENTED_EDGE('',*,*,#1123,.F.);
#1486=ORIENTED_EDGE('',*,*,#1153,.F.);
#1487=ORIENTED_EDGE('',*,*,#1154,.T.);
#1488=ORIENTED_EDGE('',*,*,#1155,.T.);
#1489=ORIENTED_EDGE('',*,*,#1156,.F.);
#1490=ORIENTED_EDGE('',*,*,#1155,.F.);
#1491=ORIENTED_EDGE('',*,*,#1157,.T.);
#1492=ORIENTED_EDGE('',*,*,#1158,.T.);
#1493=ORIENTED_EDGE('',*,*,#1122,.F.);
#1494=ORIENTED_EDGE('',*,*,#1158,.F.);
#1495=ORIENTED_EDGE('',*,*,#1159,.T.);
#1496=ORIENTED_EDGE('',*,*,#1160,.T.);
#1497=ORIENTED_EDGE('',*,*,#1161,.F.);
#1498=ORIENTED_EDGE('',*,*,#1160,.F.);
#1499=ORIENTED_EDGE('',*,*,#1162,.T.);
#1500=ORIENTED_EDGE('',*,*,#1163,.T.);
#1501=ORIENTED_EDGE('',*,*,#1164,.F.);
#1502=ORIENTED_EDGE('',*,*,#1107,.F.);
#1503=ORIENTED_EDGE('',*,*,#1165,.F.);
#1504=ORIENTED_EDGE('',*,*,#1166,.F.);
#1505=ORIENTED_EDGE('',*,*,#1115,.T.);
#1506=ORIENTED_EDGE('',*,*,#1167,.T.);
#1507=ORIENTED_EDGE('',*,*,#1168,.T.);
#1508=ORIENTED_EDGE('',*,*,#1169,.T.);
#1509=ORIENTED_EDGE('',*,*,#1170,.F.);
#1510=ORIENTED_EDGE('',*,*,#1171,.F.);
#1511=ORIENTED_EDGE('',*,*,#1172,.F.);
#1512=ORIENTED_EDGE('',*,*,#1168,.F.);
#1513=ORIENTED_EDGE('',*,*,#1173,.T.);
#1514=ORIENTED_EDGE('',*,*,#1170,.T.);
#1515=ORIENTED_EDGE('',*,*,#1166,.T.);
#1516=ORIENTED_EDGE('',*,*,#1174,.T.);
#1517=ORIENTED_EDGE('',*,*,#1167,.F.);
#1518=ORIENTED_EDGE('',*,*,#1116,.F.);
#1519=ORIENTED_EDGE('',*,*,#1175,.T.);
#1520=ORIENTED_EDGE('',*,*,#1176,.T.);
#1521=ORIENTED_EDGE('',*,*,#1177,.F.);
#1522=ORIENTED_EDGE('',*,*,#1178,.F.);
#1523=ORIENTED_EDGE('',*,*,#1179,.T.);
#1524=ORIENTED_EDGE('',*,*,#1180,.T.);
#1525=ORIENTED_EDGE('',*,*,#1181,.F.);
#1526=ORIENTED_EDGE('',*,*,#1118,.F.);
#1527=ORIENTED_EDGE('',*,*,#1182,.F.);
#1528=ORIENTED_EDGE('',*,*,#1175,.F.);
#1529=ORIENTED_EDGE('',*,*,#1183,.T.);
#1530=ORIENTED_EDGE('',*,*,#1177,.T.);
#1531=ORIENTED_EDGE('',*,*,#1184,.F.);
#1532=ORIENTED_EDGE('',*,*,#1179,.F.);
#1533=ORIENTED_EDGE('',*,*,#1117,.T.);
#1534=ORIENTED_EDGE('',*,*,#1181,.T.);
#1535=ORIENTED_EDGE('',*,*,#1185,.F.);
#1536=ORIENTED_EDGE('',*,*,#1186,.F.);
#1537=ORIENTED_EDGE('',*,*,#1187,.T.);
#1538=ORIENTED_EDGE('',*,*,#1188,.T.);
#1539=ORIENTED_EDGE('',*,*,#1189,.T.);
#1540=ORIENTED_EDGE('',*,*,#1190,.T.);
#1541=ORIENTED_EDGE('',*,*,#1191,.F.);
#1542=ORIENTED_EDGE('',*,*,#1192,.F.);
#1543=ORIENTED_EDGE('',*,*,#1193,.F.);
#1544=ORIENTED_EDGE('',*,*,#1189,.F.);
#1545=ORIENTED_EDGE('',*,*,#1194,.T.);
#1546=ORIENTED_EDGE('',*,*,#1191,.T.);
#1547=ORIENTED_EDGE('',*,*,#1195,.F.);
#1548=ORIENTED_EDGE('',*,*,#1095,.F.);
#1549=ORIENTED_EDGE('',*,*,#1121,.T.);
#1550=ORIENTED_EDGE('',*,*,#1097,.T.);
#1551=ORIENTED_EDGE('',*,*,#1196,.T.);
#1552=ORIENTED_EDGE('',*,*,#1197,.T.);
#1553=ORIENTED_EDGE('',*,*,#1163,.F.);
#1554=ORIENTED_EDGE('',*,*,#1198,.F.);
#1555=ORIENTED_EDGE('',*,*,#1140,.T.);
#1556=ORIENTED_EDGE('',*,*,#1199,.F.);
#1557=ORIENTED_EDGE('',*,*,#1126,.F.);
#1558=ORIENTED_EDGE('',*,*,#1200,.F.);
#1559=ORIENTED_EDGE('',*,*,#1180,.F.);
#1560=ORIENTED_EDGE('',*,*,#1184,.T.);
#1561=ORIENTED_EDGE('',*,*,#1174,.F.);
#1562=ORIENTED_EDGE('',*,*,#1165,.T.);
#1563=ORIENTED_EDGE('',*,*,#1150,.F.);
#1564=ORIENTED_EDGE('',*,*,#1129,.T.);
#1565=ORIENTED_EDGE('',*,*,#1133,.F.);
#1566=ORIENTED_EDGE('',*,*,#1151,.T.);
#1567=ORIENTED_EDGE('',*,*,#1096,.F.);
#1568=ORIENTED_EDGE('',*,*,#1195,.T.);
#1569=ORIENTED_EDGE('',*,*,#1201,.T.);
#1570=ORIENTED_EDGE('',*,*,#1099,.F.);
#1571=ORIENTED_EDGE('',*,*,#1152,.F.);
#1572=ORIENTED_EDGE('',*,*,#1102,.F.);
#1573=ORIENTED_EDGE('',*,*,#1202,.T.);
#1574=ORIENTED_EDGE('',*,*,#1203,.F.);
#1575=ORIENTED_EDGE('',*,*,#1204,.F.);
#1576=ORIENTED_EDGE('',*,*,#1205,.T.);
#1577=ORIENTED_EDGE('',*,*,#1200,.T.);
#1578=ORIENTED_EDGE('',*,*,#1124,.T.);
#1579=ORIENTED_EDGE('',*,*,#1199,.T.);
#1580=ORIENTED_EDGE('',*,*,#1147,.T.);
#1581=ORIENTED_EDGE('',*,*,#1198,.T.);
#1582=ORIENTED_EDGE('',*,*,#1206,.T.);
#1583=ORIENTED_EDGE('',*,*,#1201,.F.);
#1584=ORIENTED_EDGE('',*,*,#1207,.T.);
#1585=ORIENTED_EDGE('',*,*,#1208,.T.);
#1586=ORIENTED_EDGE('',*,*,#1207,.F.);
#1587=ORIENTED_EDGE('',*,*,#1203,.T.);
#1588=ORIENTED_EDGE('',*,*,#1209,.T.);
#1589=ORIENTED_EDGE('',*,*,#1104,.F.);
#1590=ORIENTED_EDGE('',*,*,#1208,.F.);
#1591=ORIENTED_EDGE('',*,*,#1210,.F.);
#1592=ORIENTED_EDGE('',*,*,#1211,.T.);
#1593=ORIENTED_EDGE('',*,*,#1212,.T.);
#1594=ORIENTED_EDGE('',*,*,#1211,.F.);
#1595=ORIENTED_EDGE('',*,*,#1213,.F.);
#1596=ORIENTED_EDGE('',*,*,#1214,.F.);
#1597=ORIENTED_EDGE('',*,*,#1137,.F.);
#1598=ORIENTED_EDGE('',*,*,#1215,.F.);
#1599=ORIENTED_EDGE('',*,*,#1125,.F.);
#1600=ORIENTED_EDGE('',*,*,#1216,.F.);
#1601=ORIENTED_EDGE('',*,*,#1217,.F.);
#1602=ORIENTED_EDGE('',*,*,#1218,.F.);
#1603=ORIENTED_EDGE('',*,*,#1219,.T.);
#1604=ORIENTED_EDGE('',*,*,#1220,.T.);
#1605=ORIENTED_EDGE('',*,*,#1221,.T.);
#1606=ORIENTED_EDGE('',*,*,#1222,.T.);
#1607=ORIENTED_EDGE('',*,*,#1223,.T.);
#1608=ORIENTED_EDGE('',*,*,#1224,.T.);
#1609=ORIENTED_EDGE('',*,*,#1225,.T.);
#1610=ORIENTED_EDGE('',*,*,#1226,.T.);
#1611=ORIENTED_EDGE('',*,*,#1227,.F.);
#1612=ORIENTED_EDGE('',*,*,#1228,.T.);
#1613=ORIENTED_EDGE('',*,*,#1112,.T.);
#1614=ORIENTED_EDGE('',*,*,#1228,.F.);
#1615=ORIENTED_EDGE('',*,*,#1229,.F.);
#1616=ORIENTED_EDGE('',*,*,#1106,.F.);
#1617=ORIENTED_EDGE('',*,*,#1146,.F.);
#1618=ORIENTED_EDGE('',*,*,#1110,.F.);
#1619=ORIENTED_EDGE('',*,*,#1087,.F.);
#1620=ORIENTED_EDGE('',*,*,#1108,.F.);
#1621=ORIENTED_EDGE('',*,*,#1230,.F.);
#1622=ORIENTED_EDGE('',*,*,#1231,.F.);
#1623=ORIENTED_EDGE('',*,*,#1232,.T.);
#1624=ORIENTED_EDGE('',*,*,#1233,.T.);
#1625=ORIENTED_EDGE('',*,*,#1105,.T.);
#1626=ORIENTED_EDGE('',*,*,#1234,.T.);
#1627=ORIENTED_EDGE('',*,*,#1135,.T.);
#1628=ORIENTED_EDGE('',*,*,#1235,.T.);
#1629=ORIENTED_EDGE('',*,*,#1236,.T.);
#1630=ORIENTED_EDGE('',*,*,#1237,.T.);
#1631=ORIENTED_EDGE('',*,*,#1238,.T.);
#1632=ORIENTED_EDGE('',*,*,#1239,.T.);
#1633=ORIENTED_EDGE('',*,*,#1240,.F.);
#1634=ORIENTED_EDGE('',*,*,#1241,.F.);
#1635=ORIENTED_EDGE('',*,*,#1242,.F.);
#1636=ORIENTED_EDGE('',*,*,#1243,.T.);
#1637=ORIENTED_EDGE('',*,*,#1244,.T.);
#1638=ORIENTED_EDGE('',*,*,#1243,.F.);
#1639=ORIENTED_EDGE('',*,*,#1245,.F.);
#1640=ORIENTED_EDGE('',*,*,#1246,.T.);
#1641=ORIENTED_EDGE('',*,*,#1247,.T.);
#1642=ORIENTED_EDGE('',*,*,#1246,.F.);
#1643=ORIENTED_EDGE('',*,*,#1248,.T.);
#1644=ORIENTED_EDGE('',*,*,#1249,.T.);
#1645=ORIENTED_EDGE('',*,*,#1250,.T.);
#1646=ORIENTED_EDGE('',*,*,#1249,.F.);
#1647=ORIENTED_EDGE('',*,*,#1251,.F.);
#1648=ORIENTED_EDGE('',*,*,#1252,.F.);
#1649=ORIENTED_EDGE('',*,*,#1253,.T.);
#1650=ORIENTED_EDGE('',*,*,#1254,.T.);
#1651=ORIENTED_EDGE('',*,*,#1143,.T.);
#1652=ORIENTED_EDGE('',*,*,#1255,.T.);
#1653=ORIENTED_EDGE('',*,*,#1145,.F.);
#1654=ORIENTED_EDGE('',*,*,#1256,.F.);
#1655=ORIENTED_EDGE('',*,*,#1257,.F.);
#1656=ORIENTED_EDGE('',*,*,#1258,.F.);
#1657=ORIENTED_EDGE('',*,*,#1259,.T.);
#1658=ORIENTED_EDGE('',*,*,#1260,.T.);
#1659=ORIENTED_EDGE('',*,*,#1252,.T.);
#1660=ORIENTED_EDGE('',*,*,#1261,.T.);
#1661=ORIENTED_EDGE('',*,*,#1254,.F.);
#1662=ORIENTED_EDGE('',*,*,#1262,.F.);
#1663=ORIENTED_EDGE('',*,*,#1263,.T.);
#1664=ORIENTED_EDGE('',*,*,#1214,.T.);
#1665=ORIENTED_EDGE('',*,*,#1264,.T.);
#1666=ORIENTED_EDGE('',*,*,#1216,.T.);
#1667=ORIENTED_EDGE('',*,*,#1128,.T.);
#1668=ORIENTED_EDGE('',*,*,#1215,.T.);
#1669=ORIENTED_EDGE('',*,*,#1149,.T.);
#1670=ORIENTED_EDGE('',*,*,#1212,.F.);
#1671=ORIENTED_EDGE('',*,*,#1253,.F.);
#1672=ORIENTED_EDGE('',*,*,#1262,.T.);
#1673=ORIENTED_EDGE('',*,*,#1173,.F.);
#1674=ORIENTED_EDGE('',*,*,#1171,.T.);
#1675=ORIENTED_EDGE('',*,*,#1183,.F.);
#1676=ORIENTED_EDGE('',*,*,#1178,.T.);
#1677=ORIENTED_EDGE('',*,*,#1144,.F.);
#1678=ORIENTED_EDGE('',*,*,#1256,.T.);
#1679=ORIENTED_EDGE('',*,*,#1194,.F.);
#1680=ORIENTED_EDGE('',*,*,#1192,.T.);
#1681=ORIENTED_EDGE('',*,*,#1156,.T.);
#1682=ORIENTED_EDGE('',*,*,#1161,.T.);
#1683=ORIENTED_EDGE('',*,*,#1247,.F.);
#1684=ORIENTED_EDGE('',*,*,#1265,.F.);
#1685=ORIENTED_EDGE('',*,*,#1224,.F.);
#1686=ORIENTED_EDGE('',*,*,#1266,.F.);
#1687=ORIENTED_EDGE('',*,*,#1222,.F.);
#1688=ORIENTED_EDGE('',*,*,#1239,.F.);
#1689=ORIENTED_EDGE('',*,*,#1220,.F.);
#1690=ORIENTED_EDGE('',*,*,#1267,.F.);
#1691=ORIENTED_EDGE('',*,*,#1268,.T.);
#1692=ORIENTED_EDGE('',*,*,#1269,.F.);
#1693=ORIENTED_EDGE('',*,*,#1270,.T.);
#1694=ORIENTED_EDGE('',*,*,#1271,.F.);
#1695=ORIENTED_EDGE('',*,*,#1257,.T.);
#1696=ORIENTED_EDGE('',*,*,#1272,.F.);
#1697=ORIENTED_EDGE('',*,*,#1273,.T.);
#1698=ORIENTED_EDGE('',*,*,#1274,.F.);
#1699=ORIENTED_EDGE('',*,*,#1185,.T.);
#1700=ORIENTED_EDGE('',*,*,#1210,.T.);
#1701=ORIENTED_EDGE('',*,*,#1242,.T.);
#1702=ORIENTED_EDGE('',*,*,#1248,.F.);
#1703=ORIENTED_EDGE('',*,*,#1154,.F.);
#1704=ORIENTED_EDGE('',*,*,#1275,.F.);
#1705=ORIENTED_EDGE('',*,*,#1235,.F.);
#1706=ORIENTED_EDGE('',*,*,#1148,.F.);
#1707=ORIENTED_EDGE('',*,*,#1234,.F.);
#1708=ORIENTED_EDGE('',*,*,#1127,.F.);
#1709=ORIENTED_EDGE('',*,*,#1233,.F.);
#1710=ORIENTED_EDGE('',*,*,#1176,.F.);
#1711=ORIENTED_EDGE('',*,*,#1182,.T.);
#1712=ORIENTED_EDGE('',*,*,#1169,.F.);
#1713=ORIENTED_EDGE('',*,*,#1172,.T.);
#1714=ORIENTED_EDGE('',*,*,#1255,.F.);
#1715=ORIENTED_EDGE('',*,*,#1142,.T.);
#1716=ORIENTED_EDGE('',*,*,#1261,.F.);
#1717=ORIENTED_EDGE('',*,*,#1251,.T.);
#1718=ORIENTED_EDGE('',*,*,#1190,.F.);
#1719=ORIENTED_EDGE('',*,*,#1193,.T.);
#1720=ORIENTED_EDGE('',*,*,#1227,.T.);
#1721=ORIENTED_EDGE('',*,*,#1245,.T.);
#1722=ORIENTED_EDGE('',*,*,#1159,.F.);
#1723=ORIENTED_EDGE('',*,*,#1157,.F.);
#1724=ORIENTED_EDGE('',*,*,#1276,.F.);
#1725=ORIENTED_EDGE('',*,*,#1277,.T.);
#1726=ORIENTED_EDGE('',*,*,#1272,.T.);
#1727=ORIENTED_EDGE('',*,*,#1278,.F.);
#1728=ORIENTED_EDGE('',*,*,#1279,.F.);
#1729=ORIENTED_EDGE('',*,*,#1273,.F.);
#1730=ORIENTED_EDGE('',*,*,#1277,.F.);
#1731=ORIENTED_EDGE('',*,*,#1280,.T.);
#1732=ORIENTED_EDGE('',*,*,#1278,.T.);
#1733=ORIENTED_EDGE('',*,*,#1258,.T.);
#1734=ORIENTED_EDGE('',*,*,#1271,.T.);
#1735=ORIENTED_EDGE('',*,*,#1260,.F.);
#1736=ORIENTED_EDGE('',*,*,#1281,.F.);
#1737=ORIENTED_EDGE('',*,*,#1221,.F.);
#1738=ORIENTED_EDGE('',*,*,#1282,.T.);
#1739=ORIENTED_EDGE('',*,*,#1186,.T.);
#1740=ORIENTED_EDGE('',*,*,#1274,.T.);
#1741=ORIENTED_EDGE('',*,*,#1188,.F.);
#1742=ORIENTED_EDGE('',*,*,#1283,.F.);
#1743=ORIENTED_EDGE('',*,*,#1282,.F.);
#1744=ORIENTED_EDGE('',*,*,#1238,.F.);
#1745=ORIENTED_EDGE('',*,*,#1284,.T.);
#1746=ORIENTED_EDGE('',*,*,#1240,.T.);
#1747=ORIENTED_EDGE('',*,*,#1205,.F.);
#1748=ORIENTED_EDGE('',*,*,#1285,.F.);
#1749=ORIENTED_EDGE('',*,*,#1230,.T.);
#1750=ORIENTED_EDGE('',*,*,#1164,.T.);
#1751=ORIENTED_EDGE('',*,*,#1236,.F.);
#1752=ORIENTED_EDGE('',*,*,#1286,.F.);
#1753=ORIENTED_EDGE('',*,*,#1213,.T.);
#1754=ORIENTED_EDGE('',*,*,#1287,.T.);
#1755=ORIENTED_EDGE('',*,*,#1206,.F.);
#1756=ORIENTED_EDGE('',*,*,#1162,.F.);
#1757=ORIENTED_EDGE('',*,*,#1229,.T.);
#1758=ORIENTED_EDGE('',*,*,#1288,.T.);
#1759=ORIENTED_EDGE('',*,*,#1286,.T.);
#1760=ORIENTED_EDGE('',*,*,#1275,.T.);
#1761=ORIENTED_EDGE('',*,*,#1289,.F.);
#1762=ORIENTED_EDGE('',*,*,#1264,.F.);
#1763=ORIENTED_EDGE('',*,*,#1290,.T.);
#1764=ORIENTED_EDGE('',*,*,#1269,.T.);
#1765=ORIENTED_EDGE('',*,*,#1291,.F.);
#1766=ORIENTED_EDGE('',*,*,#1292,.F.);
#1767=ORIENTED_EDGE('',*,*,#1270,.F.);
#1768=ORIENTED_EDGE('',*,*,#1290,.F.);
#1769=ORIENTED_EDGE('',*,*,#1293,.T.);
#1770=ORIENTED_EDGE('',*,*,#1291,.T.);
#1771=ORIENTED_EDGE('',*,*,#1232,.F.);
#1772=ORIENTED_EDGE('',*,*,#1294,.F.);
#1773=ORIENTED_EDGE('',*,*,#1217,.T.);
#1774=ORIENTED_EDGE('',*,*,#1289,.T.);
#1775=ORIENTED_EDGE('',*,*,#1268,.F.);
#1776=ORIENTED_EDGE('',*,*,#1295,.F.);
#1777=ORIENTED_EDGE('',*,*,#1296,.T.);
#1778=ORIENTED_EDGE('',*,*,#1297,.T.);
#1779=ORIENTED_EDGE('',*,*,#1295,.T.);
#1780=ORIENTED_EDGE('',*,*,#1267,.T.);
#1781=ORIENTED_EDGE('',*,*,#1297,.F.);
#1782=ORIENTED_EDGE('',*,*,#1298,.F.);
#1783=ORIENTED_EDGE('',*,*,#1299,.T.);
#1784=ORIENTED_EDGE('',*,*,#1300,.T.);
#1785=ORIENTED_EDGE('',*,*,#1301,.T.);
#1786=ORIENTED_EDGE('',*,*,#1241,.T.);
#1787=ORIENTED_EDGE('',*,*,#1302,.T.);
#1788=ORIENTED_EDGE('',*,*,#1303,.T.);
#1789=ORIENTED_EDGE('',*,*,#1304,.T.);
#1790=ORIENTED_EDGE('',*,*,#1250,.F.);
#1791=ORIENTED_EDGE('',*,*,#1244,.F.);
#1792=ORIENTED_EDGE('',*,*,#1187,.F.);
#1793=ORIENTED_EDGE('',*,*,#1283,.T.);
#1794=ORIENTED_EDGE('',*,*,#1259,.F.);
#1795=ORIENTED_EDGE('',*,*,#1281,.T.);
#1796=ORIENTED_EDGE('',*,*,#1296,.F.);
#1797=ORIENTED_EDGE('',*,*,#1298,.T.);
#1798=ORIENTED_EDGE('',*,*,#1293,.F.);
#1799=ORIENTED_EDGE('',*,*,#1292,.T.);
#1800=ORIENTED_EDGE('',*,*,#1280,.F.);
#1801=ORIENTED_EDGE('',*,*,#1279,.T.);
#1802=ORIENTED_EDGE('',*,*,#1305,.F.);
#1803=ORIENTED_EDGE('',*,*,#1306,.T.);
#1804=ORIENTED_EDGE('',*,*,#1307,.T.);
#1805=ORIENTED_EDGE('',*,*,#1306,.F.);
#1806=ORIENTED_EDGE('',*,*,#1204,.T.);
#1807=ORIENTED_EDGE('',*,*,#1209,.F.);
#1808=ORIENTED_EDGE('',*,*,#1202,.F.);
#1809=ORIENTED_EDGE('',*,*,#1288,.F.);
#1810=ORIENTED_EDGE('',*,*,#1237,.F.);
#1811=ORIENTED_EDGE('',*,*,#1287,.F.);
#1812=ORIENTED_EDGE('',*,*,#1226,.F.);
#1813=ORIENTED_EDGE('',*,*,#1308,.F.);
#1814=ORIENTED_EDGE('',*,*,#1309,.F.);
#1815=ORIENTED_EDGE('',*,*,#1310,.F.);
#1816=ORIENTED_EDGE('',*,*,#1311,.F.);
#1817=ORIENTED_EDGE('',*,*,#1197,.F.);
#1818=ORIENTED_EDGE('',*,*,#1312,.T.);
#1819=ORIENTED_EDGE('',*,*,#1313,.T.);
#1820=ORIENTED_EDGE('',*,*,#1314,.T.);
#1821=ORIENTED_EDGE('',*,*,#1315,.T.);
#1822=ORIENTED_EDGE('',*,*,#1218,.T.);
#1823=ORIENTED_EDGE('',*,*,#1294,.T.);
#1824=ORIENTED_EDGE('',*,*,#1231,.T.);
#1825=ORIENTED_EDGE('',*,*,#1285,.T.);
#1826=ORIENTED_EDGE('',*,*,#1316,.T.);
#1827=ORIENTED_EDGE('',*,*,#1317,.T.);
#1828=ORIENTED_EDGE('',*,*,#1318,.F.);
#1829=ORIENTED_EDGE('',*,*,#1319,.F.);
#1830=ORIENTED_EDGE('',*,*,#1320,.T.);
#1831=ORIENTED_EDGE('',*,*,#1321,.T.);
#1832=ORIENTED_EDGE('',*,*,#1263,.F.);
#1833=ORIENTED_EDGE('',*,*,#1321,.F.);
#1834=ORIENTED_EDGE('',*,*,#1322,.F.);
#1835=ORIENTED_EDGE('',*,*,#1316,.F.);
#1836=ORIENTED_EDGE('',*,*,#1323,.T.);
#1837=ORIENTED_EDGE('',*,*,#1318,.T.);
#1838=ORIENTED_EDGE('',*,*,#1324,.F.);
#1839=ORIENTED_EDGE('',*,*,#1325,.F.);
#1840=ORIENTED_EDGE('',*,*,#1326,.T.);
#1841=ORIENTED_EDGE('',*,*,#1327,.T.);
#1842=ORIENTED_EDGE('',*,*,#1325,.T.);
#1843=ORIENTED_EDGE('',*,*,#1328,.T.);
#1844=ORIENTED_EDGE('',*,*,#1327,.F.);
#1845=ORIENTED_EDGE('',*,*,#1329,.F.);
#1846=ORIENTED_EDGE('',*,*,#1330,.F.);
#1847=ORIENTED_EDGE('',*,*,#1331,.F.);
#1848=ORIENTED_EDGE('',*,*,#1332,.T.);
#1849=ORIENTED_EDGE('',*,*,#1333,.T.);
#1850=ORIENTED_EDGE('',*,*,#1334,.T.);
#1851=ORIENTED_EDGE('',*,*,#1335,.T.);
#1852=ORIENTED_EDGE('',*,*,#1304,.F.);
#1853=ORIENTED_EDGE('',*,*,#1335,.F.);
#1854=ORIENTED_EDGE('',*,*,#1319,.T.);
#1855=ORIENTED_EDGE('',*,*,#1336,.T.);
#1856=ORIENTED_EDGE('',*,*,#1311,.T.);
#1857=ORIENTED_EDGE('',*,*,#1337,.F.);
#1858=ORIENTED_EDGE('',*,*,#1338,.F.);
#1859=ORIENTED_EDGE('',*,*,#1339,.T.);
#1860=ORIENTED_EDGE('',*,*,#1340,.F.);
#1861=ORIENTED_EDGE('',*,*,#1336,.F.);
#1862=ORIENTED_EDGE('',*,*,#1341,.F.);
#1863=ORIENTED_EDGE('',*,*,#1342,.F.);
#1864=ORIENTED_EDGE('',*,*,#1312,.F.);
#1865=ORIENTED_EDGE('',*,*,#1196,.F.);
#1866=ORIENTED_EDGE('',*,*,#1276,.T.);
#1867=ORIENTED_EDGE('',*,*,#1343,.T.);
#1868=ORIENTED_EDGE('',*,*,#1344,.T.);
#1869=ORIENTED_EDGE('',*,*,#1343,.F.);
#1870=ORIENTED_EDGE('',*,*,#1331,.T.);
#1871=ORIENTED_EDGE('',*,*,#1345,.T.);
#1872=ORIENTED_EDGE('',*,*,#1333,.F.);
#1873=ORIENTED_EDGE('',*,*,#1346,.F.);
#1874=ORIENTED_EDGE('',*,*,#1317,.F.);
#1875=ORIENTED_EDGE('',*,*,#1347,.T.);
#1876=ORIENTED_EDGE('',*,*,#1284,.F.);
#1877=ORIENTED_EDGE('',*,*,#1348,.T.);
#1878=ORIENTED_EDGE('',*,*,#1349,.F.);
#1879=ORIENTED_EDGE('',*,*,#1350,.F.);
#1880=ORIENTED_EDGE('',*,*,#1351,.T.);
#1881=ORIENTED_EDGE('',*,*,#1352,.T.);
#1882=ORIENTED_EDGE('',*,*,#1350,.T.);
#1883=ORIENTED_EDGE('',*,*,#1353,.T.);
#1884=ORIENTED_EDGE('',*,*,#1352,.F.);
#1885=ORIENTED_EDGE('',*,*,#1354,.F.);
#1886=ORIENTED_EDGE('',*,*,#1355,.F.);
#1887=ORIENTED_EDGE('',*,*,#1356,.T.);
#1888=ORIENTED_EDGE('',*,*,#1357,.F.);
#1889=ORIENTED_EDGE('',*,*,#1358,.F.);
#1890=ORIENTED_EDGE('',*,*,#1359,.F.);
#1891=ORIENTED_EDGE('',*,*,#1266,.T.);
#1892=ORIENTED_EDGE('',*,*,#1360,.T.);
#1893=ORIENTED_EDGE('',*,*,#1303,.F.);
#1894=ORIENTED_EDGE('',*,*,#1223,.F.);
#1895=ORIENTED_EDGE('',*,*,#1359,.T.);
#1896=ORIENTED_EDGE('',*,*,#1361,.T.);
#1897=ORIENTED_EDGE('',*,*,#1360,.F.);
#1898=ORIENTED_EDGE('',*,*,#1362,.F.);
#1899=ORIENTED_EDGE('',*,*,#1363,.F.);
#1900=ORIENTED_EDGE('',*,*,#1364,.T.);
#1901=ORIENTED_EDGE('',*,*,#1365,.T.);
#1902=ORIENTED_EDGE('',*,*,#1366,.T.);
#1903=ORIENTED_EDGE('',*,*,#1313,.F.);
#1904=ORIENTED_EDGE('',*,*,#1342,.T.);
#1905=ORIENTED_EDGE('',*,*,#1363,.T.);
#1906=ORIENTED_EDGE('',*,*,#1225,.F.);
#1907=ORIENTED_EDGE('',*,*,#1367,.F.);
#1908=ORIENTED_EDGE('',*,*,#1368,.T.);
#1909=ORIENTED_EDGE('',*,*,#1308,.T.);
#1910=ORIENTED_EDGE('',*,*,#1369,.T.);
#1911=ORIENTED_EDGE('',*,*,#1365,.F.);
#1912=ORIENTED_EDGE('',*,*,#1337,.T.);
#1913=ORIENTED_EDGE('',*,*,#1310,.T.);
#1914=ORIENTED_EDGE('',*,*,#1356,.F.);
#1915=ORIENTED_EDGE('',*,*,#1370,.T.);
#1916=ORIENTED_EDGE('',*,*,#1358,.T.);
#1917=ORIENTED_EDGE('',*,*,#1339,.F.);
#1918=ORIENTED_EDGE('',*,*,#1371,.F.);
#1919=ORIENTED_EDGE('',*,*,#1372,.F.);
#1920=ORIENTED_EDGE('',*,*,#1373,.T.);
#1921=ORIENTED_EDGE('',*,*,#1374,.T.);
#1922=ORIENTED_EDGE('',*,*,#1367,.T.);
#1923=ORIENTED_EDGE('',*,*,#1265,.T.);
#1924=ORIENTED_EDGE('',*,*,#1375,.F.);
#1925=ORIENTED_EDGE('',*,*,#1300,.F.);
#1926=ORIENTED_EDGE('',*,*,#1219,.F.);
#1927=ORIENTED_EDGE('',*,*,#1315,.F.);
#1928=ORIENTED_EDGE('',*,*,#1376,.T.);
#1929=ORIENTED_EDGE('',*,*,#1375,.T.);
#1930=ORIENTED_EDGE('',*,*,#1377,.F.);
#1931=ORIENTED_EDGE('',*,*,#1378,.F.);
#1932=ORIENTED_EDGE('',*,*,#1379,.T.);
#1933=ORIENTED_EDGE('',*,*,#1380,.T.);
#1934=ORIENTED_EDGE('',*,*,#1378,.T.);
#1935=ORIENTED_EDGE('',*,*,#1381,.T.);
#1936=ORIENTED_EDGE('',*,*,#1380,.F.);
#1937=ORIENTED_EDGE('',*,*,#1382,.F.);
#1938=ORIENTED_EDGE('',*,*,#1372,.T.);
#1939=ORIENTED_EDGE('',*,*,#1383,.T.);
#1940=ORIENTED_EDGE('',*,*,#1374,.F.);
#1941=ORIENTED_EDGE('',*,*,#1384,.F.);
#1942=ORIENTED_EDGE('',*,*,#1368,.F.);
#1943=ORIENTED_EDGE('',*,*,#1299,.F.);
#1944=ORIENTED_EDGE('',*,*,#1361,.F.);
#1945=ORIENTED_EDGE('',*,*,#1302,.F.);
#1946=ORIENTED_EDGE('',*,*,#1348,.F.);
#1947=ORIENTED_EDGE('',*,*,#1301,.F.);
#1948=ORIENTED_EDGE('',*,*,#1376,.F.);
#1949=ORIENTED_EDGE('',*,*,#1314,.F.);
#1950=ORIENTED_EDGE('',*,*,#1366,.F.);
#1951=ORIENTED_EDGE('',*,*,#1385,.F.);
#1952=ORIENTED_EDGE('',*,*,#1347,.F.);
#1953=ORIENTED_EDGE('',*,*,#1386,.F.);
#1954=ORIENTED_EDGE('',*,*,#1370,.F.);
#1955=ORIENTED_EDGE('',*,*,#1387,.F.);
#1956=ORIENTED_EDGE('',*,*,#1369,.F.);
#1957=ORIENTED_EDGE('',*,*,#1309,.T.);
#1958=ORIENTED_EDGE('',*,*,#1385,.T.);
#1959=ORIENTED_EDGE('',*,*,#1362,.T.);
#1960=ORIENTED_EDGE('',*,*,#1387,.T.);
#1961=ORIENTED_EDGE('',*,*,#1355,.T.);
#1962=ORIENTED_EDGE('',*,*,#1386,.T.);
#1963=ORIENTED_EDGE('',*,*,#1322,.T.);
#1964=ORIENTED_EDGE('',*,*,#1334,.F.);
#1965=ORIENTED_EDGE('',*,*,#1328,.F.);
#1966=ORIENTED_EDGE('',*,*,#1324,.T.);
#1967=ORIENTED_EDGE('',*,*,#1381,.F.);
#1968=ORIENTED_EDGE('',*,*,#1377,.T.);
#1969=ORIENTED_EDGE('',*,*,#1388,.F.);
#1970=ORIENTED_EDGE('',*,*,#1305,.T.);
#1971=ORIENTED_EDGE('',*,*,#1383,.F.);
#1972=ORIENTED_EDGE('',*,*,#1371,.T.);
#1973=ORIENTED_EDGE('',*,*,#1345,.F.);
#1974=ORIENTED_EDGE('',*,*,#1330,.T.);
#1975=ORIENTED_EDGE('',*,*,#1353,.F.);
#1976=ORIENTED_EDGE('',*,*,#1349,.T.);
#1977=ORIENTED_EDGE('',*,*,#1320,.F.);
#1978=ORIENTED_EDGE('',*,*,#1357,.T.);
#1979=ORIENTED_EDGE('',*,*,#1338,.T.);
#1980=ORIENTED_EDGE('',*,*,#1364,.F.);
#1981=ORIENTED_EDGE('',*,*,#1341,.T.);
#1982=ORIENTED_EDGE('',*,*,#1323,.F.);
#1983=ORIENTED_EDGE('',*,*,#1340,.T.);
#1984=ORIENTED_EDGE('',*,*,#1307,.F.);
#1985=ORIENTED_EDGE('',*,*,#1351,.F.);
#1986=ORIENTED_EDGE('',*,*,#1354,.T.);
#1987=ORIENTED_EDGE('',*,*,#1326,.F.);
#1988=ORIENTED_EDGE('',*,*,#1329,.T.);
#1989=ORIENTED_EDGE('',*,*,#1332,.F.);
#1990=ORIENTED_EDGE('',*,*,#1346,.T.);
#1991=ORIENTED_EDGE('',*,*,#1379,.F.);
#1992=ORIENTED_EDGE('',*,*,#1382,.T.);
#1993=ORIENTED_EDGE('',*,*,#1373,.F.);
#1994=ORIENTED_EDGE('',*,*,#1384,.T.);
#1995=ORIENTED_EDGE('',*,*,#1389,.F.);
#1996=ORIENTED_EDGE('',*,*,#1344,.F.);
#1997=ORIENTED_EDGE('',*,*,#1389,.T.);
#1998=ORIENTED_EDGE('',*,*,#1390,.T.);
#1999=ORIENTED_EDGE('',*,*,#1388,.T.);
#2000=ORIENTED_EDGE('',*,*,#1390,.F.);
#2001=PLANE('',#2174);
#2002=PLANE('',#2175);
#2003=PLANE('',#2176);
#2004=PLANE('',#2186);
#2005=PLANE('',#2187);
#2006=PLANE('',#2197);
#2007=PLANE('',#2198);
#2008=PLANE('',#2204);
#2009=PLANE('',#2207);
#2010=PLANE('',#2208);
#2011=PLANE('',#2209);
#2012=PLANE('',#2212);
#2013=PLANE('',#2225);
#2014=PLANE('',#2229);
#2015=PLANE('',#2237);
#2016=PLANE('',#2238);
#2017=PLANE('',#2239);
#2018=PLANE('',#2243);
#2019=PLANE('',#2244);
#2020=PLANE('',#2245);
#2021=PLANE('',#2247);
#2022=PLANE('',#2251);
#2023=PLANE('',#2270);
#2024=PLANE('',#2274);
#2025=PLANE('',#2278);
#2026=PLANE('',#2280);
#2027=PLANE('',#2282);
#2028=PLANE('',#2289);
#2029=PLANE('',#2291);
#2030=PLANE('',#2295);
#2031=PLANE('',#2298);
#2032=PLANE('',#2301);
#2033=PLANE('',#2305);
#2034=PLANE('',#2306);
#2035=PLANE('',#2309);
#2036=PLANE('',#2316);
#2037=PLANE('',#2325);
#2038=PLANE('',#2331);
#2039=PLANE('',#2334);
#2040=PLANE('',#2335);
#2041=PLANE('',#2336);
#2042=PLANE('',#2340);
#2043=PLANE('',#2341);
#2044=PLANE('',#2342);
#2045=PLANE('',#2353);
#2046=PLANE('',#2354);
#2047=PLANE('',#2355);
#2048=PLANE('',#2357);
#2049=ADVANCED_FACE('',(#242),#2001,.F.);
#2050=ADVANCED_FACE('',(#243),#2002,.F.);
#2051=ADVANCED_FACE('',(#244),#2003,.F.);
#2052=ADVANCED_FACE('',(#245),#196,.T.);
#2053=ADVANCED_FACE('',(#246),#197,.T.);
#2054=ADVANCED_FACE('',(#247),#198,.F.);
#2055=ADVANCED_FACE('',(#248),#2004,.T.);
#2056=ADVANCED_FACE('',(#249,#32,#33,#34,#35,#36,#37,#38,#39,#40),#2005,
 .F.);
#2057=ADVANCED_FACE('',(#250),#2006,.T.);
#2058=ADVANCED_FACE('',(#251),#2007,.F.);
#2059=ADVANCED_FACE('',(#252),#199,.T.);
#2060=ADVANCED_FACE('',(#253),#200,.T.);
#2061=ADVANCED_FACE('',(#254),#2008,.F.);
#2062=ADVANCED_FACE('',(#255),#201,.T.);
#2063=ADVANCED_FACE('',(#256),#15,.T.);
#2064=ADVANCED_FACE('',(#257),#2009,.T.);
#2065=ADVANCED_FACE('',(#258),#2010,.F.);
#2066=ADVANCED_FACE('',(#259),#16,.T.);
#2067=ADVANCED_FACE('',(#260),#2011,.T.);
#2068=ADVANCED_FACE('',(#261),#202,.T.);
#2069=ADVANCED_FACE('',(#262),#2012,.F.);
#2070=ADVANCED_FACE('',(#263),#203,.T.);
#2071=ADVANCED_FACE('',(#264),#204,.F.);
#2072=ADVANCED_FACE('',(#265),#205,.F.);
#2073=ADVANCED_FACE('',(#266),#206,.T.);
#2074=ADVANCED_FACE('',(#267),#207,.T.);
#2075=ADVANCED_FACE('',(#268),#2013,.F.);
#2076=ADVANCED_FACE('',(#269),#208,.T.);
#2077=ADVANCED_FACE('',(#270),#2014,.F.);
#2078=ADVANCED_FACE('',(#271),#209,.T.);
#2079=ADVANCED_FACE('',(#272),#210,.T.);
#2080=ADVANCED_FACE('',(#273),#211,.T.);
#2081=ADVANCED_FACE('',(#274),#2015,.F.);
#2082=ADVANCED_FACE('',(#275),#2016,.F.);
#2083=ADVANCED_FACE('',(#276),#2017,.F.);
#2084=ADVANCED_FACE('',(#277),#212,.T.);
#2085=ADVANCED_FACE('',(#278),#2018,.F.);
#2086=ADVANCED_FACE('',(#279),#2019,.F.);
#2087=ADVANCED_FACE('',(#280),#2020,.F.);
#2088=ADVANCED_FACE('',(#281,#41,#42,#43,#44,#45,#46,#47,#48,#49),#2021,
 .T.);
#2089=ADVANCED_FACE('',(#282),#17,.T.);
#2090=ADVANCED_FACE('',(#283),#213,.F.);
#2091=ADVANCED_FACE('',(#284,#50,#51),#2022,.F.);
#2092=ADVANCED_FACE('',(#285),#214,.F.);
#2093=ADVANCED_FACE('',(#286),#18,.T.);
#2094=ADVANCED_FACE('',(#287),#215,.F.);
#2095=ADVANCED_FACE('',(#288),#19,.T.);
#2096=ADVANCED_FACE('',(#289),#216,.T.);
#2097=ADVANCED_FACE('',(#290),#217,.T.);
#2098=ADVANCED_FACE('',(#291),#218,.T.);
#2099=ADVANCED_FACE('',(#292),#219,.T.);
#2100=ADVANCED_FACE('',(#293),#2023,.F.);
#2101=ADVANCED_FACE('',(#294),#220,.T.);
#2102=ADVANCED_FACE('',(#295),#2024,.F.);
#2103=ADVANCED_FACE('',(#296),#221,.T.);
#2104=ADVANCED_FACE('',(#297),#2025,.T.);
#2105=ADVANCED_FACE('',(#298,#52,#53,#54,#55,#56,#57,#58,#59,#60),#2026,
 .F.);
#2106=ADVANCED_FACE('',(#299,#61,#62,#63,#64,#65,#66,#67,#68,#69),#2027,
 .T.);
#2107=ADVANCED_FACE('',(#300,#70,#71,#72,#73,#74,#75,#76,#77,#78),#2028,
 .T.);
#2108=ADVANCED_FACE('',(#301),#2029,.T.);
#2109=ADVANCED_FACE('',(#302),#222,.T.);
#2110=ADVANCED_FACE('',(#303),#2030,.F.);
#2111=ADVANCED_FACE('',(#304),#223,.T.);
#2112=ADVANCED_FACE('',(#305),#2031,.T.);
#2113=ADVANCED_FACE('',(#306),#224,.T.);
#2114=ADVANCED_FACE('',(#307),#2032,.F.);
#2115=ADVANCED_FACE('',(#308),#20,.T.);
#2116=ADVANCED_FACE('',(#309),#21,.T.);
#2117=ADVANCED_FACE('',(#310),#22,.T.);
#2118=ADVANCED_FACE('',(#311),#225,.T.);
#2119=ADVANCED_FACE('',(#312),#226,.T.);
#2120=ADVANCED_FACE('',(#313),#2033,.F.);
#2121=ADVANCED_FACE('',(#314),#23,.T.);
#2122=ADVANCED_FACE('',(#315),#2034,.F.);
#2123=ADVANCED_FACE('',(#316),#227,.T.);
#2124=ADVANCED_FACE('',(#317,#79,#80,#81,#82,#83,#84,#85,#86),#2035,.F.);
#2125=ADVANCED_FACE('',(#318),#228,.T.);
#2126=ADVANCED_FACE('',(#319),#229,.T.);
#2127=ADVANCED_FACE('',(#320),#2036,.F.);
#2128=ADVANCED_FACE('',(#321),#230,.F.);
#2129=ADVANCED_FACE('',(#322),#231,.T.);
#2130=ADVANCED_FACE('',(#323),#232,.T.);
#2131=ADVANCED_FACE('',(#324),#2037,.F.);
#2132=ADVANCED_FACE('',(#325),#233,.T.);
#2133=ADVANCED_FACE('',(#326),#234,.F.);
#2134=ADVANCED_FACE('',(#327),#2038,.F.);
#2135=ADVANCED_FACE('',(#328),#24,.T.);
#2136=ADVANCED_FACE('',(#329),#235,.F.);
#2137=ADVANCED_FACE('',(#330),#2039,.F.);
#2138=ADVANCED_FACE('',(#331),#2040,.F.);
#2139=ADVANCED_FACE('',(#332),#2041,.F.);
#2140=ADVANCED_FACE('',(#333),#236,.T.);
#2141=ADVANCED_FACE('',(#334),#2042,.F.);
#2142=ADVANCED_FACE('',(#335),#2043,.T.);
#2143=ADVANCED_FACE('',(#336),#2044,.T.);
#2144=ADVANCED_FACE('',(#337),#25,.T.);
#2145=ADVANCED_FACE('',(#338),#237,.T.);
#2146=ADVANCED_FACE('',(#339),#26,.T.);
#2147=ADVANCED_FACE('',(#340),#27,.T.);
#2148=ADVANCED_FACE('',(#341),#28,.T.);
#2149=ADVANCED_FACE('',(#342),#29,.T.);
#2150=ADVANCED_FACE('',(#343),#238,.T.);
#2151=ADVANCED_FACE('',(#344),#239,.T.);
#2152=ADVANCED_FACE('',(#345),#30,.T.);
#2153=ADVANCED_FACE('',(#346),#240,.T.);
#2154=ADVANCED_FACE('',(#347),#2045,.F.);
#2155=ADVANCED_FACE('',(#348),#2046,.F.);
#2156=ADVANCED_FACE('',(#349),#31,.T.);
#2157=ADVANCED_FACE('',(#350,#87,#88,#89,#90,#91,#92,#93,#94,#95),#2047,
 .F.);
#2158=ADVANCED_FACE('',(#351,#96,#97,#98,#99,#100,#101,#102,#103),#2048,
 .F.);
#2159=ADVANCED_FACE('',(#352),#241,.T.);
#2160=CLOSED_SHELL('',(#2049,#2050,#2051,#2052,#2053,#2054,#2055,#2056,
#2057,#2058,#2059,#2060,#2061,#2062,#2063,#2064,#2065,#2066,#2067,#2068,
#2069,#2070,#2071,#2072,#2073,#2074,#2075,#2076,#2077,#2078,#2079,#2080,
#2081,#2082,#2083,#2084,#2085,#2086,#2087,#2088,#2089,#2090,#2091,#2092,
#2093,#2094,#2095,#2096,#2097,#2098,#2099,#2100,#2101,#2102,#2103,#2104,
#2105,#2106,#2107,#2108,#2109,#2110,#2111,#2112,#2113,#2114,#2115,#2116,
#2117,#2118,#2119,#2120,#2121,#2122,#2123,#2124,#2125,#2126,#2127,#2128,
#2129,#2130,#2131,#2132,#2133,#2134,#2135,#2136,#2137,#2138,#2139,#2140,
#2141,#2142,#2143,#2144,#2145,#2146,#2147,#2148,#2149,#2150,#2151,#2152,
#2153,#2154,#2155,#2156,#2157,#2158,#2159));
#2161=DERIVED_UNIT_ELEMENT(#2163,1.);
#2162=DERIVED_UNIT_ELEMENT(#4956,-3.);
#2163=(
MASS_UNIT()
NAMED_UNIT(*)
SI_UNIT(.KILO.,.GRAM.)
);
#2164=DERIVED_UNIT((#2161,#2162));
#2165=MEASURE_REPRESENTATION_ITEM('density measure',
POSITIVE_RATIO_MEASURE(7850.),#2164);
#2166=PROPERTY_DEFINITION_REPRESENTATION(#2171,#2168);
#2167=PROPERTY_DEFINITION_REPRESENTATION(#2172,#2169);
#2168=REPRESENTATION('material name',(#2170),#4953);
#2169=REPRESENTATION('density',(#2165),#4953);
#2170=DESCRIPTIVE_REPRESENTATION_ITEM('Steel','Steel');
#2171=PROPERTY_DEFINITION('material property','material name',#4963);
#2172=PROPERTY_DEFINITION('material property','density of part',#4963);
#2173=AXIS2_PLACEMENT_3D('',#2889,#2360,#2361);
#2174=AXIS2_PLACEMENT_3D('',#2890,#2362,#2363);
#2175=AXIS2_PLACEMENT_3D('',#2900,#2365,#2366);
#2176=AXIS2_PLACEMENT_3D('',#2906,#2370,#2371);
#2177=AXIS2_PLACEMENT_3D('',#2915,#2376,#2377);
#2178=AXIS2_PLACEMENT_3D('',#2920,#2379,#2380);
#2179=AXIS2_PLACEMENT_3D('',#2923,#2382,#2383);
#2180=AXIS2_PLACEMENT_3D('',#2924,#2384,#2385);
#2181=AXIS2_PLACEMENT_3D('',#2926,#2386,#2387);
#2182=AXIS2_PLACEMENT_3D('',#2929,#2389,#2390);
#2183=AXIS2_PLACEMENT_3D('',#2930,#2391,#2392);
#2184=AXIS2_PLACEMENT_3D('',#2932,#2393,#2394);
#2185=AXIS2_PLACEMENT_3D('',#2935,#2396,#2397);
#2186=AXIS2_PLACEMENT_3D('',#2936,#2398,#2399);
#2187=AXIS2_PLACEMENT_3D('',#2943,#2400,#2401);
#2188=AXIS2_PLACEMENT_3D('',#2970,#2402,#2403);
#2189=AXIS2_PLACEMENT_3D('',#2987,#2404,#2405);
#2190=AXIS2_PLACEMENT_3D('',#3000,#2407,#2408);
#2191=AXIS2_PLACEMENT_3D('',#3004,#2410,#2411);
#2192=AXIS2_PLACEMENT_3D('',#3008,#2413,#2414);
#2193=AXIS2_PLACEMENT_3D('',#3012,#2416,#2417);
#2194=AXIS2_PLACEMENT_3D('',#3016,#2419,#2420);
#2195=AXIS2_PLACEMENT_3D('',#3019,#2422,#2423);
#2196=AXIS2_PLACEMENT_3D('',#3021,#2424,#2425);
#2197=AXIS2_PLACEMENT_3D('',#3022,#2426,#2427);
#2198=AXIS2_PLACEMENT_3D('',#3029,#2428,#2429);
#2199=AXIS2_PLACEMENT_3D('',#3036,#2430,#2431);
#2200=AXIS2_PLACEMENT_3D('',#3037,#2432,#2433);
#2201=AXIS2_PLACEMENT_3D('',#3038,#2434,#2435);
#2202=AXIS2_PLACEMENT_3D('',#3039,#2436,#2437);
#2203=AXIS2_PLACEMENT_3D('',#3040,#2438,#2439);
#2204=AXIS2_PLACEMENT_3D('',#3041,#2440,#2441);
#2205=AXIS2_PLACEMENT_3D('',#3047,#2445,#2446);
#2206=AXIS2_PLACEMENT_3D('',#3051,#2448,#2449);
#2207=AXIS2_PLACEMENT_3D('',#3123,#2453,#2454);
#2208=AXIS2_PLACEMENT_3D('',#3129,#2458,#2459);
#2209=AXIS2_PLACEMENT_3D('',#3202,#2464,#2465);
#2210=AXIS2_PLACEMENT_3D('',#3205,#2468,#2469);
#2211=AXIS2_PLACEMENT_3D('',#3206,#2470,#2471);
#2212=AXIS2_PLACEMENT_3D('',#3207,#2472,#2473);
#2213=AXIS2_PLACEMENT_3D('',#3209,#2475,#2476);
#2214=AXIS2_PLACEMENT_3D('',#3211,#2477,#2478);
#2215=AXIS2_PLACEMENT_3D('',#3213,#2480,#2481);
#2216=AXIS2_PLACEMENT_3D('',#3215,#2482,#2483);
#2217=AXIS2_PLACEMENT_3D('',#3218,#2485,#2486);
#2218=AXIS2_PLACEMENT_3D('',#3219,#2487,#2488);
#2219=AXIS2_PLACEMENT_3D('',#3221,#2489,#2490);
#2220=AXIS2_PLACEMENT_3D('',#3223,#2492,#2493);
#2221=AXIS2_PLACEMENT_3D('',#3225,#2494,#2495);
#2222=AXIS2_PLACEMENT_3D('',#3228,#2497,#2498);
#2223=AXIS2_PLACEMENT_3D('',#3229,#2499,#2500);
#2224=AXIS2_PLACEMENT_3D('',#3233,#2502,#2503);
#2225=AXIS2_PLACEMENT_3D('',#3235,#2505,#2506);
#2226=AXIS2_PLACEMENT_3D('',#3241,#2510,#2511);
#2227=AXIS2_PLACEMENT_3D('',#3246,#2513,#2514);
#2228=AXIS2_PLACEMENT_3D('',#3249,#2516,#2517);
#2229=AXIS2_PLACEMENT_3D('',#3250,#2518,#2519);
#2230=AXIS2_PLACEMENT_3D('',#3253,#2522,#2523);
#2231=AXIS2_PLACEMENT_3D('',#3254,#2524,#2525);
#2232=AXIS2_PLACEMENT_3D('',#3255,#2526,#2527);
#2233=AXIS2_PLACEMENT_3D('',#3260,#2529,#2530);
#2234=AXIS2_PLACEMENT_3D('',#3263,#2532,#2533);
#2235=AXIS2_PLACEMENT_3D('',#3264,#2534,#2535);
#2236=AXIS2_PLACEMENT_3D('',#3268,#2537,#2538);
#2237=AXIS2_PLACEMENT_3D('',#3270,#2540,#2541);
#2238=AXIS2_PLACEMENT_3D('',#3273,#2544,#2545);
#2239=AXIS2_PLACEMENT_3D('',#3275,#2547,#2548);
#2240=AXIS2_PLACEMENT_3D('',#3284,#2553,#2554);
#2241=AXIS2_PLACEMENT_3D('',#3289,#2556,#2557);
#2242=AXIS2_PLACEMENT_3D('',#3292,#2559,#2560);
#2243=AXIS2_PLACEMENT_3D('',#3293,#2561,#2562);
#2244=AXIS2_PLACEMENT_3D('',#3296,#2565,#2566);
#2245=AXIS2_PLACEMENT_3D('',#3298,#2568,#2569);
#2246=AXIS2_PLACEMENT_3D('',#3358,#2570,#2571);
#2247=AXIS2_PLACEMENT_3D('',#3359,#2572,#2573);
#2248=AXIS2_PLACEMENT_3D('',#3409,#2574,#2575);
#2249=AXIS2_PLACEMENT_3D('',#3597,#2578,#2579);
#2250=AXIS2_PLACEMENT_3D('',#3600,#2581,#2582);
#2251=AXIS2_PLACEMENT_3D('',#3601,#2583,#2584);
#2252=AXIS2_PLACEMENT_3D('',#3602,#2585,#2586);
#2253=AXIS2_PLACEMENT_3D('',#3603,#2587,#2588);
#2254=AXIS2_PLACEMENT_3D('',#3605,#2589,#2590);
#2255=AXIS2_PLACEMENT_3D('',#3608,#2592,#2593);
#2256=AXIS2_PLACEMENT_3D('',#3876,#2596,#2597);
#2257=AXIS2_PLACEMENT_3D('',#3878,#2598,#2599);
#2258=AXIS2_PLACEMENT_3D('',#4070,#2603,#2604);
#2259=AXIS2_PLACEMENT_3D('',#4073,#2606,#2607);
#2260=AXIS2_PLACEMENT_3D('',#4076,#2609,#2610);
#2261=AXIS2_PLACEMENT_3D('',#4077,#2611,#2612);
#2262=AXIS2_PLACEMENT_3D('',#4079,#2613,#2614);
#2263=AXIS2_PLACEMENT_3D('',#4082,#2616,#2617);
#2264=AXIS2_PLACEMENT_3D('',#4083,#2618,#2619);
#2265=AXIS2_PLACEMENT_3D('',#4085,#2620,#2621);
#2266=AXIS2_PLACEMENT_3D('',#4088,#2623,#2624);
#2267=AXIS2_PLACEMENT_3D('',#4089,#2625,#2626);
#2268=AXIS2_PLACEMENT_3D('',#4091,#2627,#2628);
#2269=AXIS2_PLACEMENT_3D('',#4094,#2630,#2631);
#2270=AXIS2_PLACEMENT_3D('',#4095,#2632,#2633);
#2271=AXIS2_PLACEMENT_3D('',#4104,#2638,#2639);
#2272=AXIS2_PLACEMENT_3D('',#4105,#2640,#2641);
#2273=AXIS2_PLACEMENT_3D('',#4106,#2642,#2643);
#2274=AXIS2_PLACEMENT_3D('',#4107,#2644,#2645);
#2275=AXIS2_PLACEMENT_3D('',#4116,#2650,#2651);
#2276=AXIS2_PLACEMENT_3D('',#4117,#2652,#2653);
#2277=AXIS2_PLACEMENT_3D('',#4118,#2654,#2655);
#2278=AXIS2_PLACEMENT_3D('',#4119,#2656,#2657);
#2279=AXIS2_PLACEMENT_3D('',#4121,#2658,#2659);
#2280=AXIS2_PLACEMENT_3D('',#4122,#2660,#2661);
#2281=AXIS2_PLACEMENT_3D('',#4123,#2662,#2663);
#2282=AXIS2_PLACEMENT_3D('',#4124,#2664,#2665);
#2283=AXIS2_PLACEMENT_3D('',#4125,#2666,#2667);
#2284=AXIS2_PLACEMENT_3D('',#4129,#2669,#2670);
#2285=AXIS2_PLACEMENT_3D('',#4133,#2672,#2673);
#2286=AXIS2_PLACEMENT_3D('',#4135,#2675,#2676);
#2287=AXIS2_PLACEMENT_3D('',#4138,#2677,#2678);
#2288=AXIS2_PLACEMENT_3D('',#4140,#2680,#2681);
#2289=AXIS2_PLACEMENT_3D('',#4141,#2682,#2683);
#2290=AXIS2_PLACEMENT_3D('',#4142,#2684,#2685);
#2291=AXIS2_PLACEMENT_3D('',#4143,#2686,#2687);
#2292=AXIS2_PLACEMENT_3D('',#4145,#2688,#2689);
#2293=AXIS2_PLACEMENT_3D('',#4146,#2690,#2691);
#2294=AXIS2_PLACEMENT_3D('',#4151,#2694,#2695);
#2295=AXIS2_PLACEMENT_3D('',#4152,#2696,#2697);
#2296=AXIS2_PLACEMENT_3D('',#4154,#2699,#2700);
#2297=AXIS2_PLACEMENT_3D('',#4155,#2701,#2702);
#2298=AXIS2_PLACEMENT_3D('',#4156,#2703,#2704);
#2299=AXIS2_PLACEMENT_3D('',#4158,#2706,#2707);
#2300=AXIS2_PLACEMENT_3D('',#4159,#2708,#2709);
#2301=AXIS2_PLACEMENT_3D('',#4160,#2710,#2711);
#2302=AXIS2_PLACEMENT_3D('',#4190,#2717,#2718);
#2303=AXIS2_PLACEMENT_3D('',#4192,#2720,#2721);
#2304=AXIS2_PLACEMENT_3D('',#4197,#2724,#2725);
#2305=AXIS2_PLACEMENT_3D('',#4198,#2726,#2727);
#2306=AXIS2_PLACEMENT_3D('',#4209,#2730,#2731);
#2307=AXIS2_PLACEMENT_3D('',#4215,#2735,#2736);
#2308=AXIS2_PLACEMENT_3D('',#4216,#2737,#2738);
#2309=AXIS2_PLACEMENT_3D('',#4217,#2739,#2740);
#2310=AXIS2_PLACEMENT_3D('',#4244,#2741,#2742);
#2311=AXIS2_PLACEMENT_3D('',#4273,#2744,#2745);
#2312=AXIS2_PLACEMENT_3D('',#4274,#2746,#2747);
#2313=AXIS2_PLACEMENT_3D('',#4276,#2748,#2749);
#2314=AXIS2_PLACEMENT_3D('',#4279,#2751,#2752);
#2315=AXIS2_PLACEMENT_3D('',#4280,#2753,#2754);
#2316=AXIS2_PLACEMENT_3D('',#4295,#2763,#2764);
#2317=AXIS2_PLACEMENT_3D('',#4304,#2769,#2770);
#2318=AXIS2_PLACEMENT_3D('',#4306,#2771,#2772);
#2319=AXIS2_PLACEMENT_3D('',#4308,#2774,#2775);
#2320=AXIS2_PLACEMENT_3D('',#4309,#2776,#2777);
#2321=AXIS2_PLACEMENT_3D('',#4310,#2778,#2779);
#2322=AXIS2_PLACEMENT_3D('',#4311,#2780,#2781);
#2323=AXIS2_PLACEMENT_3D('',#4314,#2782,#2783);
#2324=AXIS2_PLACEMENT_3D('',#4318,#2785,#2786);
#2325=AXIS2_PLACEMENT_3D('',#4320,#2788,#2789);
#2326=AXIS2_PLACEMENT_3D('',#4323,#2792,#2793);
#2327=AXIS2_PLACEMENT_3D('',#4326,#2794,#2795);
#2328=AXIS2_PLACEMENT_3D('',#4330,#2797,#2798);
#2329=AXIS2_PLACEMENT_3D('',#4332,#2800,#2801);
#2330=AXIS2_PLACEMENT_3D('',#4334,#2802,#2803);
#2331=AXIS2_PLACEMENT_3D('',#4336,#2805,#2806);
#2332=AXIS2_PLACEMENT_3D('',#4558,#2807,#2808);
#2333=AXIS2_PLACEMENT_3D('',#4561,#2810,#2811);
#2334=AXIS2_PLACEMENT_3D('',#4562,#2812,#2813);
#2335=AXIS2_PLACEMENT_3D('',#4565,#2816,#2817);
#2336=AXIS2_PLACEMENT_3D('',#4572,#2818,#2819);
#2337=AXIS2_PLACEMENT_3D('',#4579,#2820,#2821);
#2338=AXIS2_PLACEMENT_3D('',#4582,#2822,#2823);
#2339=AXIS2_PLACEMENT_3D('',#4586,#2825,#2826);
#2340=AXIS2_PLACEMENT_3D('',#4588,#2828,#2829);
#2341=AXIS2_PLACEMENT_3D('',#4591,#2832,#2833);
#2342=AXIS2_PLACEMENT_3D('',#4598,#2838,#2839);
#2343=AXIS2_PLACEMENT_3D('',#4648,#2842,#2843);
#2344=AXIS2_PLACEMENT_3D('',#4651,#2844,#2845);
#2345=AXIS2_PLACEMENT_3D('',#4653,#2847,#2848);
#2346=AXIS2_PLACEMENT_3D('',#4742,#2851,#2852);
#2347=AXIS2_PLACEMENT_3D('',#4745,#2853,#2854);
#2348=AXIS2_PLACEMENT_3D('',#4749,#2856,#2857);
#2349=AXIS2_PLACEMENT_3D('',#4751,#2859,#2860);
#2350=AXIS2_PLACEMENT_3D('',#4766,#2862,#2863);
#2351=AXIS2_PLACEMENT_3D('',#4769,#2864,#2865);
#2352=AXIS2_PLACEMENT_3D('',#4773,#2867,#2868);
#2353=AXIS2_PLACEMENT_3D('',#4775,#2870,#2871);
#2354=AXIS2_PLACEMENT_3D('',#4778,#2874,#2875);
#2355=AXIS2_PLACEMENT_3D('',#4943,#2878,#2879);
#2356=AXIS2_PLACEMENT_3D('',#4945,#2880,#2881);
#2357=AXIS2_PLACEMENT_3D('',#4946,#2882,#2883);
#2358=AXIS2_PLACEMENT_3D('',#4948,#2884,#2885);
#2359=AXIS2_PLACEMENT_3D('',#4949,#2886,#2887);
#2360=DIRECTION('axis',(0.,0.,1.));
#2361=DIRECTION('refdir',(1.,0.,0.));
#2362=DIRECTION('center_axis',(-1.,0.,0.));
#2363=DIRECTION('ref_axis',(0.,0.,1.));
#2364=DIRECTION('',(0.,-0.993106119810964,-0.117218747621751));
#2365=DIRECTION('center_axis',(0.,0.117218747621751,-0.993106119810964));
#2366=DIRECTION('ref_axis',(-1.,0.,0.));
#2367=DIRECTION('',(0.,-0.993106119810964,-0.117218747621751));
#2368=DIRECTION('',(1.,0.,0.));
#2369=DIRECTION('',(1.,0.,0.));
#2370=DIRECTION('center_axis',(0.,0.117218747621751,-0.993106119810964));
#2371=DIRECTION('ref_axis',(-1.,0.,0.));
#2372=DIRECTION('',(0.,-0.993106119810964,-0.117218747621751));
#2373=DIRECTION('',(1.,0.,0.));
#2374=DIRECTION('',(0.,-0.993106119810964,-0.117218747621751));
#2375=DIRECTION('',(1.,0.,0.));
#2376=DIRECTION('center_axis',(1.,0.,0.));
#2377=DIRECTION('ref_axis',(0.,-0.0969833154716502,0.995286007396932));
#2378=DIRECTION('',(1.,0.,0.));
#2379=DIRECTION('center_axis',(-1.,0.,0.));
#2380=DIRECTION('ref_axis',(0.,0.,1.));
#2381=DIRECTION('',(1.,0.,0.));
#2382=DIRECTION('center_axis',(-1.,0.,0.));
#2383=DIRECTION('ref_axis',(0.,0.,1.));
#2384=DIRECTION('center_axis',(1.,0.,0.));
#2385=DIRECTION('ref_axis',(0.,0.,-1.));
#2386=DIRECTION('center_axis',(-1.,0.,0.));
#2387=DIRECTION('ref_axis',(0.,0.,1.));
#2388=DIRECTION('',(-1.,0.,0.));
#2389=DIRECTION('center_axis',(-1.,0.,0.));
#2390=DIRECTION('ref_axis',(0.,0.,1.));
#2391=DIRECTION('center_axis',(1.,0.,0.));
#2392=DIRECTION('ref_axis',(0.,0.,-1.));
#2393=DIRECTION('center_axis',(-1.,0.,0.));
#2394=DIRECTION('ref_axis',(0.,0.,1.));
#2395=DIRECTION('',(1.,0.,0.));
#2396=DIRECTION('center_axis',(1.,0.,0.));
#2397=DIRECTION('ref_axis',(0.,0.,-1.));
#2398=DIRECTION('center_axis',(-1.,0.,0.));
#2399=DIRECTION('ref_axis',(0.,0.,1.));
#2400=DIRECTION('center_axis',(-1.,0.,0.));
#2401=DIRECTION('ref_axis',(0.,0.,1.));
#2402=DIRECTION('center_axis',(-1.,0.,0.));
#2403=DIRECTION('ref_axis',(0.,0.,1.));
#2404=DIRECTION('center_axis',(-1.,0.,0.));
#2405=DIRECTION('ref_axis',(0.,0.,1.));
#2406=DIRECTION('',(0.,0.,-1.));
#2407=DIRECTION('center_axis',(1.,0.,0.));
#2408=DIRECTION('ref_axis',(0.,0.,-1.));
#2409=DIRECTION('',(0.,-0.995399666029749,0.0958097326364292));
#2410=DIRECTION('center_axis',(-1.,0.,0.));
#2411=DIRECTION('ref_axis',(0.,0.,1.));
#2412=DIRECTION('',(0.,0.998855754548123,0.0478244875152883));
#2413=DIRECTION('center_axis',(-1.,0.,0.));
#2414=DIRECTION('ref_axis',(0.,0.,1.));
#2415=DIRECTION('',(0.,0.996454701568355,-0.0841310152222189));
#2416=DIRECTION('center_axis',(-1.,0.,0.));
#2417=DIRECTION('ref_axis',(0.,0.,1.));
#2418=DIRECTION('',(0.,-0.99912608248576,0.0417979819687432));
#2419=DIRECTION('center_axis',(-1.,0.,0.));
#2420=DIRECTION('ref_axis',(0.,0.,1.));
#2421=DIRECTION('',(0.,0.995286007396932,0.0969833154716509));
#2422=DIRECTION('center_axis',(-1.,0.,0.));
#2423=DIRECTION('ref_axis',(0.,0.,1.));
#2424=DIRECTION('center_axis',(-1.,0.,0.));
#2425=DIRECTION('ref_axis',(0.,0.,1.));
#2426=DIRECTION('center_axis',(-1.,0.,0.));
#2427=DIRECTION('ref_axis',(0.,0.,1.));
#2428=DIRECTION('center_axis',(-1.,0.,0.));
#2429=DIRECTION('ref_axis',(0.,0.,1.));
#2430=DIRECTION('center_axis',(1.,0.,0.));
#2431=DIRECTION('ref_axis',(0.,0.,-1.));
#2432=DIRECTION('center_axis',(-1.,0.,0.));
#2433=DIRECTION('ref_axis',(0.,0.,1.));
#2434=DIRECTION('center_axis',(1.,0.,0.));
#2435=DIRECTION('ref_axis',(0.,0.,-1.));
#2436=DIRECTION('center_axis',(-1.,0.,0.));
#2437=DIRECTION('ref_axis',(0.,0.,1.));
#2438=DIRECTION('center_axis',(-1.,0.,0.));
#2439=DIRECTION('ref_axis',(0.,0.,1.));
#2440=DIRECTION('center_axis',(0.,-0.0417979819687433,-0.99912608248576));
#2441=DIRECTION('ref_axis',(-1.,0.,0.));
#2442=DIRECTION('',(0.,-0.99912608248576,0.0417979819687432));
#2443=DIRECTION('',(1.,0.,0.));
#2444=DIRECTION('',(1.,0.,0.));
#2445=DIRECTION('center_axis',(1.,0.,0.));
#2446=DIRECTION('ref_axis',(0.,0.,-1.));
#2447=DIRECTION('',(1.,0.,0.));
#2448=DIRECTION('center_axis',(-1.,0.,0.));
#2449=DIRECTION('ref_axis',(0.,0.,1.));
#2450=DIRECTION('',(1.,0.,0.));
#2451=DIRECTION('',(-1.,0.,0.));
#2452=DIRECTION('',(-1.,0.,0.));
#2453=DIRECTION('center_axis',(0.,1.,0.));
#2454=DIRECTION('ref_axis',(0.,0.,1.));
#2455=DIRECTION('',(-1.,0.,0.));
#2456=DIRECTION('',(0.,0.,1.));
#2457=DIRECTION('',(-1.,0.,0.));
#2458=DIRECTION('center_axis',(0.,-0.0417979819687433,-0.99912608248576));
#2459=DIRECTION('ref_axis',(-1.,0.,0.));
#2460=DIRECTION('',(0.,-0.99912608248576,0.0417979819687432));
#2461=DIRECTION('',(1.,0.,0.));
#2462=DIRECTION('',(0.,-0.99912608248576,0.0417979819687432));
#2463=DIRECTION('',(1.,0.,0.));
#2464=DIRECTION('center_axis',(0.,1.,0.));
#2465=DIRECTION('ref_axis',(0.,0.,1.));
#2466=DIRECTION('',(0.,0.,-1.));
#2467=DIRECTION('',(0.,0.,-1.));
#2468=DIRECTION('center_axis',(1.,0.,0.));
#2469=DIRECTION('ref_axis',(0.,0.,-1.));
#2470=DIRECTION('center_axis',(-1.,0.,0.));
#2471=DIRECTION('ref_axis',(0.,0.,1.));
#2472=DIRECTION('center_axis',(0.,-0.0958097326364292,-0.995399666029749));
#2473=DIRECTION('ref_axis',(-1.,0.,0.));
#2474=DIRECTION('',(0.,-0.995399666029749,0.0958097326364291));
#2475=DIRECTION('center_axis',(1.,0.,0.));
#2476=DIRECTION('ref_axis',(0.,0.,-1.));
#2477=DIRECTION('center_axis',(-1.,0.,0.));
#2478=DIRECTION('ref_axis',(0.,0.,1.));
#2479=DIRECTION('',(-1.,0.,0.));
#2480=DIRECTION('center_axis',(1.,0.,0.));
#2481=DIRECTION('ref_axis',(0.,0.,-1.));
#2482=DIRECTION('center_axis',(-1.,0.,0.));
#2483=DIRECTION('ref_axis',(0.,0.,1.));
#2484=DIRECTION('',(1.,0.,0.));
#2485=DIRECTION('center_axis',(-1.,0.,0.));
#2486=DIRECTION('ref_axis',(0.,0.,1.));
#2487=DIRECTION('center_axis',(1.,0.,0.));
#2488=DIRECTION('ref_axis',(0.,0.,-1.));
#2489=DIRECTION('center_axis',(-1.,0.,0.));
#2490=DIRECTION('ref_axis',(0.,0.,1.));
#2491=DIRECTION('',(1.,0.,0.));
#2492=DIRECTION('center_axis',(1.,0.,0.));
#2493=DIRECTION('ref_axis',(0.,0.,-1.));
#2494=DIRECTION('center_axis',(-1.,0.,0.));
#2495=DIRECTION('ref_axis',(0.,0.,1.));
#2496=DIRECTION('',(-1.,0.,0.));
#2497=DIRECTION('center_axis',(-1.,0.,0.));
#2498=DIRECTION('ref_axis',(0.,0.,1.));
#2499=DIRECTION('center_axis',(1.,0.,0.));
#2500=DIRECTION('ref_axis',(0.,0.,-1.));
#2501=DIRECTION('',(1.,0.,0.));
#2502=DIRECTION('center_axis',(-1.,0.,0.));
#2503=DIRECTION('ref_axis',(0.,0.,1.));
#2504=DIRECTION('',(1.,0.,0.));
#2505=DIRECTION('center_axis',(0.,-0.0478244875152884,0.998855754548123));
#2506=DIRECTION('ref_axis',(1.,0.,0.));
#2507=DIRECTION('',(0.,0.998855754548123,0.0478244875152884));
#2508=DIRECTION('',(1.,0.,0.));
#2509=DIRECTION('',(1.,0.,0.));
#2510=DIRECTION('center_axis',(1.,0.,0.));
#2511=DIRECTION('ref_axis',(0.,-0.0478244875152891,0.998855754548123));
#2512=DIRECTION('',(1.,0.,0.));
#2513=DIRECTION('center_axis',(-1.,0.,0.));
#2514=DIRECTION('ref_axis',(0.,0.,1.));
#2515=DIRECTION('',(1.,0.,0.));
#2516=DIRECTION('center_axis',(-1.,0.,0.));
#2517=DIRECTION('ref_axis',(0.,0.,1.));
#2518=DIRECTION('center_axis',(0.,-0.0478244875152884,0.998855754548123));
#2519=DIRECTION('ref_axis',(1.,0.,0.));
#2520=DIRECTION('',(0.,0.998855754548123,0.0478244875152884));
#2521=DIRECTION('',(0.,0.998855754548123,0.0478244875152883));
#2522=DIRECTION('center_axis',(1.,0.,0.));
#2523=DIRECTION('ref_axis',(0.,-0.0478244875152891,0.998855754548123));
#2524=DIRECTION('center_axis',(-1.,0.,0.));
#2525=DIRECTION('ref_axis',(0.,0.,1.));
#2526=DIRECTION('center_axis',(1.,0.,0.));
#2527=DIRECTION('ref_axis',(0.,0.0841310152222182,0.996454701568355));
#2528=DIRECTION('',(1.,0.,0.));
#2529=DIRECTION('center_axis',(-1.,0.,0.));
#2530=DIRECTION('ref_axis',(0.,0.,1.));
#2531=DIRECTION('',(1.,0.,0.));
#2532=DIRECTION('center_axis',(-1.,0.,0.));
#2533=DIRECTION('ref_axis',(0.,0.,1.));
#2534=DIRECTION('center_axis',(1.,0.,0.));
#2535=DIRECTION('ref_axis',(0.,0.0841310152222182,0.996454701568355));
#2536=DIRECTION('',(1.,0.,0.));
#2537=DIRECTION('center_axis',(-1.,0.,0.));
#2538=DIRECTION('ref_axis',(0.,0.,1.));
#2539=DIRECTION('',(1.,0.,0.));
#2540=DIRECTION('center_axis',(0.,0.0841310152222189,0.996454701568355));
#2541=DIRECTION('ref_axis',(1.,0.,0.));
#2542=DIRECTION('',(0.,0.996454701568355,-0.0841310152222189));
#2543=DIRECTION('',(0.,0.996454701568355,-0.0841310152222189));
#2544=DIRECTION('center_axis',(0.,0.0841310152222189,0.996454701568355));
#2545=DIRECTION('ref_axis',(1.,0.,0.));
#2546=DIRECTION('',(0.,0.996454701568355,-0.0841310152222189));
#2547=DIRECTION('center_axis',(0.,-0.0969833154716508,0.995286007396932));
#2548=DIRECTION('ref_axis',(1.,0.,0.));
#2549=DIRECTION('',(0.,0.995286007396932,0.0969833154716509));
#2550=DIRECTION('',(1.,0.,0.));
#2551=DIRECTION('',(0.,0.995286007396932,0.0969833154716509));
#2552=DIRECTION('',(1.,0.,0.));
#2553=DIRECTION('center_axis',(1.,0.,0.));
#2554=DIRECTION('ref_axis',(0.,-0.0969833154716502,0.995286007396932));
#2555=DIRECTION('',(1.,0.,0.));
#2556=DIRECTION('center_axis',(-1.,0.,0.));
#2557=DIRECTION('ref_axis',(0.,0.,1.));
#2558=DIRECTION('',(1.,0.,0.));
#2559=DIRECTION('center_axis',(-1.,0.,0.));
#2560=DIRECTION('ref_axis',(0.,0.,1.));
#2561=DIRECTION('center_axis',(0.,-0.0969833154716508,0.995286007396932));
#2562=DIRECTION('ref_axis',(1.,0.,0.));
#2563=DIRECTION('',(0.,0.995286007396932,0.0969833154716509));
#2564=DIRECTION('',(0.,0.995286007396932,0.0969833154716509));
#2565=DIRECTION('center_axis',(0.,-0.0969833154716508,0.995286007396932));
#2566=DIRECTION('ref_axis',(1.,0.,0.));
#2567=DIRECTION('',(0.,0.995286007396932,0.0969833154716509));
#2568=DIRECTION('center_axis',(1.,0.,0.));
#2569=DIRECTION('ref_axis',(0.,0.,-1.));
#2570=DIRECTION('center_axis',(-1.,0.,0.));
#2571=DIRECTION('ref_axis',(0.,0.,1.));
#2572=DIRECTION('center_axis',(-1.,0.,0.));
#2573=DIRECTION('ref_axis',(0.,0.,1.));
#2574=DIRECTION('center_axis',(1.,0.,0.));
#2575=DIRECTION('ref_axis',(0.,0.,-1.));
#2576=DIRECTION('',(1.,0.,0.));
#2577=DIRECTION('',(1.,0.,0.));
#2578=DIRECTION('center_axis',(1.,0.,0.));
#2579=DIRECTION('ref_axis',(0.,0.,-1.));
#2580=DIRECTION('',(1.,0.,0.));
#2581=DIRECTION('center_axis',(1.,0.,0.));
#2582=DIRECTION('ref_axis',(0.,0.,-1.));
#2583=DIRECTION('center_axis',(-1.,0.,0.));
#2584=DIRECTION('ref_axis',(0.,0.,1.));
#2585=DIRECTION('center_axis',(1.,0.,0.));
#2586=DIRECTION('ref_axis',(0.,0.,-1.));
#2587=DIRECTION('center_axis',(1.,0.,0.));
#2588=DIRECTION('ref_axis',(0.,0.,-1.));
#2589=DIRECTION('center_axis',(1.,0.,0.));
#2590=DIRECTION('ref_axis',(0.,0.,-1.));
#2591=DIRECTION('',(1.,0.,0.));
#2592=DIRECTION('center_axis',(1.,0.,0.));
#2593=DIRECTION('ref_axis',(0.,0.,-1.));
#2594=DIRECTION('',(1.,0.,0.));
#2595=DIRECTION('',(1.,0.,0.));
#2596=DIRECTION('center_axis',(1.,0.,0.));
#2597=DIRECTION('ref_axis',(0.,0.,-1.));
#2598=DIRECTION('center_axis',(1.,0.,0.));
#2599=DIRECTION('ref_axis',(0.,0.,-1.));
#2600=DIRECTION('',(1.,0.,0.));
#2601=DIRECTION('',(1.,0.,0.));
#2602=DIRECTION('',(1.,0.,0.));
#2603=DIRECTION('center_axis',(1.,0.,0.));
#2604=DIRECTION('ref_axis',(0.,0.,-1.));
#2605=DIRECTION('',(1.,0.,0.));
#2606=DIRECTION('center_axis',(-1.,0.,0.));
#2607=DIRECTION('ref_axis',(0.,0.,1.));
#2608=DIRECTION('',(1.,0.,0.));
#2609=DIRECTION('center_axis',(-1.,0.,0.));
#2610=DIRECTION('ref_axis',(0.,0.,1.));
#2611=DIRECTION('center_axis',(1.,0.,0.));
#2612=DIRECTION('ref_axis',(0.,0.,-1.));
#2613=DIRECTION('center_axis',(-1.,0.,0.));
#2614=DIRECTION('ref_axis',(0.,0.,1.));
#2615=DIRECTION('',(-1.,0.,0.));
#2616=DIRECTION('center_axis',(-1.,0.,0.));
#2617=DIRECTION('ref_axis',(0.,0.,1.));
#2618=DIRECTION('center_axis',(1.,0.,0.));
#2619=DIRECTION('ref_axis',(0.,0.,-1.));
#2620=DIRECTION('center_axis',(-1.,0.,0.));
#2621=DIRECTION('ref_axis',(0.,0.,1.));
#2622=DIRECTION('',(-1.,0.,0.));
#2623=DIRECTION('center_axis',(-1.,0.,0.));
#2624=DIRECTION('ref_axis',(0.,0.,1.));
#2625=DIRECTION('center_axis',(1.,0.,0.));
#2626=DIRECTION('ref_axis',(0.,0.,-1.));
#2627=DIRECTION('center_axis',(-1.,0.,0.));
#2628=DIRECTION('ref_axis',(0.,0.,1.));
#2629=DIRECTION('',(-1.,0.,0.));
#2630=DIRECTION('center_axis',(-1.,0.,0.));
#2631=DIRECTION('ref_axis',(0.,0.,1.));
#2632=DIRECTION('center_axis',(0.,-0.0958097326364292,-0.995399666029749));
#2633=DIRECTION('ref_axis',(-1.,0.,0.));
#2634=DIRECTION('',(0.,-0.995399666029749,0.0958097326364291));
#2635=DIRECTION('',(1.,0.,0.));
#2636=DIRECTION('',(0.,-0.995399666029749,0.0958097326364292));
#2637=DIRECTION('',(1.,0.,0.));
#2638=DIRECTION('center_axis',(1.,0.,0.));
#2639=DIRECTION('ref_axis',(0.,0.,-1.));
#2640=DIRECTION('center_axis',(-1.,0.,0.));
#2641=DIRECTION('ref_axis',(0.,0.,1.));
#2642=DIRECTION('center_axis',(-1.,0.,0.));
#2643=DIRECTION('ref_axis',(0.,0.,1.));
#2644=DIRECTION('center_axis',(0.,-0.0417979819687433,-0.99912608248576));
#2645=DIRECTION('ref_axis',(-1.,0.,0.));
#2646=DIRECTION('',(0.,-0.99912608248576,0.0417979819687432));
#2647=DIRECTION('',(1.,0.,0.));
#2648=DIRECTION('',(0.,-0.99912608248576,0.0417979819687432));
#2649=DIRECTION('',(1.,0.,0.));
#2650=DIRECTION('center_axis',(1.,0.,0.));
#2651=DIRECTION('ref_axis',(0.,0.,-1.));
#2652=DIRECTION('center_axis',(-1.,0.,0.));
#2653=DIRECTION('ref_axis',(0.,0.,1.));
#2654=DIRECTION('center_axis',(-1.,0.,0.));
#2655=DIRECTION('ref_axis',(0.,0.,1.));
#2656=DIRECTION('center_axis',(-1.,0.,0.));
#2657=DIRECTION('ref_axis',(0.,0.,1.));
#2658=DIRECTION('center_axis',(-1.,0.,0.));
#2659=DIRECTION('ref_axis',(0.,0.,1.));
#2660=DIRECTION('center_axis',(-1.,0.,0.));
#2661=DIRECTION('ref_axis',(0.,0.,1.));
#2662=DIRECTION('center_axis',(-1.,0.,0.));
#2663=DIRECTION('ref_axis',(0.,0.,1.));
#2664=DIRECTION('center_axis',(-1.,0.,0.));
#2665=DIRECTION('ref_axis',(0.,0.,1.));
#2666=DIRECTION('center_axis',(-1.,0.,0.));
#2667=DIRECTION('ref_axis',(0.,0.,1.));
#2668=DIRECTION('',(0.,0.,-1.));
#2669=DIRECTION('center_axis',(-1.,0.,0.));
#2670=DIRECTION('ref_axis',(0.,0.,1.));
#2671=DIRECTION('',(0.,0.996454701568355,-0.0841310152222189));
#2672=DIRECTION('center_axis',(-1.,0.,0.));
#2673=DIRECTION('ref_axis',(0.,0.,1.));
#2674=DIRECTION('',(0.,0.998855754548123,0.0478244875152884));
#2675=DIRECTION('center_axis',(-1.,0.,0.));
#2676=DIRECTION('ref_axis',(0.,0.,1.));
#2677=DIRECTION('center_axis',(-1.,0.,0.));
#2678=DIRECTION('ref_axis',(0.,0.,1.));
#2679=DIRECTION('',(0.,-0.995399666029749,0.0958097326364291));
#2680=DIRECTION('center_axis',(-1.,0.,0.));
#2681=DIRECTION('ref_axis',(0.,0.,1.));
#2682=DIRECTION('center_axis',(-1.,0.,0.));
#2683=DIRECTION('ref_axis',(0.,0.,1.));
#2684=DIRECTION('center_axis',(-1.,0.,0.));
#2685=DIRECTION('ref_axis',(0.,0.,1.));
#2686=DIRECTION('center_axis',(1.,0.,0.));
#2687=DIRECTION('ref_axis',(0.,0.,-1.));
#2688=DIRECTION('center_axis',(-1.,0.,0.));
#2689=DIRECTION('ref_axis',(0.,0.,-1.));
#2690=DIRECTION('center_axis',(1.,0.,0.));
#2691=DIRECTION('ref_axis',(0.,0.,-1.));
#2692=DIRECTION('',(1.,0.,0.));
#2693=DIRECTION('',(1.,0.,0.));
#2694=DIRECTION('center_axis',(-1.,0.,0.));
#2695=DIRECTION('ref_axis',(0.,0.,1.));
#2696=DIRECTION('center_axis',(0.,-0.0958097326364292,-0.995399666029749));
#2697=DIRECTION('ref_axis',(-1.,0.,0.));
#2698=DIRECTION('',(0.,-0.995399666029749,0.0958097326364292));
#2699=DIRECTION('center_axis',(1.,0.,0.));
#2700=DIRECTION('ref_axis',(0.,0.,-1.));
#2701=DIRECTION('center_axis',(-1.,0.,0.));
#2702=DIRECTION('ref_axis',(0.,0.,1.));
#2703=DIRECTION('center_axis',(-1.,0.,0.));
#2704=DIRECTION('ref_axis',(0.,0.,1.));
#2705=DIRECTION('',(0.,-0.993106119810964,-0.117218747621751));
#2706=DIRECTION('center_axis',(1.,0.,0.));
#2707=DIRECTION('ref_axis',(0.,-0.0969833154716502,0.995286007396932));
#2708=DIRECTION('center_axis',(-1.,0.,0.));
#2709=DIRECTION('ref_axis',(0.,0.,1.));
#2710=DIRECTION('center_axis',(0.,0.117218747621751,-0.993106119810964));
#2711=DIRECTION('ref_axis',(-1.,0.,0.));
#2712=DIRECTION('',(0.,-0.993106119810964,-0.117218747621751));
#2713=DIRECTION('',(1.,0.,0.));
#2714=DIRECTION('',(1.,0.,0.));
#2715=DIRECTION('',(1.,0.,0.));
#2716=DIRECTION('',(1.,0.,0.));
#2717=DIRECTION('center_axis',(1.,0.,0.));
#2718=DIRECTION('ref_axis',(0.,0.,-1.));
#2719=DIRECTION('',(1.,0.,0.));
#2720=DIRECTION('center_axis',(1.,0.,0.));
#2721=DIRECTION('ref_axis',(0.,-0.0478244875152891,0.998855754548123));
#2722=DIRECTION('',(1.,0.,0.));
#2723=DIRECTION('',(1.,0.,0.));
#2724=DIRECTION('center_axis',(-1.,0.,0.));
#2725=DIRECTION('ref_axis',(0.,0.,1.));
#2726=DIRECTION('center_axis',(0.,-0.0478244875152884,0.998855754548123));
#2727=DIRECTION('ref_axis',(1.,0.,0.));
#2728=DIRECTION('',(0.,0.998855754548123,0.0478244875152883));
#2729=DIRECTION('',(1.,0.,0.));
#2730=DIRECTION('center_axis',(0.,0.0841310152222189,0.996454701568355));
#2731=DIRECTION('ref_axis',(1.,0.,0.));
#2732=DIRECTION('',(1.,0.,0.));
#2733=DIRECTION('',(0.,0.996454701568355,-0.0841310152222189));
#2734=DIRECTION('',(1.,0.,0.));
#2735=DIRECTION('center_axis',(1.,0.,0.));
#2736=DIRECTION('ref_axis',(0.,0.0841310152222182,0.996454701568355));
#2737=DIRECTION('center_axis',(-1.,0.,0.));
#2738=DIRECTION('ref_axis',(0.,0.,1.));
#2739=DIRECTION('center_axis',(-1.,0.,0.));
#2740=DIRECTION('ref_axis',(0.,0.,1.));
#2741=DIRECTION('center_axis',(-1.,0.,0.));
#2742=DIRECTION('ref_axis',(0.,0.,1.));
#2743=DIRECTION('',(0.,0.,-1.));
#2744=DIRECTION('center_axis',(-1.,0.,0.));
#2745=DIRECTION('ref_axis',(0.,1.,0.));
#2746=DIRECTION('center_axis',(1.,0.,0.));
#2747=DIRECTION('ref_axis',(0.,0.,-1.));
#2748=DIRECTION('center_axis',(1.,0.,0.));
#2749=DIRECTION('ref_axis',(0.,0.,-1.));
#2750=DIRECTION('',(-1.,0.,0.));
#2751=DIRECTION('center_axis',(-1.,0.,0.));
#2752=DIRECTION('ref_axis',(0.,0.,1.));
#2753=DIRECTION('center_axis',(1.,0.,0.));
#2754=DIRECTION('ref_axis',(0.,0.,-1.));
#2755=DIRECTION('',(1.,0.,0.));
#2756=DIRECTION('',(1.,0.,0.));
#2757=DIRECTION('',(1.,0.,0.));
#2758=DIRECTION('',(1.,0.,0.));
#2759=DIRECTION('',(1.,0.,0.));
#2760=DIRECTION('',(1.,0.,0.));
#2761=DIRECTION('',(1.,0.,0.));
#2762=DIRECTION('',(1.,0.,0.));
#2763=DIRECTION('center_axis',(0.,0.117218747621751,-0.993106119810964));
#2764=DIRECTION('ref_axis',(-1.,0.,0.));
#2765=DIRECTION('',(1.,0.,0.));
#2766=DIRECTION('',(0.,0.993106119810964,0.11721874762175));
#2767=DIRECTION('',(1.,0.,0.));
#2768=DIRECTION('',(0.,0.993106119810964,0.117218747621751));
#2769=DIRECTION('center_axis',(1.,0.,0.));
#2770=DIRECTION('ref_axis',(0.,0.,-1.));
#2771=DIRECTION('center_axis',(1.,0.,0.));
#2772=DIRECTION('ref_axis',(0.,0.,-1.));
#2773=DIRECTION('',(1.,0.,0.));
#2774=DIRECTION('center_axis',(1.,0.,0.));
#2775=DIRECTION('ref_axis',(0.,0.,-1.));
#2776=DIRECTION('center_axis',(1.,0.,0.));
#2777=DIRECTION('ref_axis',(0.,0.,-1.));
#2778=DIRECTION('center_axis',(1.,0.,0.));
#2779=DIRECTION('ref_axis',(0.,0.,-1.));
#2780=DIRECTION('center_axis',(1.,0.,0.));
#2781=DIRECTION('ref_axis',(0.,0.,-1.));
#2782=DIRECTION('center_axis',(1.,0.,0.));
#2783=DIRECTION('ref_axis',(0.,0.,-1.));
#2784=DIRECTION('',(1.,0.,0.));
#2785=DIRECTION('center_axis',(1.,0.,0.));
#2786=DIRECTION('ref_axis',(0.,-0.211828734053806,-0.977306803122316));
#2787=DIRECTION('',(1.,0.,0.));
#2788=DIRECTION('center_axis',(0.,-0.0958097326364292,-0.995399666029749));
#2789=DIRECTION('ref_axis',(-1.,0.,0.));
#2790=DIRECTION('',(0.,0.995399666029749,-0.0958097326364291));
#2791=DIRECTION('',(0.,0.995399666029749,-0.0958097326364291));
#2792=DIRECTION('center_axis',(1.,0.,0.));
#2793=DIRECTION('ref_axis',(0.,0.,-1.));
#2794=DIRECTION('center_axis',(1.,0.,0.));
#2795=DIRECTION('ref_axis',(0.,0.,-1.));
#2796=DIRECTION('',(1.,0.,0.));
#2797=DIRECTION('center_axis',(1.,0.,0.));
#2798=DIRECTION('ref_axis',(0.,-0.158626139794114,-0.987338719879869));
#2799=DIRECTION('',(1.,0.,0.));
#2800=DIRECTION('center_axis',(1.,0.,0.));
#2801=DIRECTION('ref_axis',(0.,0.,-1.));
#2802=DIRECTION('center_axis',(1.,0.,0.));
#2803=DIRECTION('ref_axis',(0.,0.,-1.));
#2804=DIRECTION('',(1.,0.,0.));
#2805=DIRECTION('center_axis',(-1.,0.,0.));
#2806=DIRECTION('ref_axis',(0.,0.,1.));
#2807=DIRECTION('center_axis',(1.,0.,0.));
#2808=DIRECTION('ref_axis',(0.,0.,-1.));
#2809=DIRECTION('',(1.,0.,0.));
#2810=DIRECTION('center_axis',(1.,0.,0.));
#2811=DIRECTION('ref_axis',(0.,0.,-1.));
#2812=DIRECTION('center_axis',(0.,-0.0417979819687433,-0.99912608248576));
#2813=DIRECTION('ref_axis',(-1.,0.,0.));
#2814=DIRECTION('',(0.,0.99912608248576,-0.0417979819687432));
#2815=DIRECTION('',(0.,0.999126082485759,-0.0417979819687432));
#2816=DIRECTION('center_axis',(1.,0.,0.));
#2817=DIRECTION('ref_axis',(0.,0.,-1.));
#2818=DIRECTION('center_axis',(-1.,0.,0.));
#2819=DIRECTION('ref_axis',(0.,0.,1.));
#2820=DIRECTION('center_axis',(1.,0.,0.));
#2821=DIRECTION('ref_axis',(0.,-0.0969833154716504,0.995286007396932));
#2822=DIRECTION('center_axis',(1.,0.,0.));
#2823=DIRECTION('ref_axis',(0.,0.,-1.));
#2824=DIRECTION('',(1.,0.,0.));
#2825=DIRECTION('center_axis',(1.,0.,0.));
#2826=DIRECTION('ref_axis',(0.,0.0203514551980672,0.999792887687906));
#2827=DIRECTION('',(1.,0.,0.));
#2828=DIRECTION('center_axis',(0.,-0.0969833154716508,0.995286007396932));
#2829=DIRECTION('ref_axis',(1.,0.,0.));
#2830=DIRECTION('',(0.,-0.995286007396932,-0.0969833154716509));
#2831=DIRECTION('',(0.,-0.995286007396932,-0.0969833154716508));
#2832=DIRECTION('center_axis',(0.,1.,0.));
#2833=DIRECTION('ref_axis',(0.,0.,1.));
#2834=DIRECTION('',(0.,0.,1.));
#2835=DIRECTION('',(-1.,0.,0.));
#2836=DIRECTION('',(0.,0.,-1.));
#2837=DIRECTION('',(-1.,0.,0.));
#2838=DIRECTION('center_axis',(0.,1.,0.));
#2839=DIRECTION('ref_axis',(0.,0.,1.));
#2840=DIRECTION('',(-1.,0.,0.));
#2841=DIRECTION('',(-1.,0.,0.));
#2842=DIRECTION('center_axis',(1.,0.,0.));
#2843=DIRECTION('ref_axis',(0.,0.,-1.));
#2844=DIRECTION('center_axis',(1.,0.,0.));
#2845=DIRECTION('ref_axis',(0.,0.,-1.));
#2846=DIRECTION('',(1.,0.,0.));
#2847=DIRECTION('center_axis',(-1.,0.,0.));
#2848=DIRECTION('ref_axis',(0.,0.,1.));
#2849=DIRECTION('',(1.,0.,0.));
#2850=DIRECTION('',(1.,0.,0.));
#2851=DIRECTION('center_axis',(1.,0.,0.));
#2852=DIRECTION('ref_axis',(0.,0.0841310152222194,0.996454701568355));
#2853=DIRECTION('center_axis',(1.,0.,0.));
#2854=DIRECTION('ref_axis',(0.,0.,-1.));
#2855=DIRECTION('',(1.,0.,0.));
#2856=DIRECTION('center_axis',(1.,0.,0.));
#2857=DIRECTION('ref_axis',(0.,0.200354198262743,0.979723530001446));
#2858=DIRECTION('',(1.,0.,0.));
#2859=DIRECTION('center_axis',(1.,0.,0.));
#2860=DIRECTION('ref_axis',(0.,0.,-1.));
#2861=DIRECTION('',(1.,0.,0.));
#2862=DIRECTION('center_axis',(1.,0.,0.));
#2863=DIRECTION('ref_axis',(0.,-0.0478244875152884,0.998855754548123));
#2864=DIRECTION('center_axis',(1.,0.,0.));
#2865=DIRECTION('ref_axis',(0.,0.,-1.));
#2866=DIRECTION('',(1.,0.,0.));
#2867=DIRECTION('center_axis',(1.,0.,0.));
#2868=DIRECTION('ref_axis',(0.,0.0695898293746538,0.997575689182333));
#2869=DIRECTION('',(1.,0.,0.));
#2870=DIRECTION('center_axis',(0.,-0.0478244875152884,0.998855754548123));
#2871=DIRECTION('ref_axis',(1.,0.,0.));
#2872=DIRECTION('',(0.,-0.998855754548123,-0.0478244875152885));
#2873=DIRECTION('',(0.,-0.998855754548123,-0.0478244875152884));
#2874=DIRECTION('center_axis',(0.,0.0841310152222189,0.996454701568355));
#2875=DIRECTION('ref_axis',(1.,0.,0.));
#2876=DIRECTION('',(0.,-0.996454701568355,0.0841310152222189));
#2877=DIRECTION('',(0.,-0.996454701568355,0.0841310152222189));
#2878=DIRECTION('center_axis',(1.,0.,0.));
#2879=DIRECTION('ref_axis',(0.,0.,-1.));
#2880=DIRECTION('center_axis',(1.,0.,0.));
#2881=DIRECTION('ref_axis',(0.,0.,-1.));
#2882=DIRECTION('center_axis',(-1.,0.,0.));
#2883=DIRECTION('ref_axis',(0.,0.,1.));
#2884=DIRECTION('center_axis',(-1.,0.,0.));
#2885=DIRECTION('ref_axis',(0.,0.,1.));
#2886=DIRECTION('center_axis',(-1.,0.,0.));
#2887=DIRECTION('ref_axis',(0.,0.,1.));
#2888=DIRECTION('',(1.,0.,0.));
#2889=CARTESIAN_POINT('',(0.,0.,0.));
#2890=CARTESIAN_POINT('Origin',(-22.,-35.0370642130266,0.00386934032200899));
#2891=CARTESIAN_POINT('',(-22.,-22.9392555320878,3.89012866778903));
#2892=CARTESIAN_POINT('',(-22.,-27.9037119617559,3.30415214335407));
#2893=CARTESIAN_POINT('',(-22.,-22.9392554896639,3.89012806695015));
#2894=CARTESIAN_POINT('Ctrl Pts',(-22.,-22.939255585402,3.89012926747611));
#2895=CARTESIAN_POINT('Ctrl Pts',(-22.,-23.6383457139347,3.83437908928983));
#2896=CARTESIAN_POINT('Ctrl Pts',(-22.,-25.0770326920436,3.70051749327082));
#2897=CARTESIAN_POINT('Ctrl Pts',(-22.,-26.7308361669075,3.49075170378238));
#2898=CARTESIAN_POINT('Ctrl Pts',(-22.,-27.6844231036968,3.34044770815568));
#2899=CARTESIAN_POINT('Ctrl Pts',(-22.,-27.9033332234307,3.30420581408965));
#2900=CARTESIAN_POINT('Origin',(-97.,-27.9037135278997,3.30416092582177));
#2901=CARTESIAN_POINT('',(-1.,-22.9392555320878,3.89012866778903));
#2902=CARTESIAN_POINT('',(-1.,-27.9037119617559,3.30415214335407));
#2903=CARTESIAN_POINT('',(-1.,-22.9392554896639,3.89012806695015));
#2904=CARTESIAN_POINT('',(-22.,-22.9392554896639,3.89012806695015));
#2905=CARTESIAN_POINT('',(-22.,-27.9037135278997,3.30416092582177));
#2906=CARTESIAN_POINT('Origin',(-97.,-27.9037135278997,3.30416092582177));
#2907=CARTESIAN_POINT('',(-26.,-22.9392555320878,3.89012866778903));
#2908=CARTESIAN_POINT('',(-26.,-27.9037119617559,3.30415214335407));
#2909=CARTESIAN_POINT('',(-26.,-22.9392554896639,3.89012806695015));
#2910=CARTESIAN_POINT('',(-47.,-22.9392555320878,3.89012866778903));
#2911=CARTESIAN_POINT('',(-47.,-22.9392554896639,3.89012806695015));
#2912=CARTESIAN_POINT('',(-47.,-27.9037119617559,3.30415214335407));
#2913=CARTESIAN_POINT('',(-47.,-22.9392554896639,3.89012806695015));
#2914=CARTESIAN_POINT('',(-47.,-27.9037135278997,3.30416092582177));
#2915=CARTESIAN_POINT('Origin',(-97.,12.9808744282523,-2.65537210821151));
#2916=CARTESIAN_POINT('',(-22.,10.4881577239684,-2.84606409069663));
#2917=CARTESIAN_POINT('',(-1.,10.4881577239684,-2.84606409069663));
#2918=CARTESIAN_POINT('',(-22.,10.4881577239684,-2.84606409069663));
#2919=CARTESIAN_POINT('',(-1.,15.4635128458418,-2.3612522559255));
#2920=CARTESIAN_POINT('Origin',(-1.,12.9808744282523,-2.65537210821151));
#2921=CARTESIAN_POINT('',(-22.,15.4635128458418,-2.3612522559255));
#2922=CARTESIAN_POINT('',(-22.,15.4635128458418,-2.3612522559255));
#2923=CARTESIAN_POINT('Origin',(-22.,12.9808744282523,-2.65537210821151));
#2924=CARTESIAN_POINT('Origin',(-101.562270683483,-28.0954593810964,0.));
#2925=CARTESIAN_POINT('',(-1.,-28.0954593810964,1.58739008747265));
#2926=CARTESIAN_POINT('Origin',(-1.,-28.0954593810964,0.));
#2927=CARTESIAN_POINT('',(-22.,-28.0954593810964,1.58739008747265));
#2928=CARTESIAN_POINT('',(-101.562270683483,-28.0954593810964,1.58739008747265));
#2929=CARTESIAN_POINT('Origin',(-22.,-28.0954593810964,0.));
#2930=CARTESIAN_POINT('Origin',(-101.,-7.91867182920211,0.));
#2931=CARTESIAN_POINT('',(-1.,-7.91867182920211,0.769094517692257));
#2932=CARTESIAN_POINT('Origin',(-1.,-7.91867182920211,0.));
#2933=CARTESIAN_POINT('',(3.00000000000001,-7.91867182920211,0.769094517692257));
#2934=CARTESIAN_POINT('',(-101.,-7.91867182920211,0.769094517692257));
#2935=CARTESIAN_POINT('Origin',(3.,-7.91867182920211,0.));
#2936=CARTESIAN_POINT('Origin',(-26.,-35.0370642130266,0.00386934032200899));
#2937=CARTESIAN_POINT('Ctrl Pts',(-26.,-22.939255585402,3.89012926747611));
#2938=CARTESIAN_POINT('Ctrl Pts',(-26.,-23.6383457139347,3.83437908928983));
#2939=CARTESIAN_POINT('Ctrl Pts',(-26.,-25.0770326920436,3.70051749327082));
#2940=CARTESIAN_POINT('Ctrl Pts',(-26.,-26.7308361669073,3.4907517037824));
#2941=CARTESIAN_POINT('Ctrl Pts',(-26.,-27.6844231036965,3.34044770815573));
#2942=CARTESIAN_POINT('Ctrl Pts',(-26.,-27.9033332234302,3.30420581408974));
#2943=CARTESIAN_POINT('Origin',(-22.,-35.0370642130266,0.00386934032200899));
#2944=CARTESIAN_POINT('',(-22.,-33.1287102525357,-1.90008230162369));
#2945=CARTESIAN_POINT('',(-22.,25.1572030079043,-1.35079921177795));
#2946=CARTESIAN_POINT('Ctrl Pts',(-22.,-33.128710776784,-1.90008345602261));
#2947=CARTESIAN_POINT('Ctrl Pts',(-22.,-32.9731694935334,-1.97048820598658));
#2948=CARTESIAN_POINT('Ctrl Pts',(-22.,-32.4726307352204,-2.18020173011633));
#2949=CARTESIAN_POINT('Ctrl Pts',(-22.,-31.6065003085643,-2.47500010058599));
#2950=CARTESIAN_POINT('Ctrl Pts',(-22.,-30.530607855454,-2.76981286875108));
#2951=CARTESIAN_POINT('Ctrl Pts',(-22.,-29.4427841192324,-3.01647091325338));
#2952=CARTESIAN_POINT('Ctrl Pts',(-22.,-28.3473772893148,-3.22601236223712));
#2953=CARTESIAN_POINT('Ctrl Pts',(-22.,-26.8794336213348,-3.46406269851517));
#2954=CARTESIAN_POINT('Ctrl Pts',(-22.,-25.0352174210516,-3.69805502555781));
#2955=CARTESIAN_POINT('Ctrl Pts',(-22.,-22.8139806015819,-3.90249591113617));
#2956=CARTESIAN_POINT('Ctrl Pts',(-22.,-20.5881375627801,-4.04598956412722));
#2957=CARTESIAN_POINT('Ctrl Pts',(-22.,-18.3595047815362,-4.13841784673845));
#2958=CARTESIAN_POINT('Ctrl Pts',(-22.,-16.1296745593701,-4.18888347150305));
#2959=CARTESIAN_POINT('Ctrl Pts',(-22.,-13.1558351285057,-4.20718216930068));
#2960=CARTESIAN_POINT('Ctrl Pts',(-22.,-9.43876197304748,-4.15105361221425));
#2961=CARTESIAN_POINT('Ctrl Pts',(-22.,-4.98087053636191,-3.98557102213438));
#2962=CARTESIAN_POINT('Ctrl Pts',(-22.,-0.526696999564213,-3.74305138385577));
#2963=CARTESIAN_POINT('Ctrl Pts',(-22.,3.92360781105076,-3.43743897397122));
#2964=CARTESIAN_POINT('Ctrl Pts',(-22.,8.36999327774322,-3.08002075562269));
#2965=CARTESIAN_POINT('Ctrl Pts',(-22.,12.8125664629163,-2.6780455406531));
#2966=CARTESIAN_POINT('Ctrl Pts',(-22.,18.4105452782786,-2.12118608562733));
#2967=CARTESIAN_POINT('Ctrl Pts',(-22.,22.5239618421284,-1.66378375460752));
#2968=CARTESIAN_POINT('Ctrl Pts',(-22.,25.1572026022979,-1.35079925966519));
#2969=CARTESIAN_POINT('',(-22.,25.1572295156937,1.35872908811477));
#2970=CARTESIAN_POINT('Origin',(-22.,34.9629357869734,0.00386934032199311));
#2971=CARTESIAN_POINT('Ctrl Pts',(-22.,25.1572288618969,1.35872916159165));
#2972=CARTESIAN_POINT('Ctrl Pts',(-22.,22.5239865875036,1.67168598949964));
#2973=CARTESIAN_POINT('Ctrl Pts',(-22.,18.4105353630271,2.12886626376527));
#2974=CARTESIAN_POINT('Ctrl Pts',(-22.,12.812574055436,2.68592183309995));
#2975=CARTESIAN_POINT('Ctrl Pts',(-22.,8.36999524905401,3.08785677072706));
#2976=CARTESIAN_POINT('Ctrl Pts',(-22.,3.92359906578657,3.4451251227191));
#2977=CARTESIAN_POINT('Ctrl Pts',(-22.,-0.526686450759213,3.75078730235609));
#2978=CARTESIAN_POINT('Ctrl Pts',(-22.,-4.98089224935204,3.99348963525551));
#2979=CARTESIAN_POINT('Ctrl Pts',(-22.,-9.4387262244192,4.15867492203629));
#2980=CARTESIAN_POINT('Ctrl Pts',(-22.,-13.155824670649,4.21486884210763));
#2981=CARTESIAN_POINT('Ctrl Pts',(-22.,-16.1296953174393,4.19672279343607));
#2982=CARTESIAN_POINT('Ctrl Pts',(-22.,-18.3595168557793,4.1462289355656));
#2983=CARTESIAN_POINT('Ctrl Pts',(-22.,-20.5880559861199,4.05341757950872));
#2984=CARTESIAN_POINT('Ctrl Pts',(-22.,-22.1140820609766,3.95530905233863));
#2985=CARTESIAN_POINT('Ctrl Pts',(-22.,-22.8972441761858,3.89347954157392));
#2986=CARTESIAN_POINT('Ctrl Pts',(-22.,-22.939255585402,3.89012926747611));
#2987=CARTESIAN_POINT('Origin',(-22.,-25.4275750622896,3.64874516679371));
#2988=CARTESIAN_POINT('',(-22.,-33.1287102516308,1.90782097830659));
#2989=CARTESIAN_POINT('Ctrl Pts',(-22.,-27.90371050604,3.30414335094986));
#2990=CARTESIAN_POINT('Ctrl Pts',(-22.,-28.0514040031795,3.27969045085367));
#2991=CARTESIAN_POINT('Ctrl Pts',(-22.,-28.5653827719287,3.19183527556683));
#2992=CARTESIAN_POINT('Ctrl Pts',(-22.,-29.4427955919519,3.02423798748803));
#2993=CARTESIAN_POINT('Ctrl Pts',(-22.,-30.5306047764457,2.77754392922285));
#2994=CARTESIAN_POINT('Ctrl Pts',(-22.,-31.6065011518776,2.48274086832822));
#2995=CARTESIAN_POINT('Ctrl Pts',(-22.,-32.4726306461783,2.18794018998231));
#2996=CARTESIAN_POINT('Ctrl Pts',(-22.,-32.9731694778545,1.97822684700695));
#2997=CARTESIAN_POINT('Ctrl Pts',(-22.,-33.1287107740764,1.90782212873657));
#2998=CARTESIAN_POINT('',(-22.,-33.1287099897688,1.90781982978879));
#2999=CARTESIAN_POINT('',(-22.,-16.631784356308,2.00312284828911));
#3000=CARTESIAN_POINT('Origin',(-22.,-16.631784356308,0.00312284828911163));
#3001=CARTESIAN_POINT('',(-22.,16.9750490409604,2.22564786565425));
#3002=CARTESIAN_POINT('',(-22.,11.999125748675,2.70459305372608));
#3003=CARTESIAN_POINT('',(-22.,16.9750490409604,2.22564786565425));
#3004=CARTESIAN_POINT('Origin',(-22.,14.4920655601286,2.51684030016458));
#3005=CARTESIAN_POINT('',(-22.,-7.46820028140699,-4.03980103798072));
#3006=CARTESIAN_POINT('',(-22.,-2.4750002791269,-3.80073025114983));
#3007=CARTESIAN_POINT('',(-22.,-7.468200281407,-4.03980103798072));
#3008=CARTESIAN_POINT('Origin',(-22.,-4.96911537400319,-3.97216505948896));
#3009=CARTESIAN_POINT('',(-22.,-25.9420876712621,-3.57738803989715));
#3010=CARTESIAN_POINT('',(-22.,-20.9608903407287,-3.99795225398575));
#3011=CARTESIAN_POINT('',(-22.,-25.9420876712621,-3.57738803989715));
#3012=CARTESIAN_POINT('Origin',(-22.,-23.4558603583624,-3.83944480586881));
#3013=CARTESIAN_POINT('',(-22.,-2.95526661111269,3.84521502740874));
#3014=CARTESIAN_POINT('',(-22.,-7.94981796112509,4.05415979517058));
#3015=CARTESIAN_POINT('',(-22.,-2.95526661111267,3.84521502740875));
#3016=CARTESIAN_POINT('Origin',(-22.,-5.45037051026508,4.00160087214715));
#3017=CARTESIAN_POINT('',(-22.,10.4881577239684,-2.84606409069663));
#3018=CARTESIAN_POINT('',(-22.,-7.91867182920211,0.769094517692257));
#3019=CARTESIAN_POINT('Origin',(-22.,-7.91867182920211,0.));
#3020=CARTESIAN_POINT('',(-22.,7.76783998483635,1.61300626894953));
#3021=CARTESIAN_POINT('Origin',(-22.,7.76783998483635,0.));
#3022=CARTESIAN_POINT('Origin',(-1.,-35.0370642130266,0.00386934032200899));
#3023=CARTESIAN_POINT('Ctrl Pts',(-1.,-22.939255585402,3.89012926747611));
#3024=CARTESIAN_POINT('Ctrl Pts',(-1.,-23.6383457139347,3.83437908928983));
#3025=CARTESIAN_POINT('Ctrl Pts',(-1.,-25.0770326920436,3.70051749327082));
#3026=CARTESIAN_POINT('Ctrl Pts',(-1.,-26.7308361669073,3.4907517037824));
#3027=CARTESIAN_POINT('Ctrl Pts',(-1.,-27.6844231036965,3.34044770815573));
#3028=CARTESIAN_POINT('Ctrl Pts',(-1.,-27.9033332234302,3.30420581408974));
#3029=CARTESIAN_POINT('Origin',(-47.,-35.0370642130266,0.00386934032200899));
#3030=CARTESIAN_POINT('Ctrl Pts',(-47.,-22.939255585402,3.89012926747611));
#3031=CARTESIAN_POINT('Ctrl Pts',(-47.,-23.6383457139347,3.83437908928983));
#3032=CARTESIAN_POINT('Ctrl Pts',(-47.,-25.0770326920436,3.70051749327082));
#3033=CARTESIAN_POINT('Ctrl Pts',(-47.,-26.7308361669075,3.49075170378238));
#3034=CARTESIAN_POINT('Ctrl Pts',(-47.,-27.6844231036968,3.34044770815568));
#3035=CARTESIAN_POINT('Ctrl Pts',(-47.,-27.9033332234307,3.30420581408965));
#3036=CARTESIAN_POINT('Origin',(-97.,-25.4275750622896,3.64874516679371));
#3037=CARTESIAN_POINT('Origin',(-1.,-25.4275750622896,3.64874516679371));
#3038=CARTESIAN_POINT('Origin',(-97.,-25.4275750622896,3.64874516679371));
#3039=CARTESIAN_POINT('Origin',(-26.,-25.4275750622896,3.64874516679371));
#3040=CARTESIAN_POINT('Origin',(-47.,-25.4275750622896,3.64874516679371));
#3041=CARTESIAN_POINT('Origin',(-97.,-7.9498179611251,4.05415979517058));
#3042=CARTESIAN_POINT('',(-1.,-2.95526661111269,3.84521502740874));
#3043=CARTESIAN_POINT('',(-1.,-7.94981796112509,4.05415979517058));
#3044=CARTESIAN_POINT('',(-1.,-2.95526661111267,3.84521502740875));
#3045=CARTESIAN_POINT('',(-22.,-2.95526661111269,3.84521502740874));
#3046=CARTESIAN_POINT('',(-22.,-7.94981796112509,4.05415979517058));
#3047=CARTESIAN_POINT('Origin',(-97.,14.4920655601286,2.51684030016458));
#3048=CARTESIAN_POINT('',(-1.,16.9750490409604,2.22564786565425));
#3049=CARTESIAN_POINT('',(-22.,16.9750490409604,2.22564786565425));
#3050=CARTESIAN_POINT('',(-1.,11.999125748675,2.70459305372608));
#3051=CARTESIAN_POINT('Origin',(-1.,14.4920655601286,2.51684030016458));
#3052=CARTESIAN_POINT('',(-22.,11.999125748675,2.70459305372608));
#3053=CARTESIAN_POINT('Ctrl Pts',(-26.,-33.1287099897715,-1.90008114914358));
#3054=CARTESIAN_POINT('Ctrl Pts',(-51.2,-33.1287099897715,-1.90008114914358));
#3055=CARTESIAN_POINT('Ctrl Pts',(-26.,-33.3438723638073,-1.80270699970787));
#3056=CARTESIAN_POINT('Ctrl Pts',(-51.2,-33.3438723638073,-1.80270699970787));
#3057=CARTESIAN_POINT('Ctrl Pts',(-26.,-33.766649067759,-1.59119720539583));
#3058=CARTESIAN_POINT('Ctrl Pts',(-51.2,-33.766649067759,-1.59119720539583));
#3059=CARTESIAN_POINT('Ctrl Pts',(-26.,-34.262041703134,-1.26611554914315));
#3060=CARTESIAN_POINT('Ctrl Pts',(-51.2,-34.262041703134,-1.26611554914315));
#3061=CARTESIAN_POINT('Ctrl Pts',(-26.,-34.6125599607177,-0.947562165027662));
#3062=CARTESIAN_POINT('Ctrl Pts',(-51.2,-34.6125599607177,-0.947562165027662));
#3063=CARTESIAN_POINT('Ctrl Pts',(-26.,-34.8372402491777,-0.671313949344491));
#3064=CARTESIAN_POINT('Ctrl Pts',(-51.2,-34.8372402491777,-0.671313949344491));
#3065=CARTESIAN_POINT('Ctrl Pts',(-26.,-34.9977043512674,-0.351187730827467));
#3066=CARTESIAN_POINT('Ctrl Pts',(-51.2,-34.9977043512674,-0.351187730827467));
#3067=CARTESIAN_POINT('Ctrl Pts',(-26.,-35.0567441439064,0.00386934032354096));
#3068=CARTESIAN_POINT('Ctrl Pts',(-51.2,-35.0567441439064,0.00386934032354096));
#3069=CARTESIAN_POINT('Ctrl Pts',(-26.,-34.9977043512664,0.358926411474229));
#3070=CARTESIAN_POINT('Ctrl Pts',(-51.2,-34.9977043512664,0.358926411474229));
#3071=CARTESIAN_POINT('Ctrl Pts',(-26.,-34.8372402491761,0.679052629990955));
#3072=CARTESIAN_POINT('Ctrl Pts',(-51.2,-34.8372402491761,0.679052629990955));
#3073=CARTESIAN_POINT('Ctrl Pts',(-26.,-34.6125599607157,0.95530084567374));
#3074=CARTESIAN_POINT('Ctrl Pts',(-51.2,-34.6125599607157,0.95530084567374));
#3075=CARTESIAN_POINT('Ctrl Pts',(-26.,-34.2620417031316,1.27385422978895));
#3076=CARTESIAN_POINT('Ctrl Pts',(-51.2,-34.2620417031316,1.27385422978895));
#3077=CARTESIAN_POINT('Ctrl Pts',(-26.,-33.7666490677565,1.59893588604124));
#3078=CARTESIAN_POINT('Ctrl Pts',(-51.2,-33.7666490677565,1.59893588604124));
#3079=CARTESIAN_POINT('Ctrl Pts',(-26.,-33.3438723638047,1.81044568035315));
#3080=CARTESIAN_POINT('Ctrl Pts',(-51.2,-33.3438723638047,1.81044568035315));
#3081=CARTESIAN_POINT('Ctrl Pts',(-26.,-33.1287099897688,1.90781982978879));
#3082=CARTESIAN_POINT('Ctrl Pts',(-51.2,-33.1287099897688,1.90781982978879));
#3083=CARTESIAN_POINT('',(-26.,-33.1287109867957,1.90782203245059));
#3084=CARTESIAN_POINT('',(-26.,-33.1287109902356,-1.9000833594051));
#3085=CARTESIAN_POINT('Ctrl Pts',(-26.,-33.1287109867957,1.90782203245059));
#3086=CARTESIAN_POINT('Ctrl Pts',(-26.,-33.1425245233482,1.90156942790308));
#3087=CARTESIAN_POINT('Ctrl Pts',(-26.,-33.3254860162862,1.81819848774457));
#3088=CARTESIAN_POINT('Ctrl Pts',(-26.,-33.6721751755358,1.6457516714005));
#3089=CARTESIAN_POINT('Ctrl Pts',(-26.,-34.1486781649905,1.35416788578589));
#3090=CARTESIAN_POINT('Ctrl Pts',(-26.,-34.5835803223464,1.00214815299177));
#3091=CARTESIAN_POINT('Ctrl Pts',(-26.,-34.8759479066646,0.632862454246766));
#3092=CARTESIAN_POINT('Ctrl Pts',(-26.,-35.013035994948,0.283497091064587));
#3093=CARTESIAN_POINT('Ctrl Pts',(-26.,-35.0490783220638,0.00386934032801602));
#3094=CARTESIAN_POINT('Ctrl Pts',(-26.,-35.0130359949565,-0.275758410444597));
#3095=CARTESIAN_POINT('Ctrl Pts',(-26.,-34.8759479066167,-0.625123773482612));
#3096=CARTESIAN_POINT('Ctrl Pts',(-26.,-34.5835803227346,-0.994409473308977));
#3097=CARTESIAN_POINT('Ctrl Pts',(-26.,-34.148678163573,-1.34642920163344));
#3098=CARTESIAN_POINT('Ctrl Pts',(-26.,-33.6721751808179,-1.63801300382909));
#3099=CARTESIAN_POINT('Ctrl Pts',(-26.,-33.3254860043293,-1.81045977720412));
#3100=CARTESIAN_POINT('Ctrl Pts',(-26.,-33.1425245255438,-1.8938307520832));
#3101=CARTESIAN_POINT('Ctrl Pts',(-26.,-33.1287109902356,-1.9000833594051));
#3102=CARTESIAN_POINT('',(-47.,-33.1287102294783,1.90782103132674));
#3103=CARTESIAN_POINT('',(-26.,-33.1287099897688,1.90781982978879));
#3104=CARTESIAN_POINT('',(-47.,-33.1287109902327,-1.90008335940644));
#3105=CARTESIAN_POINT('Ctrl Pts',(-47.,-33.1287109867901,1.90782203245316));
#3106=CARTESIAN_POINT('Ctrl Pts',(-47.,-33.1425245233444,1.9015694279048));
#3107=CARTESIAN_POINT('Ctrl Pts',(-47.,-33.3254860162843,1.81819848774549));
#3108=CARTESIAN_POINT('Ctrl Pts',(-47.,-33.6721751755358,1.6457516714005));
#3109=CARTESIAN_POINT('Ctrl Pts',(-47.,-34.1486781649905,1.35416788578589));
#3110=CARTESIAN_POINT('Ctrl Pts',(-47.,-34.5835803223464,1.00214815299177));
#3111=CARTESIAN_POINT('Ctrl Pts',(-47.,-34.8759479066646,0.632862454246766));
#3112=CARTESIAN_POINT('Ctrl Pts',(-47.,-35.013035994948,0.283497091064587));
#3113=CARTESIAN_POINT('Ctrl Pts',(-47.,-35.0490783220638,0.00386934032801602));
#3114=CARTESIAN_POINT('Ctrl Pts',(-47.,-35.0130359949565,-0.275758410444597));
#3115=CARTESIAN_POINT('Ctrl Pts',(-47.,-34.8759479066167,-0.625123773482612));
#3116=CARTESIAN_POINT('Ctrl Pts',(-47.,-34.5835803227346,-0.994409473308977));
#3117=CARTESIAN_POINT('Ctrl Pts',(-47.,-34.148678163573,-1.34642920163344));
#3118=CARTESIAN_POINT('Ctrl Pts',(-47.,-33.6721751808179,-1.63801300382909));
#3119=CARTESIAN_POINT('Ctrl Pts',(-47.,-33.3254860043283,-1.8104597772046));
#3120=CARTESIAN_POINT('Ctrl Pts',(-47.,-33.1425245255418,-1.89383075208409));
#3121=CARTESIAN_POINT('Ctrl Pts',(-47.,-33.1287109902327,-1.90008335940644));
#3122=CARTESIAN_POINT('',(-26.,-33.1287099897688,-1.90008114914225));
#3123=CARTESIAN_POINT('Origin',(3.26565713707883,-33.1287099897688,1.90781982978879));
#3124=CARTESIAN_POINT('',(-1.,-33.1287099897688,1.90781982978879));
#3125=CARTESIAN_POINT('',(-1.,-33.1287099897688,1.90781982978879));
#3126=CARTESIAN_POINT('',(-1.,-33.1287102525358,-1.90008230162368));
#3127=CARTESIAN_POINT('',(-1.,-33.1287099897688,-1.90008114914225));
#3128=CARTESIAN_POINT('',(-1.,-33.1287099897688,-1.90008114914225));
#3129=CARTESIAN_POINT('Origin',(-97.,-7.9498179611251,4.05415979517058));
#3130=CARTESIAN_POINT('',(-26.,-2.95526661111269,3.84521502740874));
#3131=CARTESIAN_POINT('',(-26.,-7.94981796112509,4.05415979517058));
#3132=CARTESIAN_POINT('',(-26.,-2.95526661111267,3.84521502740875));
#3133=CARTESIAN_POINT('',(-47.,-2.95526661111269,3.84521502740874));
#3134=CARTESIAN_POINT('',(-47.,-2.95526661111269,3.84521502740874));
#3135=CARTESIAN_POINT('',(-47.,-7.94981796112509,4.05415979517058));
#3136=CARTESIAN_POINT('',(-47.,-2.95526661111267,3.84521502740875));
#3137=CARTESIAN_POINT('',(-47.,-7.94981796112509,4.05415979517058));
#3138=CARTESIAN_POINT('Ctrl Pts',(-1.,-33.1287099897715,-1.90008114914358));
#3139=CARTESIAN_POINT('Ctrl Pts',(-26.2,-33.1287099897715,-1.90008114914358));
#3140=CARTESIAN_POINT('Ctrl Pts',(-1.,-33.3438723638073,-1.80270699970787));
#3141=CARTESIAN_POINT('Ctrl Pts',(-26.2,-33.3438723638073,-1.80270699970787));
#3142=CARTESIAN_POINT('Ctrl Pts',(-1.,-33.766649067759,-1.59119720539583));
#3143=CARTESIAN_POINT('Ctrl Pts',(-26.2,-33.766649067759,-1.59119720539583));
#3144=CARTESIAN_POINT('Ctrl Pts',(-1.,-34.262041703134,-1.26611554914315));
#3145=CARTESIAN_POINT('Ctrl Pts',(-26.2,-34.262041703134,-1.26611554914315));
#3146=CARTESIAN_POINT('Ctrl Pts',(-1.,-34.6125599607177,-0.947562165027662));
#3147=CARTESIAN_POINT('Ctrl Pts',(-26.2,-34.6125599607177,-0.947562165027662));
#3148=CARTESIAN_POINT('Ctrl Pts',(-1.,-34.8372402491777,-0.671313949344491));
#3149=CARTESIAN_POINT('Ctrl Pts',(-26.2,-34.8372402491777,-0.671313949344491));
#3150=CARTESIAN_POINT('Ctrl Pts',(-1.,-34.9977043512674,-0.351187730827467));
#3151=CARTESIAN_POINT('Ctrl Pts',(-26.2,-34.9977043512674,-0.351187730827467));
#3152=CARTESIAN_POINT('Ctrl Pts',(-1.,-35.0567441439064,0.00386934032354096));
#3153=CARTESIAN_POINT('Ctrl Pts',(-26.2,-35.0567441439064,0.00386934032354096));
#3154=CARTESIAN_POINT('Ctrl Pts',(-1.,-34.9977043512664,0.358926411474229));
#3155=CARTESIAN_POINT('Ctrl Pts',(-26.2,-34.9977043512664,0.358926411474229));
#3156=CARTESIAN_POINT('Ctrl Pts',(-1.,-34.8372402491761,0.679052629990955));
#3157=CARTESIAN_POINT('Ctrl Pts',(-26.2,-34.8372402491761,0.679052629990955));
#3158=CARTESIAN_POINT('Ctrl Pts',(-1.,-34.6125599607157,0.95530084567374));
#3159=CARTESIAN_POINT('Ctrl Pts',(-26.2,-34.6125599607157,0.95530084567374));
#3160=CARTESIAN_POINT('Ctrl Pts',(-1.,-34.2620417031316,1.27385422978895));
#3161=CARTESIAN_POINT('Ctrl Pts',(-26.2,-34.2620417031316,1.27385422978895));
#3162=CARTESIAN_POINT('Ctrl Pts',(-1.,-33.7666490677565,1.59893588604124));
#3163=CARTESIAN_POINT('Ctrl Pts',(-26.2,-33.7666490677565,1.59893588604124));
#3164=CARTESIAN_POINT('Ctrl Pts',(-1.,-33.3438723638047,1.81044568035315));
#3165=CARTESIAN_POINT('Ctrl Pts',(-26.2,-33.3438723638047,1.81044568035315));
#3166=CARTESIAN_POINT('Ctrl Pts',(-1.,-33.1287099897688,1.90781982978879));
#3167=CARTESIAN_POINT('Ctrl Pts',(-26.2,-33.1287099897688,1.90781982978879));
#3168=CARTESIAN_POINT('Ctrl Pts',(-22.,-33.1287099897688,1.90781982978879));
#3169=CARTESIAN_POINT('Ctrl Pts',(-22.,-33.2798867413353,1.83940309259582));
#3170=CARTESIAN_POINT('Ctrl Pts',(-22.,-33.5839058236581,1.69158362047795));
#3171=CARTESIAN_POINT('Ctrl Pts',(-22.,-34.0072820970761,1.44522038160915));
#3172=CARTESIAN_POINT('Ctrl Pts',(-22.,-34.3766783153151,1.17626384181994));
#3173=CARTESIAN_POINT('Ctrl Pts',(-22.,-34.6674551366369,0.898193904050717));
#3174=CARTESIAN_POINT('Ctrl Pts',(-22.,-34.8789113446485,0.610222842295089));
#3175=CARTESIAN_POINT('Ctrl Pts',(-22.,-35.0081960038193,0.310943087965122));
#3176=CARTESIAN_POINT('Ctrl Pts',(-22.,-35.0511357869734,0.00386934032199228));
#3177=CARTESIAN_POINT('Ctrl Pts',(-22.,-35.0081960038193,-0.30320440732113));
#3178=CARTESIAN_POINT('Ctrl Pts',(-22.,-34.8789113446484,-0.602484161651113));
#3179=CARTESIAN_POINT('Ctrl Pts',(-22.,-34.6674551366369,-0.890455223406717));
#3180=CARTESIAN_POINT('Ctrl Pts',(-22.,-34.3766783153151,-1.16852516117597));
#3181=CARTESIAN_POINT('Ctrl Pts',(-22.,-34.0072820970761,-1.43748170096515));
#3182=CARTESIAN_POINT('Ctrl Pts',(-22.,-33.5839058236589,-1.68384493983347));
#3183=CARTESIAN_POINT('Ctrl Pts',(-22.,-33.279886741337,-1.83166441195097));
#3184=CARTESIAN_POINT('Ctrl Pts',(-22.,-33.1287099897715,-1.90008114914358));
#3185=CARTESIAN_POINT('Ctrl Pts',(-1.,-33.1287099897715,-1.90008114914358));
#3186=CARTESIAN_POINT('Ctrl Pts',(-1.,-33.279886741337,-1.83166441195097));
#3187=CARTESIAN_POINT('Ctrl Pts',(-1.,-33.5839058236589,-1.68384493983347));
#3188=CARTESIAN_POINT('Ctrl Pts',(-1.,-34.0072820970761,-1.43748170096515));
#3189=CARTESIAN_POINT('Ctrl Pts',(-1.,-34.3766783153151,-1.16852516117597));
#3190=CARTESIAN_POINT('Ctrl Pts',(-1.,-34.6674551366369,-0.890455223406717));
#3191=CARTESIAN_POINT('Ctrl Pts',(-1.,-34.8789113446484,-0.602484161651113));
#3192=CARTESIAN_POINT('Ctrl Pts',(-1.,-35.0081960038193,-0.30320440732113));
#3193=CARTESIAN_POINT('Ctrl Pts',(-1.,-35.0511357869734,0.00386934032199228));
#3194=CARTESIAN_POINT('Ctrl Pts',(-1.,-35.0081960038193,0.310943087965122));
#3195=CARTESIAN_POINT('Ctrl Pts',(-1.,-34.8789113446485,0.610222842295089));
#3196=CARTESIAN_POINT('Ctrl Pts',(-1.,-34.6674551366369,0.898193904050717));
#3197=CARTESIAN_POINT('Ctrl Pts',(-1.,-34.3766783153151,1.17626384181994));
#3198=CARTESIAN_POINT('Ctrl Pts',(-1.,-34.0072820970761,1.44522038160915));
#3199=CARTESIAN_POINT('Ctrl Pts',(-1.,-33.5839058236581,1.69158362047795));
#3200=CARTESIAN_POINT('Ctrl Pts',(-1.,-33.2798867413353,1.83940309259582));
#3201=CARTESIAN_POINT('Ctrl Pts',(-1.,-33.1287099897688,1.90781982978879));
#3202=CARTESIAN_POINT('Origin',(3.26565713707883,-33.1287099897688,1.90781982978879));
#3203=CARTESIAN_POINT('',(-26.,-33.1287099897688,1.90781982978879));
#3204=CARTESIAN_POINT('',(-47.,-33.1287099897688,1.90781982978879));
#3205=CARTESIAN_POINT('Origin',(-97.,-5.45037051026508,4.00160087214715));
#3206=CARTESIAN_POINT('Origin',(-1.,-5.45037051026508,4.00160087214715));
#3207=CARTESIAN_POINT('Origin',(-97.,11.999125748675,2.70459305372608));
#3208=CARTESIAN_POINT('',(-1.,16.9750490409604,2.22564786565425));
#3209=CARTESIAN_POINT('Origin',(-101.562270683483,7.76783998483635,0.));
#3210=CARTESIAN_POINT('',(-1.,7.76783998483635,1.61300626894953));
#3211=CARTESIAN_POINT('Origin',(-1.,7.76783998483635,0.));
#3212=CARTESIAN_POINT('',(-101.562270683483,7.76783998483635,1.61300626894953));
#3213=CARTESIAN_POINT('Origin',(-101.,-7.91867182920211,0.));
#3214=CARTESIAN_POINT('',(-51.,-7.91867182920211,0.769094517692257));
#3215=CARTESIAN_POINT('Origin',(-51.,-7.91867182920211,0.));
#3216=CARTESIAN_POINT('',(-47.,-7.91867182920211,0.769094517692257));
#3217=CARTESIAN_POINT('',(-101.,-7.91867182920211,0.769094517692257));
#3218=CARTESIAN_POINT('Origin',(-47.,-7.91867182920211,0.));
#3219=CARTESIAN_POINT('Origin',(-101.,-7.91867182920211,0.));
#3220=CARTESIAN_POINT('',(-26.,-7.91867182920211,0.769094517692257));
#3221=CARTESIAN_POINT('Origin',(-26.,-7.91867182920211,0.));
#3222=CARTESIAN_POINT('',(-101.,-7.91867182920211,0.769094517692257));
#3223=CARTESIAN_POINT('Origin',(-101.562270683483,7.76783998483635,0.));
#3224=CARTESIAN_POINT('',(-26.,7.76783998483635,1.61300626894953));
#3225=CARTESIAN_POINT('Origin',(-26.,7.76783998483635,0.));
#3226=CARTESIAN_POINT('',(-47.,7.76783998483635,1.61300626894953));
#3227=CARTESIAN_POINT('',(-101.562270683483,7.76783998483635,1.61300626894953));
#3228=CARTESIAN_POINT('Origin',(-47.,7.76783998483635,0.));
#3229=CARTESIAN_POINT('Origin',(-107.348120175443,34.9629357869734,0.00386934032199311));
#3230=CARTESIAN_POINT('',(-1.,25.157202872678,-1.3507992275281));
#3231=CARTESIAN_POINT('',(-22.,25.1572096991332,-1.35085666072496));
#3232=CARTESIAN_POINT('',(-1.,25.1572295156847,1.35872908811571));
#3233=CARTESIAN_POINT('Origin',(-1.,34.9629357869734,0.00386934032199311));
#3234=CARTESIAN_POINT('',(-22.,25.1572345624091,1.35877529364814));
#3235=CARTESIAN_POINT('Origin',(-97.,-2.47500027912689,-3.80073025114983));
#3236=CARTESIAN_POINT('',(-1.,-7.46820028140699,-4.03980103798072));
#3237=CARTESIAN_POINT('',(-1.,-2.4750002791269,-3.80073025114983));
#3238=CARTESIAN_POINT('',(-1.,-7.46820028140699,-4.03980103798072));
#3239=CARTESIAN_POINT('',(-22.,-7.46820028140699,-4.03980103798072));
#3240=CARTESIAN_POINT('',(-22.,-2.4750002791269,-3.80073025114983));
#3241=CARTESIAN_POINT('Origin',(-97.,-4.96911537400319,-3.97216505948896));
#3242=CARTESIAN_POINT('',(-47.,-7.46820028140699,-4.03980103798072));
#3243=CARTESIAN_POINT('',(-26.,-7.46820028140699,-4.03980103798072));
#3244=CARTESIAN_POINT('',(-47.,-7.46820028140699,-4.03980103798072));
#3245=CARTESIAN_POINT('',(-26.,-2.4750002791269,-3.80073025114983));
#3246=CARTESIAN_POINT('Origin',(-26.,-4.96911537400319,-3.97216505948896));
#3247=CARTESIAN_POINT('',(-47.,-2.4750002791269,-3.80073025114983));
#3248=CARTESIAN_POINT('',(-47.,-2.4750002791269,-3.80073025114983));
#3249=CARTESIAN_POINT('Origin',(-47.,-4.96911537400319,-3.97216505948896));
#3250=CARTESIAN_POINT('Origin',(-97.,-2.47500027912689,-3.80073025114983));
#3251=CARTESIAN_POINT('',(-26.,-7.46820028140699,-4.03980103798072));
#3252=CARTESIAN_POINT('',(-47.,-7.468200281407,-4.03980103798072));
#3253=CARTESIAN_POINT('Origin',(-97.,-4.96911537400319,-3.97216505948896));
#3254=CARTESIAN_POINT('Origin',(-1.,-4.96911537400319,-3.97216505948896));
#3255=CARTESIAN_POINT('Origin',(-97.,-23.4558603583624,-3.83944480586881));
#3256=CARTESIAN_POINT('',(-47.,-25.9420876712621,-3.57738803989715));
#3257=CARTESIAN_POINT('',(-26.,-25.9420876712621,-3.57738803989715));
#3258=CARTESIAN_POINT('',(-47.,-25.9420876712621,-3.57738803989715));
#3259=CARTESIAN_POINT('',(-26.,-20.9608903407287,-3.99795225398575));
#3260=CARTESIAN_POINT('Origin',(-26.,-23.4558603583624,-3.83944480586881));
#3261=CARTESIAN_POINT('',(-47.,-20.9608903407287,-3.99795225398575));
#3262=CARTESIAN_POINT('',(-47.,-20.9608903407287,-3.99795225398575));
#3263=CARTESIAN_POINT('Origin',(-47.,-23.4558603583624,-3.83944480586881));
#3264=CARTESIAN_POINT('Origin',(-97.,-23.4558603583624,-3.83944480586881));
#3265=CARTESIAN_POINT('',(-1.,-25.9420876712621,-3.57738803989715));
#3266=CARTESIAN_POINT('',(-22.,-25.9420876712621,-3.57738803989715));
#3267=CARTESIAN_POINT('',(-1.,-20.9608903407287,-3.99795225398575));
#3268=CARTESIAN_POINT('Origin',(-1.,-23.4558603583624,-3.83944480586881));
#3269=CARTESIAN_POINT('',(-22.,-20.9608903407287,-3.99795225398575));
#3270=CARTESIAN_POINT('Origin',(-97.,-20.9608903407287,-3.99795225398575));
#3271=CARTESIAN_POINT('',(-26.,-25.9420876712621,-3.57738803989715));
#3272=CARTESIAN_POINT('',(-47.,-25.9420876712621,-3.57738803989715));
#3273=CARTESIAN_POINT('Origin',(-97.,-20.9608903407287,-3.99795225398575));
#3274=CARTESIAN_POINT('',(-1.,-25.9420876712621,-3.57738803989715));
#3275=CARTESIAN_POINT('Origin',(-97.,15.4635128458418,-2.3612522559255));
#3276=CARTESIAN_POINT('',(-51.,10.4881577239684,-2.84606409069663));
#3277=CARTESIAN_POINT('',(-51.,15.4635128458418,-2.3612522559255));
#3278=CARTESIAN_POINT('',(-51.,10.4881577239684,-2.84606409069663));
#3279=CARTESIAN_POINT('',(-71.,10.4881577239684,-2.84606409069663));
#3280=CARTESIAN_POINT('',(-71.,10.4881577239684,-2.84606409069663));
#3281=CARTESIAN_POINT('',(-71.,15.4635128458418,-2.3612522559255));
#3282=CARTESIAN_POINT('',(-71.,10.4881577239684,-2.84606409069663));
#3283=CARTESIAN_POINT('',(-71.,15.4635128458418,-2.3612522559255));
#3284=CARTESIAN_POINT('Origin',(-97.,12.9808744282523,-2.65537210821151));
#3285=CARTESIAN_POINT('',(-47.,10.4881577239684,-2.84606409069663));
#3286=CARTESIAN_POINT('',(-26.,10.4881577239684,-2.84606409069663));
#3287=CARTESIAN_POINT('',(-47.,10.4881577239684,-2.84606409069663));
#3288=CARTESIAN_POINT('',(-26.,15.4635128458418,-2.3612522559255));
#3289=CARTESIAN_POINT('Origin',(-26.,12.9808744282523,-2.65537210821151));
#3290=CARTESIAN_POINT('',(-47.,15.4635128458418,-2.3612522559255));
#3291=CARTESIAN_POINT('',(-47.,15.4635128458418,-2.3612522559255));
#3292=CARTESIAN_POINT('Origin',(-47.,12.9808744282523,-2.65537210821151));
#3293=CARTESIAN_POINT('Origin',(-97.,15.4635128458418,-2.3612522559255));
#3294=CARTESIAN_POINT('',(-26.,10.4881577239684,-2.84606409069663));
#3295=CARTESIAN_POINT('',(-47.,10.4881577239684,-2.84606409069663));
#3296=CARTESIAN_POINT('Origin',(-97.,15.4635128458418,-2.3612522559255));
#3297=CARTESIAN_POINT('',(-1.,10.4881577239684,-2.84606409069663));
#3298=CARTESIAN_POINT('Origin',(-102.,-35.0370642130266,0.00386934032200942));
#3299=CARTESIAN_POINT('',(-102.,34.9629357869734,-0.0843306596780069));
#3300=CARTESIAN_POINT('',(-102.,34.9629357869734,0.0920693403219931));
#3301=CARTESIAN_POINT('Ctrl Pts',(-102.,34.9629357869734,-0.0843306596780069));
#3302=CARTESIAN_POINT('Ctrl Pts',(-102.,32.0180646600673,-0.497970620298721));
#3303=CARTESIAN_POINT('Ctrl Pts',(-102.,26.1193830933549,-1.2609900245685));
#3304=CARTESIAN_POINT('Ctrl Pts',(-102.,18.7309752683195,-2.08931128303993));
#3305=CARTESIAN_POINT('Ctrl Pts',(-102.,12.8125664629163,-2.6780455406531));
#3306=CARTESIAN_POINT('Ctrl Pts',(-102.,8.36999327774322,-3.08002075562269));
#3307=CARTESIAN_POINT('Ctrl Pts',(-102.,3.92360781105076,-3.43743897397122));
#3308=CARTESIAN_POINT('Ctrl Pts',(-102.,-0.526696999564213,-3.74305138385577));
#3309=CARTESIAN_POINT('Ctrl Pts',(-102.,-4.98087053636191,-3.98557102213438));
#3310=CARTESIAN_POINT('Ctrl Pts',(-102.,-9.43876197304748,-4.15105361221425));
#3311=CARTESIAN_POINT('Ctrl Pts',(-102.,-13.1558351285057,-4.20718216930068));
#3312=CARTESIAN_POINT('Ctrl Pts',(-102.,-16.1296745593701,-4.18888347150305));
#3313=CARTESIAN_POINT('Ctrl Pts',(-102.,-18.3595047815362,-4.13841784673845));
#3314=CARTESIAN_POINT('Ctrl Pts',(-102.,-20.5881375627801,-4.04598956412722));
#3315=CARTESIAN_POINT('Ctrl Pts',(-102.,-22.8139806015819,-3.90249591113617));
#3316=CARTESIAN_POINT('Ctrl Pts',(-102.,-25.0352174210516,-3.69805502555781));
#3317=CARTESIAN_POINT('Ctrl Pts',(-102.,-26.8794336213348,-3.46406269851517));
#3318=CARTESIAN_POINT('Ctrl Pts',(-102.,-28.3473772893148,-3.22601236223712));
#3319=CARTESIAN_POINT('Ctrl Pts',(-102.,-29.4427841192324,-3.01647091325338));
#3320=CARTESIAN_POINT('Ctrl Pts',(-102.,-30.530607855454,-2.76981286875108));
#3321=CARTESIAN_POINT('Ctrl Pts',(-102.,-31.6065003085643,-2.47500010058599));
#3322=CARTESIAN_POINT('Ctrl Pts',(-102.,-32.4869944176185,-2.17531287038508));
#3323=CARTESIAN_POINT('Ctrl Pts',(-102.,-33.1725188054497,-1.88654724017647));
#3324=CARTESIAN_POINT('Ctrl Pts',(-102.,-33.6721751808179,-1.63801300382909));
#3325=CARTESIAN_POINT('Ctrl Pts',(-102.,-34.148678163573,-1.34642920163344));
#3326=CARTESIAN_POINT('Ctrl Pts',(-102.,-34.5835803227346,-0.994409473308977));
#3327=CARTESIAN_POINT('Ctrl Pts',(-102.,-34.8759479066167,-0.625123773482612));
#3328=CARTESIAN_POINT('Ctrl Pts',(-102.,-35.0130359949565,-0.275758410444597));
#3329=CARTESIAN_POINT('Ctrl Pts',(-102.,-35.0490783220638,0.00386934032801602));
#3330=CARTESIAN_POINT('Ctrl Pts',(-102.,-35.013035994948,0.283497091064587));
#3331=CARTESIAN_POINT('Ctrl Pts',(-102.,-34.8759479066646,0.632862454246766));
#3332=CARTESIAN_POINT('Ctrl Pts',(-102.,-34.5835803223464,1.00214815299177));
#3333=CARTESIAN_POINT('Ctrl Pts',(-102.,-34.1486781649905,1.35416788578589));
#3334=CARTESIAN_POINT('Ctrl Pts',(-102.,-33.6721751755358,1.6457516714005));
#3335=CARTESIAN_POINT('Ctrl Pts',(-102.,-33.1725188251606,1.8942859696024));
#3336=CARTESIAN_POINT('Ctrl Pts',(-102.,-32.4869943129665,2.1830512920282));
#3337=CARTESIAN_POINT('Ctrl Pts',(-102.,-31.6065011518776,2.48274086832822));
#3338=CARTESIAN_POINT('Ctrl Pts',(-102.,-30.5306047764457,2.77754392922285));
#3339=CARTESIAN_POINT('Ctrl Pts',(-102.,-29.4427955919519,3.02423798748803));
#3340=CARTESIAN_POINT('Ctrl Pts',(-102.,-28.3472765965364,3.23349639867194));
#3341=CARTESIAN_POINT('Ctrl Pts',(-102.,-26.8795144787894,3.47189358433484));
#3342=CARTESIAN_POINT('Ctrl Pts',(-102.,-25.0352129398373,3.70582184380044));
#3343=CARTESIAN_POINT('Ctrl Pts',(-102.,-22.8140030862095,3.91031098706807));
#3344=CARTESIAN_POINT('Ctrl Pts',(-102.,-20.5880559861199,4.05341757950872));
#3345=CARTESIAN_POINT('Ctrl Pts',(-102.,-18.3595168557793,4.1462289355656));
#3346=CARTESIAN_POINT('Ctrl Pts',(-102.,-16.1296953174393,4.19672279343607));
#3347=CARTESIAN_POINT('Ctrl Pts',(-102.,-13.155824670649,4.21486884210763));
#3348=CARTESIAN_POINT('Ctrl Pts',(-102.,-9.4387262244192,4.15867492203629));
#3349=CARTESIAN_POINT('Ctrl Pts',(-102.,-4.98089224935204,3.99348963525551));
#3350=CARTESIAN_POINT('Ctrl Pts',(-102.,-0.526686450759213,3.75078730235609));
#3351=CARTESIAN_POINT('Ctrl Pts',(-102.,3.92359906578657,3.4451251227191));
#3352=CARTESIAN_POINT('Ctrl Pts',(-102.,8.36999524905401,3.08785677072706));
#3353=CARTESIAN_POINT('Ctrl Pts',(-102.,12.812574055436,2.68592183309995));
#3354=CARTESIAN_POINT('Ctrl Pts',(-102.,18.7309669615001,2.09697997575572));
#3355=CARTESIAN_POINT('Ctrl Pts',(-102.,26.1194482087933,1.26910824731377));
#3356=CARTESIAN_POINT('Ctrl Pts',(-102.,32.018064660065,0.505709300942899));
#3357=CARTESIAN_POINT('Ctrl Pts',(-102.,34.9629357869734,0.0920693403219931));
#3358=CARTESIAN_POINT('Origin',(-102.,34.9629357869734,0.00386934032199311));
#3359=CARTESIAN_POINT('Origin',(-1.,-35.0370642130266,0.00386934032200899));
#3360=CARTESIAN_POINT('Ctrl Pts',(-1.,-33.128710776784,-1.90008345602259));
#3361=CARTESIAN_POINT('Ctrl Pts',(-1.,-32.9731694935334,-1.97048820598657));
#3362=CARTESIAN_POINT('Ctrl Pts',(-1.,-32.4726307352204,-2.18020173011632));
#3363=CARTESIAN_POINT('Ctrl Pts',(-1.,-31.6065003085643,-2.47500010058599));
#3364=CARTESIAN_POINT('Ctrl Pts',(-1.,-30.530607855454,-2.76981286875108));
#3365=CARTESIAN_POINT('Ctrl Pts',(-1.,-29.4427841192324,-3.01647091325338));
#3366=CARTESIAN_POINT('Ctrl Pts',(-1.,-28.3473772893148,-3.22601236223712));
#3367=CARTESIAN_POINT('Ctrl Pts',(-1.,-26.8794336213348,-3.46406269851517));
#3368=CARTESIAN_POINT('Ctrl Pts',(-1.,-25.0352174210516,-3.69805502555781));
#3369=CARTESIAN_POINT('Ctrl Pts',(-1.,-22.8139806015819,-3.90249591113617));
#3370=CARTESIAN_POINT('Ctrl Pts',(-1.,-20.5881375627801,-4.04598956412722));
#3371=CARTESIAN_POINT('Ctrl Pts',(-1.,-18.3595047815362,-4.13841784673845));
#3372=CARTESIAN_POINT('Ctrl Pts',(-1.,-16.1296745593701,-4.18888347150305));
#3373=CARTESIAN_POINT('Ctrl Pts',(-1.,-13.1558351285057,-4.20718216930068));
#3374=CARTESIAN_POINT('Ctrl Pts',(-1.,-9.43876197304748,-4.15105361221425));
#3375=CARTESIAN_POINT('Ctrl Pts',(-1.,-4.98087053636191,-3.98557102213438));
#3376=CARTESIAN_POINT('Ctrl Pts',(-1.,-0.526696999564213,-3.74305138385577));
#3377=CARTESIAN_POINT('Ctrl Pts',(-1.,3.92360781105076,-3.43743897397122));
#3378=CARTESIAN_POINT('Ctrl Pts',(-1.,8.36999327774322,-3.08002075562269));
#3379=CARTESIAN_POINT('Ctrl Pts',(-1.,12.8125664629163,-2.6780455406531));
#3380=CARTESIAN_POINT('Ctrl Pts',(-1.,18.4105452782786,-2.12118608562733));
#3381=CARTESIAN_POINT('Ctrl Pts',(-1.,22.5239618421284,-1.66378375460752));
#3382=CARTESIAN_POINT('Ctrl Pts',(-1.,25.1572026022979,-1.35079925966519));
#3383=CARTESIAN_POINT('Ctrl Pts',(-1.,-27.90371050604,3.30414335094986));
#3384=CARTESIAN_POINT('Ctrl Pts',(-1.,-28.0514040031795,3.27969045085367));
#3385=CARTESIAN_POINT('Ctrl Pts',(-1.,-28.5653827719287,3.19183527556683));
#3386=CARTESIAN_POINT('Ctrl Pts',(-1.,-29.4427955919519,3.02423798748803));
#3387=CARTESIAN_POINT('Ctrl Pts',(-1.,-30.5306047764457,2.77754392922285));
#3388=CARTESIAN_POINT('Ctrl Pts',(-1.,-31.6065011518776,2.48274086832822));
#3389=CARTESIAN_POINT('Ctrl Pts',(-1.,-32.4726306461784,2.1879401899823));
#3390=CARTESIAN_POINT('Ctrl Pts',(-1.,-32.9731694778546,1.97822684700693));
#3391=CARTESIAN_POINT('Ctrl Pts',(-1.,-33.1287107740765,1.90782212873655));
#3392=CARTESIAN_POINT('Ctrl Pts',(-1.,25.1572288618969,1.35872916159165));
#3393=CARTESIAN_POINT('Ctrl Pts',(-1.,22.5239865875036,1.67168598949964));
#3394=CARTESIAN_POINT('Ctrl Pts',(-1.,18.4105353630271,2.12886626376527));
#3395=CARTESIAN_POINT('Ctrl Pts',(-1.,12.812574055436,2.68592183309995));
#3396=CARTESIAN_POINT('Ctrl Pts',(-1.,8.36999524905401,3.08785677072706));
#3397=CARTESIAN_POINT('Ctrl Pts',(-1.,3.92359906578657,3.4451251227191));
#3398=CARTESIAN_POINT('Ctrl Pts',(-1.,-0.526686450759213,3.75078730235609));
#3399=CARTESIAN_POINT('Ctrl Pts',(-1.,-4.98089224935204,3.99348963525551));
#3400=CARTESIAN_POINT('Ctrl Pts',(-1.,-9.4387262244192,4.15867492203629));
#3401=CARTESIAN_POINT('Ctrl Pts',(-1.,-13.155824670649,4.21486884210763));
#3402=CARTESIAN_POINT('Ctrl Pts',(-1.,-16.1296953174393,4.19672279343607));
#3403=CARTESIAN_POINT('Ctrl Pts',(-1.,-18.3595168557793,4.1462289355656));
#3404=CARTESIAN_POINT('Ctrl Pts',(-1.,-20.5880559861199,4.05341757950872));
#3405=CARTESIAN_POINT('Ctrl Pts',(-1.,-22.1140820609766,3.95530905233863));
#3406=CARTESIAN_POINT('Ctrl Pts',(-1.,-22.8972441761858,3.89347954157392));
#3407=CARTESIAN_POINT('Ctrl Pts',(-1.,-22.939255585402,3.89012926747611));
#3408=CARTESIAN_POINT('',(-1.,-16.631784356308,2.00312284828911));
#3409=CARTESIAN_POINT('Origin',(-1.,-16.631784356308,0.00312284828911163));
#3410=CARTESIAN_POINT('Ctrl Pts',(-1.,34.9629357869734,0.0920693403219931));
#3411=CARTESIAN_POINT('Ctrl Pts',(3.8,34.9629357869734,0.0920693403219931));
#3412=CARTESIAN_POINT('Ctrl Pts',(-1.,32.018064660065,0.505709300942899));
#3413=CARTESIAN_POINT('Ctrl Pts',(3.8,32.018064660065,0.505709300942899));
#3414=CARTESIAN_POINT('Ctrl Pts',(-1.,26.1194482087933,1.26910824731377));
#3415=CARTESIAN_POINT('Ctrl Pts',(3.8,26.1194482087933,1.26910824731377));
#3416=CARTESIAN_POINT('Ctrl Pts',(-1.,18.7309669615001,2.09697997575572));
#3417=CARTESIAN_POINT('Ctrl Pts',(3.8,18.7309669615001,2.09697997575572));
#3418=CARTESIAN_POINT('Ctrl Pts',(-1.,12.812574055436,2.68592183309995));
#3419=CARTESIAN_POINT('Ctrl Pts',(3.8,12.812574055436,2.68592183309995));
#3420=CARTESIAN_POINT('Ctrl Pts',(-1.,8.36999524905401,3.08785677072706));
#3421=CARTESIAN_POINT('Ctrl Pts',(3.8,8.36999524905401,3.08785677072706));
#3422=CARTESIAN_POINT('Ctrl Pts',(-1.,3.92359906578657,3.4451251227191));
#3423=CARTESIAN_POINT('Ctrl Pts',(3.8,3.92359906578657,3.4451251227191));
#3424=CARTESIAN_POINT('Ctrl Pts',(-1.,-0.526686450759213,3.75078730235609));
#3425=CARTESIAN_POINT('Ctrl Pts',(3.8,-0.526686450759213,3.75078730235609));
#3426=CARTESIAN_POINT('Ctrl Pts',(-1.,-4.98089224935204,3.99348963525551));
#3427=CARTESIAN_POINT('Ctrl Pts',(3.8,-4.98089224935204,3.99348963525551));
#3428=CARTESIAN_POINT('Ctrl Pts',(-1.,-9.4387262244192,4.15867492203629));
#3429=CARTESIAN_POINT('Ctrl Pts',(3.8,-9.4387262244192,4.15867492203629));
#3430=CARTESIAN_POINT('Ctrl Pts',(-1.,-13.155824670649,4.21486884210763));
#3431=CARTESIAN_POINT('Ctrl Pts',(3.8,-13.155824670649,4.21486884210763));
#3432=CARTESIAN_POINT('Ctrl Pts',(-1.,-16.1296953174393,4.19672279343607));
#3433=CARTESIAN_POINT('Ctrl Pts',(3.8,-16.1296953174393,4.19672279343607));
#3434=CARTESIAN_POINT('Ctrl Pts',(-1.,-18.3595168557793,4.1462289355656));
#3435=CARTESIAN_POINT('Ctrl Pts',(3.8,-18.3595168557793,4.1462289355656));
#3436=CARTESIAN_POINT('Ctrl Pts',(-1.,-20.5880559861199,4.05341757950872));
#3437=CARTESIAN_POINT('Ctrl Pts',(3.8,-20.5880559861199,4.05341757950872));
#3438=CARTESIAN_POINT('Ctrl Pts',(-1.,-22.8140030862095,3.91031098706807));
#3439=CARTESIAN_POINT('Ctrl Pts',(3.8,-22.8140030862095,3.91031098706807));
#3440=CARTESIAN_POINT('Ctrl Pts',(-1.,-25.0352129398373,3.70582184380044));
#3441=CARTESIAN_POINT('Ctrl Pts',(3.8,-25.0352129398373,3.70582184380044));
#3442=CARTESIAN_POINT('Ctrl Pts',(-1.,-26.8795144787894,3.47189358433484));
#3443=CARTESIAN_POINT('Ctrl Pts',(3.8,-26.8795144787894,3.47189358433484));
#3444=CARTESIAN_POINT('Ctrl Pts',(-1.,-28.3472765965364,3.23349639867194));
#3445=CARTESIAN_POINT('Ctrl Pts',(3.8,-28.3472765965364,3.23349639867194));
#3446=CARTESIAN_POINT('Ctrl Pts',(-1.,-29.4427955919519,3.02423798748803));
#3447=CARTESIAN_POINT('Ctrl Pts',(3.8,-29.4427955919519,3.02423798748803));
#3448=CARTESIAN_POINT('Ctrl Pts',(-1.,-30.5306047764457,2.77754392922285));
#3449=CARTESIAN_POINT('Ctrl Pts',(3.8,-30.5306047764457,2.77754392922285));
#3450=CARTESIAN_POINT('Ctrl Pts',(-1.,-31.6065011518776,2.48274086832822));
#3451=CARTESIAN_POINT('Ctrl Pts',(3.8,-31.6065011518776,2.48274086832822));
#3452=CARTESIAN_POINT('Ctrl Pts',(-1.,-32.4869943129665,2.1830512920282));
#3453=CARTESIAN_POINT('Ctrl Pts',(3.8,-32.4869943129665,2.1830512920282));
#3454=CARTESIAN_POINT('Ctrl Pts',(-1.,-33.1725188251606,1.8942859696024));
#3455=CARTESIAN_POINT('Ctrl Pts',(3.8,-33.1725188251606,1.8942859696024));
#3456=CARTESIAN_POINT('Ctrl Pts',(-1.,-33.6721751755358,1.6457516714005));
#3457=CARTESIAN_POINT('Ctrl Pts',(3.8,-33.6721751755358,1.6457516714005));
#3458=CARTESIAN_POINT('Ctrl Pts',(-1.,-34.1486781649905,1.35416788578589));
#3459=CARTESIAN_POINT('Ctrl Pts',(3.8,-34.1486781649905,1.35416788578589));
#3460=CARTESIAN_POINT('Ctrl Pts',(-1.,-34.5835803223464,1.00214815299177));
#3461=CARTESIAN_POINT('Ctrl Pts',(3.8,-34.5835803223464,1.00214815299177));
#3462=CARTESIAN_POINT('Ctrl Pts',(-1.,-34.8759479066646,0.632862454246766));
#3463=CARTESIAN_POINT('Ctrl Pts',(3.8,-34.8759479066646,0.632862454246766));
#3464=CARTESIAN_POINT('Ctrl Pts',(-1.,-35.013035994948,0.283497091064587));
#3465=CARTESIAN_POINT('Ctrl Pts',(3.8,-35.013035994948,0.283497091064587));
#3466=CARTESIAN_POINT('Ctrl Pts',(-1.,-35.0490783220638,0.00386934032801602));
#3467=CARTESIAN_POINT('Ctrl Pts',(3.8,-35.0490783220638,0.00386934032801602));
#3468=CARTESIAN_POINT('Ctrl Pts',(-1.,-35.0130359949565,-0.275758410444597));
#3469=CARTESIAN_POINT('Ctrl Pts',(3.8,-35.0130359949565,-0.275758410444597));
#3470=CARTESIAN_POINT('Ctrl Pts',(-1.,-34.8759479066167,-0.625123773482612));
#3471=CARTESIAN_POINT('Ctrl Pts',(3.8,-34.8759479066167,-0.625123773482612));
#3472=CARTESIAN_POINT('Ctrl Pts',(-1.,-34.5835803227346,-0.994409473308977));
#3473=CARTESIAN_POINT('Ctrl Pts',(3.8,-34.5835803227346,-0.994409473308977));
#3474=CARTESIAN_POINT('Ctrl Pts',(-1.,-34.148678163573,-1.34642920163344));
#3475=CARTESIAN_POINT('Ctrl Pts',(3.8,-34.148678163573,-1.34642920163344));
#3476=CARTESIAN_POINT('Ctrl Pts',(-1.,-33.6721751808179,-1.63801300382909));
#3477=CARTESIAN_POINT('Ctrl Pts',(3.8,-33.6721751808179,-1.63801300382909));
#3478=CARTESIAN_POINT('Ctrl Pts',(-1.,-33.1725188054497,-1.88654724017647));
#3479=CARTESIAN_POINT('Ctrl Pts',(3.8,-33.1725188054497,-1.88654724017647));
#3480=CARTESIAN_POINT('Ctrl Pts',(-1.,-32.4869944176185,-2.17531287038508));
#3481=CARTESIAN_POINT('Ctrl Pts',(3.8,-32.4869944176185,-2.17531287038508));
#3482=CARTESIAN_POINT('Ctrl Pts',(-1.,-31.6065003085643,-2.47500010058599));
#3483=CARTESIAN_POINT('Ctrl Pts',(3.8,-31.6065003085643,-2.47500010058599));
#3484=CARTESIAN_POINT('Ctrl Pts',(-1.,-30.530607855454,-2.76981286875108));
#3485=CARTESIAN_POINT('Ctrl Pts',(3.8,-30.530607855454,-2.76981286875108));
#3486=CARTESIAN_POINT('Ctrl Pts',(-1.,-29.4427841192324,-3.01647091325338));
#3487=CARTESIAN_POINT('Ctrl Pts',(3.8,-29.4427841192324,-3.01647091325338));
#3488=CARTESIAN_POINT('Ctrl Pts',(-1.,-28.3473772893148,-3.22601236223712));
#3489=CARTESIAN_POINT('Ctrl Pts',(3.8,-28.3473772893148,-3.22601236223712));
#3490=CARTESIAN_POINT('Ctrl Pts',(-1.,-26.8794336213348,-3.46406269851517));
#3491=CARTESIAN_POINT('Ctrl Pts',(3.8,-26.8794336213348,-3.46406269851517));
#3492=CARTESIAN_POINT('Ctrl Pts',(-1.,-25.0352174210516,-3.69805502555781));
#3493=CARTESIAN_POINT('Ctrl Pts',(3.8,-25.0352174210516,-3.69805502555781));
#3494=CARTESIAN_POINT('Ctrl Pts',(-1.,-22.8139806015819,-3.90249591113617));
#3495=CARTESIAN_POINT('Ctrl Pts',(3.8,-22.8139806015819,-3.90249591113617));
#3496=CARTESIAN_POINT('Ctrl Pts',(-1.,-20.5881375627801,-4.04598956412722));
#3497=CARTESIAN_POINT('Ctrl Pts',(3.8,-20.5881375627801,-4.04598956412722));
#3498=CARTESIAN_POINT('Ctrl Pts',(-1.,-18.3595047815362,-4.13841784673845));
#3499=CARTESIAN_POINT('Ctrl Pts',(3.8,-18.3595047815362,-4.13841784673845));
#3500=CARTESIAN_POINT('Ctrl Pts',(-1.,-16.1296745593701,-4.18888347150305));
#3501=CARTESIAN_POINT('Ctrl Pts',(3.8,-16.1296745593701,-4.18888347150305));
#3502=CARTESIAN_POINT('Ctrl Pts',(-1.,-13.1558351285057,-4.20718216930068));
#3503=CARTESIAN_POINT('Ctrl Pts',(3.8,-13.1558351285057,-4.20718216930068));
#3504=CARTESIAN_POINT('Ctrl Pts',(-1.,-9.43876197304748,-4.15105361221425));
#3505=CARTESIAN_POINT('Ctrl Pts',(3.8,-9.43876197304748,-4.15105361221425));
#3506=CARTESIAN_POINT('Ctrl Pts',(-1.,-4.98087053636191,-3.98557102213438));
#3507=CARTESIAN_POINT('Ctrl Pts',(3.8,-4.98087053636191,-3.98557102213438));
#3508=CARTESIAN_POINT('Ctrl Pts',(-1.,-0.526696999564213,-3.74305138385577));
#3509=CARTESIAN_POINT('Ctrl Pts',(3.8,-0.526696999564213,-3.74305138385577));
#3510=CARTESIAN_POINT('Ctrl Pts',(-1.,3.92360781105076,-3.43743897397122));
#3511=CARTESIAN_POINT('Ctrl Pts',(3.8,3.92360781105076,-3.43743897397122));
#3512=CARTESIAN_POINT('Ctrl Pts',(-1.,8.36999327774322,-3.08002075562269));
#3513=CARTESIAN_POINT('Ctrl Pts',(3.8,8.36999327774322,-3.08002075562269));
#3514=CARTESIAN_POINT('Ctrl Pts',(-1.,12.8125664629163,-2.6780455406531));
#3515=CARTESIAN_POINT('Ctrl Pts',(3.8,12.8125664629163,-2.6780455406531));
#3516=CARTESIAN_POINT('Ctrl Pts',(-1.,18.7309752683195,-2.08931128303993));
#3517=CARTESIAN_POINT('Ctrl Pts',(3.8,18.7309752683195,-2.08931128303993));
#3518=CARTESIAN_POINT('Ctrl Pts',(-1.,26.1193830933549,-1.2609900245685));
#3519=CARTESIAN_POINT('Ctrl Pts',(3.8,26.1193830933549,-1.2609900245685));
#3520=CARTESIAN_POINT('Ctrl Pts',(-1.,32.0180646600673,-0.497970620298721));
#3521=CARTESIAN_POINT('Ctrl Pts',(3.8,32.0180646600673,-0.497970620298721));
#3522=CARTESIAN_POINT('Ctrl Pts',(-1.,34.9629357869734,-0.0843306596780069));
#3523=CARTESIAN_POINT('Ctrl Pts',(3.8,34.9629357869734,-0.0843306596780069));
#3524=CARTESIAN_POINT('',(-1.,34.9629357869734,-0.0843306596780069));
#3525=CARTESIAN_POINT('',(3.,34.9629357869734,-0.0843306596780069));
#3526=CARTESIAN_POINT('',(-1.,34.9629357869734,-0.0843306596780069));
#3527=CARTESIAN_POINT('',(3.,34.9629357869734,0.0920693403219931));
#3528=CARTESIAN_POINT('Ctrl Pts',(3.,34.9629357869734,0.0920693403219931));
#3529=CARTESIAN_POINT('Ctrl Pts',(3.,32.018064660065,0.505709300942899));
#3530=CARTESIAN_POINT('Ctrl Pts',(3.,26.1194482087933,1.26910824731377));
#3531=CARTESIAN_POINT('Ctrl Pts',(3.,18.7309669615001,2.09697997575572));
#3532=CARTESIAN_POINT('Ctrl Pts',(3.,12.812574055436,2.68592183309995));
#3533=CARTESIAN_POINT('Ctrl Pts',(3.,8.36999524905401,3.08785677072706));
#3534=CARTESIAN_POINT('Ctrl Pts',(3.,3.92359906578657,3.4451251227191));
#3535=CARTESIAN_POINT('Ctrl Pts',(3.,-0.526686450759213,3.75078730235609));
#3536=CARTESIAN_POINT('Ctrl Pts',(3.,-4.98089224935204,3.99348963525551));
#3537=CARTESIAN_POINT('Ctrl Pts',(3.,-9.4387262244192,4.15867492203629));
#3538=CARTESIAN_POINT('Ctrl Pts',(3.,-13.155824670649,4.21486884210763));
#3539=CARTESIAN_POINT('Ctrl Pts',(3.,-16.1296953174393,4.19672279343607));
#3540=CARTESIAN_POINT('Ctrl Pts',(3.,-18.3595168557793,4.1462289355656));
#3541=CARTESIAN_POINT('Ctrl Pts',(3.,-20.5880559861199,4.05341757950872));
#3542=CARTESIAN_POINT('Ctrl Pts',(3.,-22.8140030862095,3.91031098706807));
#3543=CARTESIAN_POINT('Ctrl Pts',(3.,-25.0352129398373,3.70582184380044));
#3544=CARTESIAN_POINT('Ctrl Pts',(3.,-26.8795144787894,3.47189358433484));
#3545=CARTESIAN_POINT('Ctrl Pts',(3.,-28.3472765965364,3.23349639867194));
#3546=CARTESIAN_POINT('Ctrl Pts',(3.,-29.4427955919519,3.02423798748803));
#3547=CARTESIAN_POINT('Ctrl Pts',(3.,-30.5306047764457,2.77754392922285));
#3548=CARTESIAN_POINT('Ctrl Pts',(3.,-31.6065011518776,2.48274086832822));
#3549=CARTESIAN_POINT('Ctrl Pts',(3.,-32.4869943129665,2.1830512920282));
#3550=CARTESIAN_POINT('Ctrl Pts',(3.,-33.1725188251606,1.8942859696024));
#3551=CARTESIAN_POINT('Ctrl Pts',(3.,-33.6721751755358,1.6457516714005));
#3552=CARTESIAN_POINT('Ctrl Pts',(3.,-34.1486781649905,1.35416788578589));
#3553=CARTESIAN_POINT('Ctrl Pts',(3.,-34.5835803223464,1.00214815299177));
#3554=CARTESIAN_POINT('Ctrl Pts',(3.,-34.8759479066646,0.632862454246766));
#3555=CARTESIAN_POINT('Ctrl Pts',(3.,-35.013035994948,0.283497091064587));
#3556=CARTESIAN_POINT('Ctrl Pts',(3.,-35.0490783220638,0.00386934032801602));
#3557=CARTESIAN_POINT('Ctrl Pts',(3.,-35.0130359949565,-0.275758410444597));
#3558=CARTESIAN_POINT('Ctrl Pts',(3.,-34.8759479066167,-0.625123773482612));
#3559=CARTESIAN_POINT('Ctrl Pts',(3.,-34.5835803227346,-0.994409473308977));
#3560=CARTESIAN_POINT('Ctrl Pts',(3.,-34.148678163573,-1.34642920163344));
#3561=CARTESIAN_POINT('Ctrl Pts',(3.,-33.6721751808179,-1.63801300382909));
#3562=CARTESIAN_POINT('Ctrl Pts',(3.,-33.1725188054497,-1.88654724017647));
#3563=CARTESIAN_POINT('Ctrl Pts',(3.,-32.4869944176185,-2.17531287038508));
#3564=CARTESIAN_POINT('Ctrl Pts',(3.,-31.6065003085643,-2.47500010058599));
#3565=CARTESIAN_POINT('Ctrl Pts',(3.,-30.530607855454,-2.76981286875108));
#3566=CARTESIAN_POINT('Ctrl Pts',(3.,-29.4427841192324,-3.01647091325338));
#3567=CARTESIAN_POINT('Ctrl Pts',(3.,-28.3473772893148,-3.22601236223712));
#3568=CARTESIAN_POINT('Ctrl Pts',(3.,-26.8794336213348,-3.46406269851517));
#3569=CARTESIAN_POINT('Ctrl Pts',(3.,-25.0352174210516,-3.69805502555781));
#3570=CARTESIAN_POINT('Ctrl Pts',(3.,-22.8139806015819,-3.90249591113617));
#3571=CARTESIAN_POINT('Ctrl Pts',(3.,-20.5881375627801,-4.04598956412722));
#3572=CARTESIAN_POINT('Ctrl Pts',(3.,-18.3595047815362,-4.13841784673845));
#3573=CARTESIAN_POINT('Ctrl Pts',(3.,-16.1296745593701,-4.18888347150305));
#3574=CARTESIAN_POINT('Ctrl Pts',(3.,-13.1558351285057,-4.20718216930068));
#3575=CARTESIAN_POINT('Ctrl Pts',(3.,-9.43876197304748,-4.15105361221425));
#3576=CARTESIAN_POINT('Ctrl Pts',(3.,-4.98087053636191,-3.98557102213438));
#3577=CARTESIAN_POINT('Ctrl Pts',(3.,-0.526696999564213,-3.74305138385577));
#3578=CARTESIAN_POINT('Ctrl Pts',(3.,3.92360781105076,-3.43743897397122));
#3579=CARTESIAN_POINT('Ctrl Pts',(3.,8.36999327774322,-3.08002075562269));
#3580=CARTESIAN_POINT('Ctrl Pts',(3.,12.8125664629163,-2.6780455406531));
#3581=CARTESIAN_POINT('Ctrl Pts',(3.,18.7309752683195,-2.08931128303993));
#3582=CARTESIAN_POINT('Ctrl Pts',(3.,26.1193830933549,-1.2609900245685));
#3583=CARTESIAN_POINT('Ctrl Pts',(3.,32.0180646600673,-0.497970620298721));
#3584=CARTESIAN_POINT('Ctrl Pts',(3.,34.9629357869734,-0.0843306596780069));
#3585=CARTESIAN_POINT('',(-1.,34.9629357869734,0.0920693403219931));
#3586=CARTESIAN_POINT('',(-1.,34.9629357869734,0.0920693403219931));
#3587=CARTESIAN_POINT('Ctrl Pts',(-1.,34.9629357869734,0.0920693403219931));
#3588=CARTESIAN_POINT('Ctrl Pts',(-1.,32.018064660065,0.505709300942899));
#3589=CARTESIAN_POINT('Ctrl Pts',(-1.,28.7493956374825,0.92874044875326));
#3590=CARTESIAN_POINT('Ctrl Pts',(-1.,25.4769899832571,1.32072603990573));
#3591=CARTESIAN_POINT('Ctrl Pts',(-1.,25.1572290766511,1.35872913606844));
#3592=CARTESIAN_POINT('Ctrl Pts',(-1.,25.157202872678,-1.35079922752807));
#3593=CARTESIAN_POINT('Ctrl Pts',(-1.,25.4769608135738,-1.31279310230365));
#3594=CARTESIAN_POINT('Ctrl Pts',(-1.,28.7493620338446,-0.920791127286275));
#3595=CARTESIAN_POINT('Ctrl Pts',(-1.,32.0180646600673,-0.497970620298721));
#3596=CARTESIAN_POINT('Ctrl Pts',(-1.,34.9629357869734,-0.0843306596780069));
#3597=CARTESIAN_POINT('Origin',(-1.,-16.631784356308,0.00312284828911163));
#3598=CARTESIAN_POINT('',(3.,-16.631784356308,2.00312284828911));
#3599=CARTESIAN_POINT('',(-1.,-16.631784356308,2.00312284828911));
#3600=CARTESIAN_POINT('Origin',(3.,-16.631784356308,0.00312284828911163));
#3601=CARTESIAN_POINT('Origin',(3.,-35.0370642130266,0.00386934032200899));
#3602=CARTESIAN_POINT('Origin',(3.,34.9629357869734,0.00386934032199311));
#3603=CARTESIAN_POINT('Origin',(-51.,-16.631784356308,0.00312284828911163));
#3604=CARTESIAN_POINT('',(-51.,-16.631784356308,2.00312284828911));
#3605=CARTESIAN_POINT('Origin',(-51.,-16.631784356308,0.00312284828911163));
#3606=CARTESIAN_POINT('',(-47.,-16.631784356308,2.00312284828911));
#3607=CARTESIAN_POINT('',(-51.,-16.631784356308,2.00312284828911));
#3608=CARTESIAN_POINT('Origin',(-47.,-16.631784356308,0.00312284828911163));
#3609=CARTESIAN_POINT('Ctrl Pts',(-51.,34.9629357869734,0.0920693403219931));
#3610=CARTESIAN_POINT('Ctrl Pts',(-46.1999999999999,34.9629357869734,0.0920693403219931));
#3611=CARTESIAN_POINT('Ctrl Pts',(-51.,32.018064660065,0.505709300942899));
#3612=CARTESIAN_POINT('Ctrl Pts',(-46.1999999999999,32.018064660065,0.505709300942899));
#3613=CARTESIAN_POINT('Ctrl Pts',(-51.,26.1194482087933,1.26910824731377));
#3614=CARTESIAN_POINT('Ctrl Pts',(-46.1999999999999,26.1194482087933,1.26910824731377));
#3615=CARTESIAN_POINT('Ctrl Pts',(-51.,18.7309669615001,2.09697997575572));
#3616=CARTESIAN_POINT('Ctrl Pts',(-46.1999999999999,18.7309669615001,2.09697997575572));
#3617=CARTESIAN_POINT('Ctrl Pts',(-51.,12.812574055436,2.68592183309995));
#3618=CARTESIAN_POINT('Ctrl Pts',(-46.1999999999999,12.812574055436,2.68592183309995));
#3619=CARTESIAN_POINT('Ctrl Pts',(-51.,8.36999524905401,3.08785677072706));
#3620=CARTESIAN_POINT('Ctrl Pts',(-46.1999999999999,8.36999524905401,3.08785677072706));
#3621=CARTESIAN_POINT('Ctrl Pts',(-51.,3.92359906578657,3.4451251227191));
#3622=CARTESIAN_POINT('Ctrl Pts',(-46.1999999999999,3.92359906578657,3.4451251227191));
#3623=CARTESIAN_POINT('Ctrl Pts',(-51.,-0.526686450759213,3.75078730235609));
#3624=CARTESIAN_POINT('Ctrl Pts',(-46.1999999999999,-0.526686450759213,
3.75078730235609));
#3625=CARTESIAN_POINT('Ctrl Pts',(-51.,-4.98089224935204,3.99348963525551));
#3626=CARTESIAN_POINT('Ctrl Pts',(-46.1999999999999,-4.98089224935204,3.99348963525551));
#3627=CARTESIAN_POINT('Ctrl Pts',(-51.,-9.4387262244192,4.15867492203629));
#3628=CARTESIAN_POINT('Ctrl Pts',(-46.1999999999999,-9.4387262244192,4.15867492203629));
#3629=CARTESIAN_POINT('Ctrl Pts',(-51.,-13.155824670649,4.21486884210763));
#3630=CARTESIAN_POINT('Ctrl Pts',(-46.1999999999999,-13.155824670649,4.21486884210763));
#3631=CARTESIAN_POINT('Ctrl Pts',(-51.,-16.1296953174393,4.19672279343607));
#3632=CARTESIAN_POINT('Ctrl Pts',(-46.1999999999999,-16.1296953174393,4.19672279343607));
#3633=CARTESIAN_POINT('Ctrl Pts',(-51.,-18.3595168557793,4.1462289355656));
#3634=CARTESIAN_POINT('Ctrl Pts',(-46.1999999999999,-18.3595168557793,4.1462289355656));
#3635=CARTESIAN_POINT('Ctrl Pts',(-51.,-20.5880559861199,4.05341757950872));
#3636=CARTESIAN_POINT('Ctrl Pts',(-46.1999999999999,-20.5880559861199,4.05341757950872));
#3637=CARTESIAN_POINT('Ctrl Pts',(-51.,-22.8140030862095,3.91031098706807));
#3638=CARTESIAN_POINT('Ctrl Pts',(-46.1999999999999,-22.8140030862095,3.91031098706807));
#3639=CARTESIAN_POINT('Ctrl Pts',(-51.,-25.0352129398373,3.70582184380044));
#3640=CARTESIAN_POINT('Ctrl Pts',(-46.1999999999999,-25.0352129398373,3.70582184380044));
#3641=CARTESIAN_POINT('Ctrl Pts',(-51.,-26.8795144787894,3.47189358433484));
#3642=CARTESIAN_POINT('Ctrl Pts',(-46.1999999999999,-26.8795144787894,3.47189358433484));
#3643=CARTESIAN_POINT('Ctrl Pts',(-51.,-28.3472765965364,3.23349639867194));
#3644=CARTESIAN_POINT('Ctrl Pts',(-46.1999999999999,-28.3472765965364,3.23349639867194));
#3645=CARTESIAN_POINT('Ctrl Pts',(-51.,-29.4427955919519,3.02423798748803));
#3646=CARTESIAN_POINT('Ctrl Pts',(-46.1999999999999,-29.4427955919519,3.02423798748803));
#3647=CARTESIAN_POINT('Ctrl Pts',(-51.,-30.5306047764457,2.77754392922285));
#3648=CARTESIAN_POINT('Ctrl Pts',(-46.1999999999999,-30.5306047764457,2.77754392922285));
#3649=CARTESIAN_POINT('Ctrl Pts',(-51.,-31.6065011518776,2.48274086832822));
#3650=CARTESIAN_POINT('Ctrl Pts',(-46.1999999999999,-31.6065011518776,2.48274086832822));
#3651=CARTESIAN_POINT('Ctrl Pts',(-51.,-32.4869943129665,2.1830512920282));
#3652=CARTESIAN_POINT('Ctrl Pts',(-46.1999999999999,-32.4869943129665,2.1830512920282));
#3653=CARTESIAN_POINT('Ctrl Pts',(-51.,-33.1725188251606,1.8942859696024));
#3654=CARTESIAN_POINT('Ctrl Pts',(-46.1999999999999,-33.1725188251606,1.8942859696024));
#3655=CARTESIAN_POINT('Ctrl Pts',(-51.,-33.6721751755358,1.6457516714005));
#3656=CARTESIAN_POINT('Ctrl Pts',(-46.1999999999999,-33.6721751755358,1.6457516714005));
#3657=CARTESIAN_POINT('Ctrl Pts',(-51.,-34.1486781649905,1.35416788578589));
#3658=CARTESIAN_POINT('Ctrl Pts',(-46.1999999999999,-34.1486781649905,1.35416788578589));
#3659=CARTESIAN_POINT('Ctrl Pts',(-51.,-34.5835803223464,1.00214815299177));
#3660=CARTESIAN_POINT('Ctrl Pts',(-46.1999999999999,-34.5835803223464,1.00214815299177));
#3661=CARTESIAN_POINT('Ctrl Pts',(-51.,-34.8759479066646,0.632862454246766));
#3662=CARTESIAN_POINT('Ctrl Pts',(-46.1999999999999,-34.8759479066646,0.632862454246766));
#3663=CARTESIAN_POINT('Ctrl Pts',(-51.,-35.013035994948,0.283497091064587));
#3664=CARTESIAN_POINT('Ctrl Pts',(-46.1999999999999,-35.013035994948,0.283497091064587));
#3665=CARTESIAN_POINT('Ctrl Pts',(-51.,-35.0490783220638,0.00386934032801602));
#3666=CARTESIAN_POINT('Ctrl Pts',(-46.1999999999999,-35.0490783220638,0.00386934032801602));
#3667=CARTESIAN_POINT('Ctrl Pts',(-51.,-35.0130359949565,-0.275758410444597));
#3668=CARTESIAN_POINT('Ctrl Pts',(-46.1999999999999,-35.0130359949565,-0.275758410444597));
#3669=CARTESIAN_POINT('Ctrl Pts',(-51.,-34.8759479066167,-0.625123773482612));
#3670=CARTESIAN_POINT('Ctrl Pts',(-46.1999999999999,-34.8759479066167,-0.625123773482612));
#3671=CARTESIAN_POINT('Ctrl Pts',(-51.,-34.5835803227346,-0.994409473308977));
#3672=CARTESIAN_POINT('Ctrl Pts',(-46.1999999999999,-34.5835803227346,-0.994409473308977));
#3673=CARTESIAN_POINT('Ctrl Pts',(-51.,-34.148678163573,-1.34642920163344));
#3674=CARTESIAN_POINT('Ctrl Pts',(-46.1999999999999,-34.148678163573,-1.34642920163344));
#3675=CARTESIAN_POINT('Ctrl Pts',(-51.,-33.6721751808179,-1.63801300382909));
#3676=CARTESIAN_POINT('Ctrl Pts',(-46.1999999999999,-33.6721751808179,-1.63801300382909));
#3677=CARTESIAN_POINT('Ctrl Pts',(-51.,-33.1725188054497,-1.88654724017647));
#3678=CARTESIAN_POINT('Ctrl Pts',(-46.1999999999999,-33.1725188054497,-1.88654724017647));
#3679=CARTESIAN_POINT('Ctrl Pts',(-51.,-32.4869944176185,-2.17531287038508));
#3680=CARTESIAN_POINT('Ctrl Pts',(-46.1999999999999,-32.4869944176185,-2.17531287038508));
#3681=CARTESIAN_POINT('Ctrl Pts',(-51.,-31.6065003085643,-2.47500010058599));
#3682=CARTESIAN_POINT('Ctrl Pts',(-46.1999999999999,-31.6065003085643,-2.47500010058599));
#3683=CARTESIAN_POINT('Ctrl Pts',(-51.,-30.530607855454,-2.76981286875108));
#3684=CARTESIAN_POINT('Ctrl Pts',(-46.1999999999999,-30.530607855454,-2.76981286875108));
#3685=CARTESIAN_POINT('Ctrl Pts',(-51.,-29.4427841192324,-3.01647091325338));
#3686=CARTESIAN_POINT('Ctrl Pts',(-46.1999999999999,-29.4427841192324,-3.01647091325338));
#3687=CARTESIAN_POINT('Ctrl Pts',(-51.,-28.3473772893148,-3.22601236223712));
#3688=CARTESIAN_POINT('Ctrl Pts',(-46.1999999999999,-28.3473772893148,-3.22601236223712));
#3689=CARTESIAN_POINT('Ctrl Pts',(-51.,-26.8794336213348,-3.46406269851517));
#3690=CARTESIAN_POINT('Ctrl Pts',(-46.1999999999999,-26.8794336213348,-3.46406269851517));
#3691=CARTESIAN_POINT('Ctrl Pts',(-51.,-25.0352174210516,-3.69805502555781));
#3692=CARTESIAN_POINT('Ctrl Pts',(-46.1999999999999,-25.0352174210516,-3.69805502555781));
#3693=CARTESIAN_POINT('Ctrl Pts',(-51.,-22.8139806015819,-3.90249591113617));
#3694=CARTESIAN_POINT('Ctrl Pts',(-46.1999999999999,-22.8139806015819,-3.90249591113617));
#3695=CARTESIAN_POINT('Ctrl Pts',(-51.,-20.5881375627801,-4.04598956412722));
#3696=CARTESIAN_POINT('Ctrl Pts',(-46.1999999999999,-20.5881375627801,-4.04598956412722));
#3697=CARTESIAN_POINT('Ctrl Pts',(-51.,-18.3595047815362,-4.13841784673845));
#3698=CARTESIAN_POINT('Ctrl Pts',(-46.1999999999999,-18.3595047815362,-4.13841784673845));
#3699=CARTESIAN_POINT('Ctrl Pts',(-51.,-16.1296745593701,-4.18888347150305));
#3700=CARTESIAN_POINT('Ctrl Pts',(-46.1999999999999,-16.1296745593701,-4.18888347150305));
#3701=CARTESIAN_POINT('Ctrl Pts',(-51.,-13.1558351285057,-4.20718216930068));
#3702=CARTESIAN_POINT('Ctrl Pts',(-46.1999999999999,-13.1558351285057,-4.20718216930068));
#3703=CARTESIAN_POINT('Ctrl Pts',(-51.,-9.43876197304748,-4.15105361221425));
#3704=CARTESIAN_POINT('Ctrl Pts',(-46.1999999999999,-9.43876197304748,-4.15105361221425));
#3705=CARTESIAN_POINT('Ctrl Pts',(-51.,-4.98087053636191,-3.98557102213438));
#3706=CARTESIAN_POINT('Ctrl Pts',(-46.1999999999999,-4.98087053636191,-3.98557102213438));
#3707=CARTESIAN_POINT('Ctrl Pts',(-51.,-0.526696999564213,-3.74305138385577));
#3708=CARTESIAN_POINT('Ctrl Pts',(-46.1999999999999,-0.526696999564213,
-3.74305138385577));
#3709=CARTESIAN_POINT('Ctrl Pts',(-51.,3.92360781105076,-3.43743897397122));
#3710=CARTESIAN_POINT('Ctrl Pts',(-46.1999999999999,3.92360781105076,-3.43743897397122));
#3711=CARTESIAN_POINT('Ctrl Pts',(-51.,8.36999327774322,-3.08002075562269));
#3712=CARTESIAN_POINT('Ctrl Pts',(-46.1999999999999,8.36999327774322,-3.08002075562269));
#3713=CARTESIAN_POINT('Ctrl Pts',(-51.,12.8125664629163,-2.6780455406531));
#3714=CARTESIAN_POINT('Ctrl Pts',(-46.1999999999999,12.8125664629163,-2.6780455406531));
#3715=CARTESIAN_POINT('Ctrl Pts',(-51.,18.7309752683195,-2.08931128303993));
#3716=CARTESIAN_POINT('Ctrl Pts',(-46.1999999999999,18.7309752683195,-2.08931128303993));
#3717=CARTESIAN_POINT('Ctrl Pts',(-51.,26.1193830933549,-1.2609900245685));
#3718=CARTESIAN_POINT('Ctrl Pts',(-46.1999999999999,26.1193830933549,-1.2609900245685));
#3719=CARTESIAN_POINT('Ctrl Pts',(-51.,32.0180646600673,-0.497970620298721));
#3720=CARTESIAN_POINT('Ctrl Pts',(-46.1999999999999,32.0180646600673,-0.497970620298721));
#3721=CARTESIAN_POINT('Ctrl Pts',(-51.,34.9629357869734,-0.0843306596780069));
#3722=CARTESIAN_POINT('Ctrl Pts',(-46.1999999999999,34.9629357869734,-0.0843306596780069));
#3723=CARTESIAN_POINT('',(-47.,25.1572028726779,-1.35079922752811));
#3724=CARTESIAN_POINT('',(-47.,34.9629357869734,-0.0843306596780069));
#3725=CARTESIAN_POINT('Ctrl Pts',(-47.,25.1572028726779,-1.35079922752808));
#3726=CARTESIAN_POINT('Ctrl Pts',(-47.,25.4769608135738,-1.31279310230366));
#3727=CARTESIAN_POINT('Ctrl Pts',(-47.,28.7493620338446,-0.920791127286279));
#3728=CARTESIAN_POINT('Ctrl Pts',(-47.,32.0180646600673,-0.497970620298721));
#3729=CARTESIAN_POINT('Ctrl Pts',(-47.,34.9629357869734,-0.0843306596780069));
#3730=CARTESIAN_POINT('Ctrl Pts',(-47.,-33.1287107369227,-1.90008347406556));
#3731=CARTESIAN_POINT('Ctrl Pts',(-47.,-32.9731694666212,-1.97048821726215));
#3732=CARTESIAN_POINT('Ctrl Pts',(-47.,-32.4726307214042,-2.18020173481885));
#3733=CARTESIAN_POINT('Ctrl Pts',(-47.,-31.6065003085643,-2.47500010058599));
#3734=CARTESIAN_POINT('Ctrl Pts',(-47.,-30.530607855454,-2.76981286875108));
#3735=CARTESIAN_POINT('Ctrl Pts',(-47.,-29.4427841192324,-3.01647091325338));
#3736=CARTESIAN_POINT('Ctrl Pts',(-47.,-28.3473772893148,-3.22601236223712));
#3737=CARTESIAN_POINT('Ctrl Pts',(-47.,-26.8794336213348,-3.46406269851517));
#3738=CARTESIAN_POINT('Ctrl Pts',(-47.,-25.0352174210516,-3.69805502555781));
#3739=CARTESIAN_POINT('Ctrl Pts',(-47.,-22.8139806015819,-3.90249591113617));
#3740=CARTESIAN_POINT('Ctrl Pts',(-47.,-20.5881375627801,-4.04598956412722));
#3741=CARTESIAN_POINT('Ctrl Pts',(-47.,-18.3595047815362,-4.13841784673845));
#3742=CARTESIAN_POINT('Ctrl Pts',(-47.,-16.1296745593701,-4.18888347150305));
#3743=CARTESIAN_POINT('Ctrl Pts',(-47.,-13.1558351285057,-4.20718216930068));
#3744=CARTESIAN_POINT('Ctrl Pts',(-47.,-9.43876197304748,-4.15105361221425));
#3745=CARTESIAN_POINT('Ctrl Pts',(-47.,-4.98087053636191,-3.98557102213438));
#3746=CARTESIAN_POINT('Ctrl Pts',(-47.,-0.526696999564213,-3.74305138385577));
#3747=CARTESIAN_POINT('Ctrl Pts',(-47.,3.92360781105076,-3.43743897397122));
#3748=CARTESIAN_POINT('Ctrl Pts',(-47.,8.36999327774322,-3.08002075562269));
#3749=CARTESIAN_POINT('Ctrl Pts',(-47.,12.8125664629163,-2.6780455406531));
#3750=CARTESIAN_POINT('Ctrl Pts',(-47.,18.4105452782786,-2.12118608562733));
#3751=CARTESIAN_POINT('Ctrl Pts',(-47.,22.5239618421284,-1.66378375460752));
#3752=CARTESIAN_POINT('Ctrl Pts',(-47.,25.1572026022979,-1.35079925966519));
#3753=CARTESIAN_POINT('Ctrl Pts',(-47.,-27.90371050604,3.30414335094986));
#3754=CARTESIAN_POINT('Ctrl Pts',(-47.,-28.0514040031795,3.27969045085367));
#3755=CARTESIAN_POINT('Ctrl Pts',(-47.,-28.5653827719287,3.19183527556683));
#3756=CARTESIAN_POINT('Ctrl Pts',(-47.,-29.4427955919519,3.02423798748803));
#3757=CARTESIAN_POINT('Ctrl Pts',(-47.,-30.5306047764457,2.77754392922285));
#3758=CARTESIAN_POINT('Ctrl Pts',(-47.,-31.6065011518776,2.48274086832822));
#3759=CARTESIAN_POINT('Ctrl Pts',(-47.,-32.4726306324097,2.18794019466868));
#3760=CARTESIAN_POINT('Ctrl Pts',(-47.,-32.9731694510349,1.97822685824371));
#3761=CARTESIAN_POINT('Ctrl Pts',(-47.,-33.1287107343523,1.9078221467174));
#3762=CARTESIAN_POINT('',(-47.,25.1572291840657,1.35872912355574));
#3763=CARTESIAN_POINT('Ctrl Pts',(-47.,25.1572288618969,1.35872916159165));
#3764=CARTESIAN_POINT('Ctrl Pts',(-47.,22.5239865875036,1.67168598949964));
#3765=CARTESIAN_POINT('Ctrl Pts',(-47.,18.4105353630271,2.12886626376527));
#3766=CARTESIAN_POINT('Ctrl Pts',(-47.,12.812574055436,2.68592183309995));
#3767=CARTESIAN_POINT('Ctrl Pts',(-47.,8.36999524905401,3.08785677072706));
#3768=CARTESIAN_POINT('Ctrl Pts',(-47.,3.92359906578657,3.4451251227191));
#3769=CARTESIAN_POINT('Ctrl Pts',(-47.,-0.526686450759213,3.75078730235609));
#3770=CARTESIAN_POINT('Ctrl Pts',(-47.,-4.98089224935204,3.99348963525551));
#3771=CARTESIAN_POINT('Ctrl Pts',(-47.,-9.4387262244192,4.15867492203629));
#3772=CARTESIAN_POINT('Ctrl Pts',(-47.,-13.155824670649,4.21486884210763));
#3773=CARTESIAN_POINT('Ctrl Pts',(-47.,-16.1296953174393,4.19672279343607));
#3774=CARTESIAN_POINT('Ctrl Pts',(-47.,-18.3595168557793,4.1462289355656));
#3775=CARTESIAN_POINT('Ctrl Pts',(-47.,-20.5880559861199,4.05341757950872));
#3776=CARTESIAN_POINT('Ctrl Pts',(-47.,-22.1140820609766,3.95530905233863));
#3777=CARTESIAN_POINT('Ctrl Pts',(-47.,-22.8972441761858,3.89347954157392));
#3778=CARTESIAN_POINT('Ctrl Pts',(-47.,-22.939255585402,3.89012926747611));
#3779=CARTESIAN_POINT('',(-47.,34.9629357869734,0.0920693403219931));
#3780=CARTESIAN_POINT('Ctrl Pts',(-47.,34.9629357869734,0.0920693403219931));
#3781=CARTESIAN_POINT('Ctrl Pts',(-47.,32.018064660065,0.505709300942899));
#3782=CARTESIAN_POINT('Ctrl Pts',(-47.,28.7493956374845,0.928740448753003));
#3783=CARTESIAN_POINT('Ctrl Pts',(-47.,25.4769899832611,1.32072603990525));
#3784=CARTESIAN_POINT('Ctrl Pts',(-47.,25.1572290766571,1.35872913606773));
#3785=CARTESIAN_POINT('',(-51.,34.9629357869734,0.0920693403219931));
#3786=CARTESIAN_POINT('',(-51.,34.9629357869734,0.0920693403219931));
#3787=CARTESIAN_POINT('',(-51.,25.1572290766511,1.35872913606845));
#3788=CARTESIAN_POINT('Ctrl Pts',(-51.,34.9629357869734,0.0920693403219931));
#3789=CARTESIAN_POINT('Ctrl Pts',(-51.,32.018064660065,0.505709300942899));
#3790=CARTESIAN_POINT('Ctrl Pts',(-51.,28.7493956374825,0.92874044875326));
#3791=CARTESIAN_POINT('Ctrl Pts',(-51.,25.4769899832571,1.32072603990573));
#3792=CARTESIAN_POINT('Ctrl Pts',(-51.,25.1572290766511,1.35872913606844));
#3793=CARTESIAN_POINT('',(-51.,-22.9392555320878,3.89012866778903));
#3794=CARTESIAN_POINT('Ctrl Pts',(-51.,25.1572288618969,1.35872916159165));
#3795=CARTESIAN_POINT('Ctrl Pts',(-51.,22.5239865875036,1.67168598949964));
#3796=CARTESIAN_POINT('Ctrl Pts',(-51.,18.4105353630271,2.12886626376527));
#3797=CARTESIAN_POINT('Ctrl Pts',(-51.,12.812574055436,2.68592183309995));
#3798=CARTESIAN_POINT('Ctrl Pts',(-51.,8.36999524905401,3.08785677072706));
#3799=CARTESIAN_POINT('Ctrl Pts',(-51.,3.92359906578657,3.4451251227191));
#3800=CARTESIAN_POINT('Ctrl Pts',(-51.,-0.526686450759213,3.75078730235609));
#3801=CARTESIAN_POINT('Ctrl Pts',(-51.,-4.98089224935204,3.99348963525551));
#3802=CARTESIAN_POINT('Ctrl Pts',(-51.,-9.4387262244192,4.15867492203629));
#3803=CARTESIAN_POINT('Ctrl Pts',(-51.,-13.155824670649,4.21486884210763));
#3804=CARTESIAN_POINT('Ctrl Pts',(-51.,-16.1296953174393,4.19672279343607));
#3805=CARTESIAN_POINT('Ctrl Pts',(-51.,-18.3595168557793,4.1462289355656));
#3806=CARTESIAN_POINT('Ctrl Pts',(-51.,-20.5880559861199,4.05341757950872));
#3807=CARTESIAN_POINT('Ctrl Pts',(-51.,-22.1140820609766,3.95530905233863));
#3808=CARTESIAN_POINT('Ctrl Pts',(-51.,-22.8972441761858,3.89347954157392));
#3809=CARTESIAN_POINT('Ctrl Pts',(-51.,-22.939255585402,3.89012926747611));
#3810=CARTESIAN_POINT('',(-51.,-27.9037119617559,3.30415214335407));
#3811=CARTESIAN_POINT('Ctrl Pts',(-51.,-22.939255585402,3.89012926747611));
#3812=CARTESIAN_POINT('Ctrl Pts',(-51.,-23.6383457139347,3.83437908928983));
#3813=CARTESIAN_POINT('Ctrl Pts',(-51.,-25.0770326920436,3.70051749327082));
#3814=CARTESIAN_POINT('Ctrl Pts',(-51.,-26.7308361669073,3.4907517037824));
#3815=CARTESIAN_POINT('Ctrl Pts',(-51.,-27.6844231036965,3.34044770815573));
#3816=CARTESIAN_POINT('Ctrl Pts',(-51.,-27.9033332234302,3.30420581408974));
#3817=CARTESIAN_POINT('',(-51.,-33.1287107740765,1.90782212873653));
#3818=CARTESIAN_POINT('Ctrl Pts',(-51.,-27.90371050604,3.30414335094986));
#3819=CARTESIAN_POINT('Ctrl Pts',(-51.,-28.0514040031795,3.27969045085367));
#3820=CARTESIAN_POINT('Ctrl Pts',(-51.,-28.5653827719287,3.19183527556683));
#3821=CARTESIAN_POINT('Ctrl Pts',(-51.,-29.4427955919519,3.02423798748803));
#3822=CARTESIAN_POINT('Ctrl Pts',(-51.,-30.5306047764457,2.77754392922285));
#3823=CARTESIAN_POINT('Ctrl Pts',(-51.,-31.6065011518776,2.48274086832822));
#3824=CARTESIAN_POINT('Ctrl Pts',(-51.,-32.4726306461784,2.1879401899823));
#3825=CARTESIAN_POINT('Ctrl Pts',(-51.,-32.9731694778546,1.97822684700693));
#3826=CARTESIAN_POINT('Ctrl Pts',(-51.,-33.1287107740765,1.90782212873653));
#3827=CARTESIAN_POINT('',(-51.,-33.1287109902356,-1.9000833594051));
#3828=CARTESIAN_POINT('Ctrl Pts',(-51.,-33.1287109867957,1.90782203245059));
#3829=CARTESIAN_POINT('Ctrl Pts',(-51.,-33.1425245233482,1.90156942790308));
#3830=CARTESIAN_POINT('Ctrl Pts',(-51.,-33.3254860162862,1.81819848774457));
#3831=CARTESIAN_POINT('Ctrl Pts',(-51.,-33.6721751755358,1.6457516714005));
#3832=CARTESIAN_POINT('Ctrl Pts',(-51.,-34.1486781649905,1.35416788578589));
#3833=CARTESIAN_POINT('Ctrl Pts',(-51.,-34.5835803223464,1.00214815299177));
#3834=CARTESIAN_POINT('Ctrl Pts',(-51.,-34.8759479066646,0.632862454246766));
#3835=CARTESIAN_POINT('Ctrl Pts',(-51.,-35.013035994948,0.283497091064587));
#3836=CARTESIAN_POINT('Ctrl Pts',(-51.,-35.0490783220638,0.00386934032801602));
#3837=CARTESIAN_POINT('Ctrl Pts',(-51.,-35.0130359949565,-0.275758410444597));
#3838=CARTESIAN_POINT('Ctrl Pts',(-51.,-34.8759479066167,-0.625123773482612));
#3839=CARTESIAN_POINT('Ctrl Pts',(-51.,-34.5835803227346,-0.994409473308977));
#3840=CARTESIAN_POINT('Ctrl Pts',(-51.,-34.148678163573,-1.34642920163344));
#3841=CARTESIAN_POINT('Ctrl Pts',(-51.,-33.6721751808179,-1.63801300382909));
#3842=CARTESIAN_POINT('Ctrl Pts',(-51.,-33.3254860043293,-1.81045977720412));
#3843=CARTESIAN_POINT('Ctrl Pts',(-51.,-33.1425245255438,-1.8938307520832));
#3844=CARTESIAN_POINT('Ctrl Pts',(-51.,-33.1287109902356,-1.9000833594051));
#3845=CARTESIAN_POINT('',(-51.,25.1572030079043,-1.35079921177795));
#3846=CARTESIAN_POINT('Ctrl Pts',(-51.,-33.1287107369227,-1.90008347406556));
#3847=CARTESIAN_POINT('Ctrl Pts',(-51.,-32.9731694666212,-1.97048821726215));
#3848=CARTESIAN_POINT('Ctrl Pts',(-51.,-32.4726307214042,-2.18020173481885));
#3849=CARTESIAN_POINT('Ctrl Pts',(-51.,-31.6065003085643,-2.47500010058599));
#3850=CARTESIAN_POINT('Ctrl Pts',(-51.,-30.530607855454,-2.76981286875108));
#3851=CARTESIAN_POINT('Ctrl Pts',(-51.,-29.4427841192324,-3.01647091325338));
#3852=CARTESIAN_POINT('Ctrl Pts',(-51.,-28.3473772893148,-3.22601236223712));
#3853=CARTESIAN_POINT('Ctrl Pts',(-51.,-26.8794336213348,-3.46406269851517));
#3854=CARTESIAN_POINT('Ctrl Pts',(-51.,-25.0352174210516,-3.69805502555781));
#3855=CARTESIAN_POINT('Ctrl Pts',(-51.,-22.8139806015819,-3.90249591113617));
#3856=CARTESIAN_POINT('Ctrl Pts',(-51.,-20.5881375627801,-4.04598956412722));
#3857=CARTESIAN_POINT('Ctrl Pts',(-51.,-18.3595047815362,-4.13841784673845));
#3858=CARTESIAN_POINT('Ctrl Pts',(-51.,-16.1296745593701,-4.18888347150305));
#3859=CARTESIAN_POINT('Ctrl Pts',(-51.,-13.1558351285057,-4.20718216930068));
#3860=CARTESIAN_POINT('Ctrl Pts',(-51.,-9.43876197304748,-4.15105361221425));
#3861=CARTESIAN_POINT('Ctrl Pts',(-51.,-4.98087053636191,-3.98557102213438));
#3862=CARTESIAN_POINT('Ctrl Pts',(-51.,-0.526696999564213,-3.74305138385577));
#3863=CARTESIAN_POINT('Ctrl Pts',(-51.,3.92360781105076,-3.43743897397122));
#3864=CARTESIAN_POINT('Ctrl Pts',(-51.,8.36999327774322,-3.08002075562269));
#3865=CARTESIAN_POINT('Ctrl Pts',(-51.,12.8125664629163,-2.6780455406531));
#3866=CARTESIAN_POINT('Ctrl Pts',(-51.,18.4105452782786,-2.12118608562733));
#3867=CARTESIAN_POINT('Ctrl Pts',(-51.,22.5239618421284,-1.66378375460752));
#3868=CARTESIAN_POINT('Ctrl Pts',(-51.,25.1572026022979,-1.35079925966519));
#3869=CARTESIAN_POINT('',(-51.,34.9629357869734,-0.0843306596780069));
#3870=CARTESIAN_POINT('Ctrl Pts',(-51.,25.1572028726779,-1.35079922752808));
#3871=CARTESIAN_POINT('Ctrl Pts',(-51.,25.4769608135738,-1.31279310230366));
#3872=CARTESIAN_POINT('Ctrl Pts',(-51.,28.7493620338446,-0.920791127286279));
#3873=CARTESIAN_POINT('Ctrl Pts',(-51.,32.0180646600673,-0.497970620298721));
#3874=CARTESIAN_POINT('Ctrl Pts',(-51.,34.9629357869734,-0.0843306596780069));
#3875=CARTESIAN_POINT('',(-51.,34.9629357869734,-0.0843306596780069));
#3876=CARTESIAN_POINT('Origin',(-26.,-16.631784356308,0.00312284828911163));
#3877=CARTESIAN_POINT('',(-26.,-16.631784356308,2.00312284828911));
#3878=CARTESIAN_POINT('Origin',(-26.,-16.631784356308,0.00312284828911163));
#3879=CARTESIAN_POINT('',(-26.,-16.631784356308,2.00312284828911));
#3880=CARTESIAN_POINT('Ctrl Pts',(-26.,34.9629357869734,0.0920693403219931));
#3881=CARTESIAN_POINT('Ctrl Pts',(-21.2,34.9629357869734,0.0920693403219931));
#3882=CARTESIAN_POINT('Ctrl Pts',(-26.,32.018064660065,0.505709300942899));
#3883=CARTESIAN_POINT('Ctrl Pts',(-21.2,32.018064660065,0.505709300942899));
#3884=CARTESIAN_POINT('Ctrl Pts',(-26.,26.1194482087933,1.26910824731377));
#3885=CARTESIAN_POINT('Ctrl Pts',(-21.2,26.1194482087933,1.26910824731377));
#3886=CARTESIAN_POINT('Ctrl Pts',(-26.,18.7309669615001,2.09697997575572));
#3887=CARTESIAN_POINT('Ctrl Pts',(-21.2,18.7309669615001,2.09697997575572));
#3888=CARTESIAN_POINT('Ctrl Pts',(-26.,12.812574055436,2.68592183309995));
#3889=CARTESIAN_POINT('Ctrl Pts',(-21.2,12.812574055436,2.68592183309995));
#3890=CARTESIAN_POINT('Ctrl Pts',(-26.,8.36999524905401,3.08785677072706));
#3891=CARTESIAN_POINT('Ctrl Pts',(-21.2,8.36999524905401,3.08785677072706));
#3892=CARTESIAN_POINT('Ctrl Pts',(-26.,3.92359906578657,3.4451251227191));
#3893=CARTESIAN_POINT('Ctrl Pts',(-21.2,3.92359906578657,3.4451251227191));
#3894=CARTESIAN_POINT('Ctrl Pts',(-26.,-0.526686450759213,3.75078730235609));
#3895=CARTESIAN_POINT('Ctrl Pts',(-21.2,-0.526686450759213,3.75078730235609));
#3896=CARTESIAN_POINT('Ctrl Pts',(-26.,-4.98089224935204,3.99348963525551));
#3897=CARTESIAN_POINT('Ctrl Pts',(-21.2,-4.98089224935204,3.99348963525551));
#3898=CARTESIAN_POINT('Ctrl Pts',(-26.,-9.4387262244192,4.15867492203629));
#3899=CARTESIAN_POINT('Ctrl Pts',(-21.2,-9.4387262244192,4.15867492203629));
#3900=CARTESIAN_POINT('Ctrl Pts',(-26.,-13.155824670649,4.21486884210763));
#3901=CARTESIAN_POINT('Ctrl Pts',(-21.2,-13.155824670649,4.21486884210763));
#3902=CARTESIAN_POINT('Ctrl Pts',(-26.,-16.1296953174393,4.19672279343607));
#3903=CARTESIAN_POINT('Ctrl Pts',(-21.2,-16.1296953174393,4.19672279343607));
#3904=CARTESIAN_POINT('Ctrl Pts',(-26.,-18.3595168557793,4.1462289355656));
#3905=CARTESIAN_POINT('Ctrl Pts',(-21.2,-18.3595168557793,4.1462289355656));
#3906=CARTESIAN_POINT('Ctrl Pts',(-26.,-20.5880559861199,4.05341757950872));
#3907=CARTESIAN_POINT('Ctrl Pts',(-21.2,-20.5880559861199,4.05341757950872));
#3908=CARTESIAN_POINT('Ctrl Pts',(-26.,-22.8140030862095,3.91031098706807));
#3909=CARTESIAN_POINT('Ctrl Pts',(-21.2,-22.8140030862095,3.91031098706807));
#3910=CARTESIAN_POINT('Ctrl Pts',(-26.,-25.0352129398373,3.70582184380044));
#3911=CARTESIAN_POINT('Ctrl Pts',(-21.2,-25.0352129398373,3.70582184380044));
#3912=CARTESIAN_POINT('Ctrl Pts',(-26.,-26.8795144787894,3.47189358433484));
#3913=CARTESIAN_POINT('Ctrl Pts',(-21.2,-26.8795144787894,3.47189358433484));
#3914=CARTESIAN_POINT('Ctrl Pts',(-26.,-28.3472765965364,3.23349639867194));
#3915=CARTESIAN_POINT('Ctrl Pts',(-21.2,-28.3472765965364,3.23349639867194));
#3916=CARTESIAN_POINT('Ctrl Pts',(-26.,-29.4427955919519,3.02423798748803));
#3917=CARTESIAN_POINT('Ctrl Pts',(-21.2,-29.4427955919519,3.02423798748803));
#3918=CARTESIAN_POINT('Ctrl Pts',(-26.,-30.5306047764457,2.77754392922285));
#3919=CARTESIAN_POINT('Ctrl Pts',(-21.2,-30.5306047764457,2.77754392922285));
#3920=CARTESIAN_POINT('Ctrl Pts',(-26.,-31.6065011518776,2.48274086832822));
#3921=CARTESIAN_POINT('Ctrl Pts',(-21.2,-31.6065011518776,2.48274086832822));
#3922=CARTESIAN_POINT('Ctrl Pts',(-26.,-32.4869943129665,2.1830512920282));
#3923=CARTESIAN_POINT('Ctrl Pts',(-21.2,-32.4869943129665,2.1830512920282));
#3924=CARTESIAN_POINT('Ctrl Pts',(-26.,-33.1725188251606,1.8942859696024));
#3925=CARTESIAN_POINT('Ctrl Pts',(-21.2,-33.1725188251606,1.8942859696024));
#3926=CARTESIAN_POINT('Ctrl Pts',(-26.,-33.6721751755358,1.6457516714005));
#3927=CARTESIAN_POINT('Ctrl Pts',(-21.2,-33.6721751755358,1.6457516714005));
#3928=CARTESIAN_POINT('Ctrl Pts',(-26.,-34.1486781649905,1.35416788578589));
#3929=CARTESIAN_POINT('Ctrl Pts',(-21.2,-34.1486781649905,1.35416788578589));
#3930=CARTESIAN_POINT('Ctrl Pts',(-26.,-34.5835803223464,1.00214815299177));
#3931=CARTESIAN_POINT('Ctrl Pts',(-21.2,-34.5835803223464,1.00214815299177));
#3932=CARTESIAN_POINT('Ctrl Pts',(-26.,-34.8759479066646,0.632862454246766));
#3933=CARTESIAN_POINT('Ctrl Pts',(-21.2,-34.8759479066646,0.632862454246766));
#3934=CARTESIAN_POINT('Ctrl Pts',(-26.,-35.013035994948,0.283497091064587));
#3935=CARTESIAN_POINT('Ctrl Pts',(-21.2,-35.013035994948,0.283497091064587));
#3936=CARTESIAN_POINT('Ctrl Pts',(-26.,-35.0490783220638,0.00386934032801602));
#3937=CARTESIAN_POINT('Ctrl Pts',(-21.2,-35.0490783220638,0.00386934032801602));
#3938=CARTESIAN_POINT('Ctrl Pts',(-26.,-35.0130359949565,-0.275758410444597));
#3939=CARTESIAN_POINT('Ctrl Pts',(-21.2,-35.0130359949565,-0.275758410444597));
#3940=CARTESIAN_POINT('Ctrl Pts',(-26.,-34.8759479066167,-0.625123773482612));
#3941=CARTESIAN_POINT('Ctrl Pts',(-21.2,-34.8759479066167,-0.625123773482612));
#3942=CARTESIAN_POINT('Ctrl Pts',(-26.,-34.5835803227346,-0.994409473308977));
#3943=CARTESIAN_POINT('Ctrl Pts',(-21.2,-34.5835803227346,-0.994409473308977));
#3944=CARTESIAN_POINT('Ctrl Pts',(-26.,-34.148678163573,-1.34642920163344));
#3945=CARTESIAN_POINT('Ctrl Pts',(-21.2,-34.148678163573,-1.34642920163344));
#3946=CARTESIAN_POINT('Ctrl Pts',(-26.,-33.6721751808179,-1.63801300382909));
#3947=CARTESIAN_POINT('Ctrl Pts',(-21.2,-33.6721751808179,-1.63801300382909));
#3948=CARTESIAN_POINT('Ctrl Pts',(-26.,-33.1725188054497,-1.88654724017647));
#3949=CARTESIAN_POINT('Ctrl Pts',(-21.2,-33.1725188054497,-1.88654724017647));
#3950=CARTESIAN_POINT('Ctrl Pts',(-26.,-32.4869944176185,-2.17531287038508));
#3951=CARTESIAN_POINT('Ctrl Pts',(-21.2,-32.4869944176185,-2.17531287038508));
#3952=CARTESIAN_POINT('Ctrl Pts',(-26.,-31.6065003085643,-2.47500010058599));
#3953=CARTESIAN_POINT('Ctrl Pts',(-21.2,-31.6065003085643,-2.47500010058599));
#3954=CARTESIAN_POINT('Ctrl Pts',(-26.,-30.530607855454,-2.76981286875108));
#3955=CARTESIAN_POINT('Ctrl Pts',(-21.2,-30.530607855454,-2.76981286875108));
#3956=CARTESIAN_POINT('Ctrl Pts',(-26.,-29.4427841192324,-3.01647091325338));
#3957=CARTESIAN_POINT('Ctrl Pts',(-21.2,-29.4427841192324,-3.01647091325338));
#3958=CARTESIAN_POINT('Ctrl Pts',(-26.,-28.3473772893148,-3.22601236223712));
#3959=CARTESIAN_POINT('Ctrl Pts',(-21.2,-28.3473772893148,-3.22601236223712));
#3960=CARTESIAN_POINT('Ctrl Pts',(-26.,-26.8794336213348,-3.46406269851517));
#3961=CARTESIAN_POINT('Ctrl Pts',(-21.2,-26.8794336213348,-3.46406269851517));
#3962=CARTESIAN_POINT('Ctrl Pts',(-26.,-25.0352174210516,-3.69805502555781));
#3963=CARTESIAN_POINT('Ctrl Pts',(-21.2,-25.0352174210516,-3.69805502555781));
#3964=CARTESIAN_POINT('Ctrl Pts',(-26.,-22.8139806015819,-3.90249591113617));
#3965=CARTESIAN_POINT('Ctrl Pts',(-21.2,-22.8139806015819,-3.90249591113617));
#3966=CARTESIAN_POINT('Ctrl Pts',(-26.,-20.5881375627801,-4.04598956412722));
#3967=CARTESIAN_POINT('Ctrl Pts',(-21.2,-20.5881375627801,-4.04598956412722));
#3968=CARTESIAN_POINT('Ctrl Pts',(-26.,-18.3595047815362,-4.13841784673845));
#3969=CARTESIAN_POINT('Ctrl Pts',(-21.2,-18.3595047815362,-4.13841784673845));
#3970=CARTESIAN_POINT('Ctrl Pts',(-26.,-16.1296745593701,-4.18888347150305));
#3971=CARTESIAN_POINT('Ctrl Pts',(-21.2,-16.1296745593701,-4.18888347150305));
#3972=CARTESIAN_POINT('Ctrl Pts',(-26.,-13.1558351285057,-4.20718216930068));
#3973=CARTESIAN_POINT('Ctrl Pts',(-21.2,-13.1558351285057,-4.20718216930068));
#3974=CARTESIAN_POINT('Ctrl Pts',(-26.,-9.43876197304748,-4.15105361221425));
#3975=CARTESIAN_POINT('Ctrl Pts',(-21.2,-9.43876197304748,-4.15105361221425));
#3976=CARTESIAN_POINT('Ctrl Pts',(-26.,-4.98087053636191,-3.98557102213438));
#3977=CARTESIAN_POINT('Ctrl Pts',(-21.2,-4.98087053636191,-3.98557102213438));
#3978=CARTESIAN_POINT('Ctrl Pts',(-26.,-0.526696999564213,-3.74305138385577));
#3979=CARTESIAN_POINT('Ctrl Pts',(-21.2,-0.526696999564213,-3.74305138385577));
#3980=CARTESIAN_POINT('Ctrl Pts',(-26.,3.92360781105076,-3.43743897397122));
#3981=CARTESIAN_POINT('Ctrl Pts',(-21.2,3.92360781105076,-3.43743897397122));
#3982=CARTESIAN_POINT('Ctrl Pts',(-26.,8.36999327774322,-3.08002075562269));
#3983=CARTESIAN_POINT('Ctrl Pts',(-21.2,8.36999327774322,-3.08002075562269));
#3984=CARTESIAN_POINT('Ctrl Pts',(-26.,12.8125664629163,-2.6780455406531));
#3985=CARTESIAN_POINT('Ctrl Pts',(-21.2,12.8125664629163,-2.6780455406531));
#3986=CARTESIAN_POINT('Ctrl Pts',(-26.,18.7309752683195,-2.08931128303993));
#3987=CARTESIAN_POINT('Ctrl Pts',(-21.2,18.7309752683195,-2.08931128303993));
#3988=CARTESIAN_POINT('Ctrl Pts',(-26.,26.1193830933549,-1.2609900245685));
#3989=CARTESIAN_POINT('Ctrl Pts',(-21.2,26.1193830933549,-1.2609900245685));
#3990=CARTESIAN_POINT('Ctrl Pts',(-26.,32.0180646600673,-0.497970620298721));
#3991=CARTESIAN_POINT('Ctrl Pts',(-21.2,32.0180646600673,-0.497970620298721));
#3992=CARTESIAN_POINT('Ctrl Pts',(-26.,34.9629357869734,-0.0843306596780069));
#3993=CARTESIAN_POINT('Ctrl Pts',(-21.2,34.9629357869734,-0.0843306596780069));
#3994=CARTESIAN_POINT('',(-22.,34.9629357869734,-0.0843306596780069));
#3995=CARTESIAN_POINT('Ctrl Pts',(-22.,25.1572028726779,-1.35079922752808));
#3996=CARTESIAN_POINT('Ctrl Pts',(-22.,25.4769608135738,-1.31279310230366));
#3997=CARTESIAN_POINT('Ctrl Pts',(-22.,28.7493620338446,-0.920791127286279));
#3998=CARTESIAN_POINT('Ctrl Pts',(-22.,32.0180646600673,-0.497970620298721));
#3999=CARTESIAN_POINT('Ctrl Pts',(-22.,34.9629357869734,-0.0843306596780069));
#4000=CARTESIAN_POINT('',(-22.,34.9629357869734,0.0920693403219931));
#4001=CARTESIAN_POINT('Ctrl Pts',(-22.,34.9629357869734,0.0920693403219931));
#4002=CARTESIAN_POINT('Ctrl Pts',(-22.,32.018064660065,0.505709300942899));
#4003=CARTESIAN_POINT('Ctrl Pts',(-22.,28.7493956374845,0.928740448753003));
#4004=CARTESIAN_POINT('Ctrl Pts',(-22.,25.4769899832611,1.32072603990525));
#4005=CARTESIAN_POINT('Ctrl Pts',(-22.,25.1572290766571,1.35872913606773));
#4006=CARTESIAN_POINT('',(-26.,34.9629357869734,0.0920693403219931));
#4007=CARTESIAN_POINT('',(-26.,34.9629357869734,0.0920693403219931));
#4008=CARTESIAN_POINT('',(-26.,25.1572290766511,1.35872913606845));
#4009=CARTESIAN_POINT('Ctrl Pts',(-26.,34.9629357869734,0.0920693403219931));
#4010=CARTESIAN_POINT('Ctrl Pts',(-26.,32.018064660065,0.505709300942899));
#4011=CARTESIAN_POINT('Ctrl Pts',(-26.,28.7493956374825,0.92874044875326));
#4012=CARTESIAN_POINT('Ctrl Pts',(-26.,25.4769899832571,1.32072603990573));
#4013=CARTESIAN_POINT('Ctrl Pts',(-26.,25.1572290766511,1.35872913606844));
#4014=CARTESIAN_POINT('Ctrl Pts',(-26.,25.1572288618969,1.35872916159165));
#4015=CARTESIAN_POINT('Ctrl Pts',(-26.,22.5239865875036,1.67168598949964));
#4016=CARTESIAN_POINT('Ctrl Pts',(-26.,18.4105353630271,2.12886626376527));
#4017=CARTESIAN_POINT('Ctrl Pts',(-26.,12.812574055436,2.68592183309995));
#4018=CARTESIAN_POINT('Ctrl Pts',(-26.,8.36999524905401,3.08785677072706));
#4019=CARTESIAN_POINT('Ctrl Pts',(-26.,3.92359906578657,3.4451251227191));
#4020=CARTESIAN_POINT('Ctrl Pts',(-26.,-0.526686450759213,3.75078730235609));
#4021=CARTESIAN_POINT('Ctrl Pts',(-26.,-4.98089224935204,3.99348963525551));
#4022=CARTESIAN_POINT('Ctrl Pts',(-26.,-9.4387262244192,4.15867492203629));
#4023=CARTESIAN_POINT('Ctrl Pts',(-26.,-13.155824670649,4.21486884210763));
#4024=CARTESIAN_POINT('Ctrl Pts',(-26.,-16.1296953174393,4.19672279343607));
#4025=CARTESIAN_POINT('Ctrl Pts',(-26.,-18.3595168557793,4.1462289355656));
#4026=CARTESIAN_POINT('Ctrl Pts',(-26.,-20.5880559861199,4.05341757950872));
#4027=CARTESIAN_POINT('Ctrl Pts',(-26.,-22.1140820609766,3.95530905233863));
#4028=CARTESIAN_POINT('Ctrl Pts',(-26.,-22.8972441761858,3.89347954157392));
#4029=CARTESIAN_POINT('Ctrl Pts',(-26.,-22.939255585402,3.89012926747611));
#4030=CARTESIAN_POINT('Ctrl Pts',(-26.,-27.90371050604,3.30414335094986));
#4031=CARTESIAN_POINT('Ctrl Pts',(-26.,-28.0514040031795,3.27969045085367));
#4032=CARTESIAN_POINT('Ctrl Pts',(-26.,-28.5653827719287,3.19183527556683));
#4033=CARTESIAN_POINT('Ctrl Pts',(-26.,-29.4427955919519,3.02423798748803));
#4034=CARTESIAN_POINT('Ctrl Pts',(-26.,-30.5306047764457,2.77754392922285));
#4035=CARTESIAN_POINT('Ctrl Pts',(-26.,-31.6065011518776,2.48274086832822));
#4036=CARTESIAN_POINT('Ctrl Pts',(-26.,-32.4726306461784,2.1879401899823));
#4037=CARTESIAN_POINT('Ctrl Pts',(-26.,-32.9731694778546,1.97822684700693));
#4038=CARTESIAN_POINT('Ctrl Pts',(-26.,-33.1287107740765,1.90782212873653));
#4039=CARTESIAN_POINT('',(-26.,25.1572030079043,-1.35079921177795));
#4040=CARTESIAN_POINT('Ctrl Pts',(-26.,-33.1287107369227,-1.90008347406556));
#4041=CARTESIAN_POINT('Ctrl Pts',(-26.,-32.9731694666212,-1.97048821726215));
#4042=CARTESIAN_POINT('Ctrl Pts',(-26.,-32.4726307214042,-2.18020173481885));
#4043=CARTESIAN_POINT('Ctrl Pts',(-26.,-31.6065003085643,-2.47500010058599));
#4044=CARTESIAN_POINT('Ctrl Pts',(-26.,-30.530607855454,-2.76981286875108));
#4045=CARTESIAN_POINT('Ctrl Pts',(-26.,-29.4427841192324,-3.01647091325338));
#4046=CARTESIAN_POINT('Ctrl Pts',(-26.,-28.3473772893148,-3.22601236223712));
#4047=CARTESIAN_POINT('Ctrl Pts',(-26.,-26.8794336213348,-3.46406269851517));
#4048=CARTESIAN_POINT('Ctrl Pts',(-26.,-25.0352174210516,-3.69805502555781));
#4049=CARTESIAN_POINT('Ctrl Pts',(-26.,-22.8139806015819,-3.90249591113617));
#4050=CARTESIAN_POINT('Ctrl Pts',(-26.,-20.5881375627801,-4.04598956412722));
#4051=CARTESIAN_POINT('Ctrl Pts',(-26.,-18.3595047815362,-4.13841784673845));
#4052=CARTESIAN_POINT('Ctrl Pts',(-26.,-16.1296745593701,-4.18888347150305));
#4053=CARTESIAN_POINT('Ctrl Pts',(-26.,-13.1558351285057,-4.20718216930068));
#4054=CARTESIAN_POINT('Ctrl Pts',(-26.,-9.43876197304748,-4.15105361221425));
#4055=CARTESIAN_POINT('Ctrl Pts',(-26.,-4.98087053636191,-3.98557102213438));
#4056=CARTESIAN_POINT('Ctrl Pts',(-26.,-0.526696999564213,-3.74305138385577));
#4057=CARTESIAN_POINT('Ctrl Pts',(-26.,3.92360781105076,-3.43743897397122));
#4058=CARTESIAN_POINT('Ctrl Pts',(-26.,8.36999327774322,-3.08002075562269));
#4059=CARTESIAN_POINT('Ctrl Pts',(-26.,12.8125664629163,-2.6780455406531));
#4060=CARTESIAN_POINT('Ctrl Pts',(-26.,18.4105452782786,-2.12118608562733));
#4061=CARTESIAN_POINT('Ctrl Pts',(-26.,22.5239618421284,-1.66378375460752));
#4062=CARTESIAN_POINT('Ctrl Pts',(-26.,25.1572026022979,-1.35079925966519));
#4063=CARTESIAN_POINT('',(-26.,34.9629357869734,-0.0843306596780069));
#4064=CARTESIAN_POINT('Ctrl Pts',(-26.,25.1572028726779,-1.35079922752808));
#4065=CARTESIAN_POINT('Ctrl Pts',(-26.,25.4769608135738,-1.31279310230366));
#4066=CARTESIAN_POINT('Ctrl Pts',(-26.,28.7493620338446,-0.920791127286279));
#4067=CARTESIAN_POINT('Ctrl Pts',(-26.,32.0180646600673,-0.497970620298721));
#4068=CARTESIAN_POINT('Ctrl Pts',(-26.,34.9629357869734,-0.0843306596780069));
#4069=CARTESIAN_POINT('',(-26.,34.9629357869734,-0.0843306596780069));
#4070=CARTESIAN_POINT('Origin',(-97.,-25.4275750622896,3.64874516679371));
#4071=CARTESIAN_POINT('',(-71.,-22.9392555320878,3.89012866778903));
#4072=CARTESIAN_POINT('',(-71.,-22.9392554896639,3.89012806695015));
#4073=CARTESIAN_POINT('Origin',(-51.,-25.4275750622896,3.64874516679371));
#4074=CARTESIAN_POINT('',(-71.,-27.9037119617559,3.30415214335407));
#4075=CARTESIAN_POINT('',(-71.,-27.9037135278997,3.30416092582177));
#4076=CARTESIAN_POINT('Origin',(-71.,-25.4275750622896,3.64874516679371));
#4077=CARTESIAN_POINT('Origin',(-101.562270683483,-28.0954593810964,0.));
#4078=CARTESIAN_POINT('',(-51.,-28.0954593810964,1.58739008747265));
#4079=CARTESIAN_POINT('Origin',(-51.,-28.0954593810964,0.));
#4080=CARTESIAN_POINT('',(-71.,-28.0954593810964,1.58739008747265));
#4081=CARTESIAN_POINT('',(-101.562270683483,-28.0954593810964,1.58739008747265));
#4082=CARTESIAN_POINT('Origin',(-71.,-28.0954593810964,0.));
#4083=CARTESIAN_POINT('Origin',(-101.562270683483,-28.0954593810964,0.));
#4084=CARTESIAN_POINT('',(-26.,-28.0954593810964,1.58739008747265));
#4085=CARTESIAN_POINT('Origin',(-26.,-28.0954593810964,0.));
#4086=CARTESIAN_POINT('',(-47.,-28.0954593810964,1.58739008747265));
#4087=CARTESIAN_POINT('',(-101.562270683483,-28.0954593810964,1.58739008747265));
#4088=CARTESIAN_POINT('Origin',(-47.,-28.0954593810964,0.));
#4089=CARTESIAN_POINT('Origin',(-101.562270683483,7.76783998483635,0.));
#4090=CARTESIAN_POINT('',(-51.,7.76783998483635,1.61300626894953));
#4091=CARTESIAN_POINT('Origin',(-51.,7.76783998483635,0.));
#4092=CARTESIAN_POINT('',(-71.,7.76783998483635,1.61300626894953));
#4093=CARTESIAN_POINT('',(-101.562270683483,7.76783998483635,1.61300626894953));
#4094=CARTESIAN_POINT('Origin',(-71.,7.76783998483635,0.));
#4095=CARTESIAN_POINT('Origin',(-97.,11.999125748675,2.70459305372608));
#4096=CARTESIAN_POINT('',(-26.,16.9750490409604,2.22564786565425));
#4097=CARTESIAN_POINT('',(-26.,11.999125748675,2.70459305372608));
#4098=CARTESIAN_POINT('',(-26.,16.9750490409604,2.22564786565425));
#4099=CARTESIAN_POINT('',(-47.,16.9750490409604,2.22564786565425));
#4100=CARTESIAN_POINT('',(-47.,16.9750490409604,2.22564786565425));
#4101=CARTESIAN_POINT('',(-47.,11.999125748675,2.70459305372608));
#4102=CARTESIAN_POINT('',(-47.,16.9750490409604,2.22564786565425));
#4103=CARTESIAN_POINT('',(-47.,11.999125748675,2.70459305372608));
#4104=CARTESIAN_POINT('Origin',(-97.,-5.45037051026508,4.00160087214715));
#4105=CARTESIAN_POINT('Origin',(-26.,-5.45037051026508,4.00160087214715));
#4106=CARTESIAN_POINT('Origin',(-47.,-5.45037051026508,4.00160087214715));
#4107=CARTESIAN_POINT('Origin',(-97.,-7.9498179611251,4.05415979517058));
#4108=CARTESIAN_POINT('',(-51.,-2.95526661111269,3.84521502740874));
#4109=CARTESIAN_POINT('',(-51.,-7.94981796112509,4.05415979517058));
#4110=CARTESIAN_POINT('',(-51.,-2.95526661111267,3.84521502740875));
#4111=CARTESIAN_POINT('',(-71.,-2.95526661111269,3.84521502740874));
#4112=CARTESIAN_POINT('',(-71.,-2.95526661111269,3.84521502740874));
#4113=CARTESIAN_POINT('',(-71.,-7.94981796112509,4.05415979517058));
#4114=CARTESIAN_POINT('',(-71.,-2.95526661111267,3.84521502740875));
#4115=CARTESIAN_POINT('',(-71.,-7.94981796112509,4.05415979517058));
#4116=CARTESIAN_POINT('Origin',(-97.,14.4920655601286,2.51684030016458));
#4117=CARTESIAN_POINT('Origin',(-26.,14.4920655601286,2.51684030016458));
#4118=CARTESIAN_POINT('Origin',(-47.,14.4920655601286,2.51684030016458));
#4119=CARTESIAN_POINT('Origin',(-72.,-35.0370642130266,0.00386934032200899));
#4120=CARTESIAN_POINT('',(-72.,-7.91867182920211,0.769094517692257));
#4121=CARTESIAN_POINT('Origin',(-72.,-7.91867182920211,0.));
#4122=CARTESIAN_POINT('Origin',(-47.,-35.0370642130266,0.00386934032200899));
#4123=CARTESIAN_POINT('Origin',(-47.,34.9629357869734,0.00386934032199311));
#4124=CARTESIAN_POINT('Origin',(-51.,-35.0370642130266,0.00386934032200899));
#4125=CARTESIAN_POINT('Origin',(-51.,34.9629357869734,0.00386934032199311));
#4126=CARTESIAN_POINT('',(-51.,-33.1287099897688,1.90781982978879));
#4127=CARTESIAN_POINT('',(-51.,-25.9420876712621,-3.57738803989715));
#4128=CARTESIAN_POINT('',(-51.,-20.9608903407287,-3.99795225398575));
#4129=CARTESIAN_POINT('Origin',(-51.,-23.4558603583624,-3.83944480586881));
#4130=CARTESIAN_POINT('',(-51.,-25.9420876712621,-3.57738803989715));
#4131=CARTESIAN_POINT('',(-51.,-7.46820028140699,-4.03980103798072));
#4132=CARTESIAN_POINT('',(-51.,-2.4750002791269,-3.80073025114983));
#4133=CARTESIAN_POINT('Origin',(-51.,-4.96911537400319,-3.97216505948896));
#4134=CARTESIAN_POINT('',(-51.,-7.46820028140699,-4.03980103798072));
#4135=CARTESIAN_POINT('Origin',(-51.,-5.45037051026508,4.00160087214715));
#4136=CARTESIAN_POINT('',(-51.,16.9750490409604,2.22564786565425));
#4137=CARTESIAN_POINT('',(-51.,11.999125748675,2.70459305372608));
#4138=CARTESIAN_POINT('Origin',(-51.,14.4920655601286,2.51684030016458));
#4139=CARTESIAN_POINT('',(-51.,16.9750490409604,2.22564786565425));
#4140=CARTESIAN_POINT('Origin',(-51.,12.9808744282523,-2.65537210821151));
#4141=CARTESIAN_POINT('Origin',(-26.,-35.0370642130266,0.00386934032200899));
#4142=CARTESIAN_POINT('Origin',(-26.,34.9629357869734,0.00386934032199311));
#4143=CARTESIAN_POINT('Origin',(-100.,-35.0370642130266,0.00386934032200942));
#4144=CARTESIAN_POINT('',(-100.,-16.631784356308,2.00312284828911));
#4145=CARTESIAN_POINT('Origin',(-100.,-16.631784356308,0.00312284828911163));
#4146=CARTESIAN_POINT('Origin',(-97.,14.4920655601286,2.51684030016458));
#4147=CARTESIAN_POINT('',(-71.,16.9750490409604,2.22564786565425));
#4148=CARTESIAN_POINT('',(-71.,16.9750490409604,2.22564786565425));
#4149=CARTESIAN_POINT('',(-71.,11.999125748675,2.70459305372608));
#4150=CARTESIAN_POINT('',(-71.,11.999125748675,2.70459305372608));
#4151=CARTESIAN_POINT('Origin',(-71.,14.4920655601286,2.51684030016458));
#4152=CARTESIAN_POINT('Origin',(-97.,11.999125748675,2.70459305372608));
#4153=CARTESIAN_POINT('',(-71.,16.9750490409604,2.22564786565425));
#4154=CARTESIAN_POINT('Origin',(-97.,-5.45037051026508,4.00160087214715));
#4155=CARTESIAN_POINT('Origin',(-71.,-5.45037051026508,4.00160087214715));
#4156=CARTESIAN_POINT('Origin',(-51.,-35.0370642130266,0.00386934032200899));
#4157=CARTESIAN_POINT('',(-51.,-22.9392554896639,3.89012806695015));
#4158=CARTESIAN_POINT('Origin',(-97.,12.9808744282523,-2.65537210821151));
#4159=CARTESIAN_POINT('Origin',(-71.,12.9808744282523,-2.65537210821151));
#4160=CARTESIAN_POINT('Origin',(-97.,-27.9037135278997,3.30416092582177));
#4161=CARTESIAN_POINT('',(-71.,-22.9392554896639,3.89012806695015));
#4162=CARTESIAN_POINT('Ctrl Pts',(-22.,34.9629357869734,0.0920693403219931));
#4163=CARTESIAN_POINT('Ctrl Pts',(3.2,34.9629357869734,0.0920693403219931));
#4164=CARTESIAN_POINT('Ctrl Pts',(-22.,31.699183427554,0.550499722925506));
#4165=CARTESIAN_POINT('Ctrl Pts',(3.2,31.699183427554,0.550499722925506));
#4166=CARTESIAN_POINT('Ctrl Pts',(-22.,28.4299836899788,0.96973415089877));
#4167=CARTESIAN_POINT('Ctrl Pts',(3.2,28.4299836899788,0.96973415089877));
#4168=CARTESIAN_POINT('Ctrl Pts',(-22.,25.1572345624091,1.35877529364814));
#4169=CARTESIAN_POINT('Ctrl Pts',(3.2,25.1572345624091,1.35877529364814));
#4170=CARTESIAN_POINT('',(-22.,34.9629357869734,0.0920693403219931));
#4171=CARTESIAN_POINT('Ctrl Pts',(-47.,25.1572096991331,-1.35085666072497));
#4172=CARTESIAN_POINT('Ctrl Pts',(-21.8,25.1572096991331,-1.35085666072497));
#4173=CARTESIAN_POINT('Ctrl Pts',(-47.,28.4299434327897,-0.961701647836203));
#4174=CARTESIAN_POINT('Ctrl Pts',(-21.8,28.4299434327897,-0.961701647836203));
#4175=CARTESIAN_POINT('Ctrl Pts',(-47.,31.699186174436,-0.542760656451482));
#4176=CARTESIAN_POINT('Ctrl Pts',(-21.8,31.699186174436,-0.542760656451482));
#4177=CARTESIAN_POINT('Ctrl Pts',(-47.,34.9629357869734,-0.0843306596780069));
#4178=CARTESIAN_POINT('Ctrl Pts',(-21.8,34.9629357869734,-0.0843306596780069));
#4179=CARTESIAN_POINT('',(-47.,25.1572096991332,-1.35085666072496));
#4180=CARTESIAN_POINT('',(-47.,34.9629357869734,-0.0843306596780069));
#4181=CARTESIAN_POINT('Ctrl Pts',(-22.,25.1572096991331,-1.35085666072497));
#4182=CARTESIAN_POINT('Ctrl Pts',(3.2,25.1572096991331,-1.35085666072497));
#4183=CARTESIAN_POINT('Ctrl Pts',(-22.,28.4299434327897,-0.961701647836203));
#4184=CARTESIAN_POINT('Ctrl Pts',(3.2,28.4299434327897,-0.961701647836203));
#4185=CARTESIAN_POINT('Ctrl Pts',(-22.,31.699186174436,-0.542760656451482));
#4186=CARTESIAN_POINT('Ctrl Pts',(3.2,31.699186174436,-0.542760656451482));
#4187=CARTESIAN_POINT('Ctrl Pts',(-22.,34.9629357869734,-0.0843306596780069));
#4188=CARTESIAN_POINT('Ctrl Pts',(3.2,34.9629357869734,-0.0843306596780069));
#4189=CARTESIAN_POINT('',(-22.,34.9629357869734,-0.0843306596780069));
#4190=CARTESIAN_POINT('Origin',(-107.348120175443,34.9629357869734,0.00386934032199311));
#4191=CARTESIAN_POINT('',(-47.,25.1572345624091,1.35877529364814));
#4192=CARTESIAN_POINT('Origin',(-97.,-4.96911537400319,-3.97216505948896));
#4193=CARTESIAN_POINT('',(-71.,-7.46820028140699,-4.03980103798072));
#4194=CARTESIAN_POINT('',(-71.,-7.46820028140699,-4.03980103798072));
#4195=CARTESIAN_POINT('',(-71.,-2.4750002791269,-3.80073025114983));
#4196=CARTESIAN_POINT('',(-71.,-2.4750002791269,-3.80073025114983));
#4197=CARTESIAN_POINT('Origin',(-71.,-4.96911537400319,-3.97216505948896));
#4198=CARTESIAN_POINT('Origin',(-97.,-2.47500027912689,-3.80073025114983));
#4199=CARTESIAN_POINT('',(-71.,-7.468200281407,-4.03980103798072));
#4200=CARTESIAN_POINT('Ctrl Pts',(-47.,34.9629357869734,0.0920693403219931));
#4201=CARTESIAN_POINT('Ctrl Pts',(-21.8,34.9629357869734,0.0920693403219931));
#4202=CARTESIAN_POINT('Ctrl Pts',(-47.,31.699183427554,0.550499722925506));
#4203=CARTESIAN_POINT('Ctrl Pts',(-21.8,31.699183427554,0.550499722925506));
#4204=CARTESIAN_POINT('Ctrl Pts',(-47.,28.4299836899788,0.96973415089877));
#4205=CARTESIAN_POINT('Ctrl Pts',(-21.8,28.4299836899788,0.96973415089877));
#4206=CARTESIAN_POINT('Ctrl Pts',(-47.,25.1572345624091,1.35877529364814));
#4207=CARTESIAN_POINT('Ctrl Pts',(-21.8,25.1572345624091,1.35877529364814));
#4208=CARTESIAN_POINT('',(-47.,34.9629357869734,0.0920693403219931));
#4209=CARTESIAN_POINT('Origin',(-97.,-20.9608903407287,-3.99795225398575));
#4210=CARTESIAN_POINT('',(-71.,-25.9420876712621,-3.57738803989715));
#4211=CARTESIAN_POINT('',(-71.,-25.9420876712621,-3.57738803989715));
#4212=CARTESIAN_POINT('',(-71.,-20.9608903407287,-3.99795225398575));
#4213=CARTESIAN_POINT('',(-71.,-25.9420876712621,-3.57738803989715));
#4214=CARTESIAN_POINT('',(-71.,-20.9608903407287,-3.99795225398575));
#4215=CARTESIAN_POINT('Origin',(-97.,-23.4558603583624,-3.83944480586881));
#4216=CARTESIAN_POINT('Origin',(-71.,-23.4558603583624,-3.83944480586881));
#4217=CARTESIAN_POINT('Origin',(-71.,-35.0370642130266,0.00386934032200899));
#4218=CARTESIAN_POINT('',(-71.0000000000001,-33.1287107369227,-1.90008347406556));
#4219=CARTESIAN_POINT('',(-71.0000000000001,25.1572030079044,-1.35079921177793));
#4220=CARTESIAN_POINT('Ctrl Pts',(-71.0000000000001,-33.1287107369227,-1.90008347406556));
#4221=CARTESIAN_POINT('Ctrl Pts',(-71.0000000000001,-32.9731694666212,-1.97048821726215));
#4222=CARTESIAN_POINT('Ctrl Pts',(-71.0000000000001,-32.4726307214042,-2.18020173481885));
#4223=CARTESIAN_POINT('Ctrl Pts',(-71.0000000000001,-31.6065003085643,-2.47500010058599));
#4224=CARTESIAN_POINT('Ctrl Pts',(-71.0000000000001,-30.530607855454,-2.76981286875108));
#4225=CARTESIAN_POINT('Ctrl Pts',(-71.0000000000001,-29.4427841192324,-3.01647091325338));
#4226=CARTESIAN_POINT('Ctrl Pts',(-71.0000000000001,-28.3473772893148,-3.22601236223712));
#4227=CARTESIAN_POINT('Ctrl Pts',(-71.,-26.8794336213348,-3.46406269851517));
#4228=CARTESIAN_POINT('Ctrl Pts',(-71.0000000000001,-25.0352174210516,-3.69805502555781));
#4229=CARTESIAN_POINT('Ctrl Pts',(-71.,-22.8139806015819,-3.90249591113617));
#4230=CARTESIAN_POINT('Ctrl Pts',(-71.0000000000001,-20.5881375627801,-4.04598956412722));
#4231=CARTESIAN_POINT('Ctrl Pts',(-71.0000000000001,-18.3595047815362,-4.13841784673845));
#4232=CARTESIAN_POINT('Ctrl Pts',(-71.0000000000001,-16.1296745593701,-4.18888347150305));
#4233=CARTESIAN_POINT('Ctrl Pts',(-71.,-13.1558351285057,-4.20718216930068));
#4234=CARTESIAN_POINT('Ctrl Pts',(-71.0000000000001,-9.43876197304748,-4.15105361221425));
#4235=CARTESIAN_POINT('Ctrl Pts',(-71.0000000000001,-4.98087053636191,-3.98557102213438));
#4236=CARTESIAN_POINT('Ctrl Pts',(-71.0000000000001,-0.526696999564213,
-3.74305138385577));
#4237=CARTESIAN_POINT('Ctrl Pts',(-71.0000000000001,3.92360781105076,-3.43743897397122));
#4238=CARTESIAN_POINT('Ctrl Pts',(-71.,8.36999327774322,-3.08002075562269));
#4239=CARTESIAN_POINT('Ctrl Pts',(-71.0000000000001,12.8125664629163,-2.6780455406531));
#4240=CARTESIAN_POINT('Ctrl Pts',(-71.0000000000001,18.4105452782786,-2.12118608562733));
#4241=CARTESIAN_POINT('Ctrl Pts',(-71.,22.5239618421284,-1.66378375460752));
#4242=CARTESIAN_POINT('Ctrl Pts',(-71.0000000000001,25.1572026022979,-1.35079925966519));
#4243=CARTESIAN_POINT('',(-71.0000000000001,25.1572295156979,1.35872908811432));
#4244=CARTESIAN_POINT('Origin',(-71.,34.9629357869734,0.00386934032199311));
#4245=CARTESIAN_POINT('Ctrl Pts',(-71.0000000000001,25.1572288618969,1.35872916159165));
#4246=CARTESIAN_POINT('Ctrl Pts',(-71.0000000000001,22.5239865875036,1.67168598949964));
#4247=CARTESIAN_POINT('Ctrl Pts',(-71.0000000000001,18.4105353630271,2.12886626376527));
#4248=CARTESIAN_POINT('Ctrl Pts',(-71.0000000000001,12.812574055436,2.68592183309995));
#4249=CARTESIAN_POINT('Ctrl Pts',(-71.,8.36999524905402,3.08785677072706));
#4250=CARTESIAN_POINT('Ctrl Pts',(-71.0000000000001,3.92359906578659,3.4451251227191));
#4251=CARTESIAN_POINT('Ctrl Pts',(-71.0000000000001,-0.526686450759196,
3.75078730235609));
#4252=CARTESIAN_POINT('Ctrl Pts',(-71.0000000000001,-4.98089224935203,3.9934896352555));
#4253=CARTESIAN_POINT('Ctrl Pts',(-71.0000000000001,-9.43872622441918,4.15867492203629));
#4254=CARTESIAN_POINT('Ctrl Pts',(-71.0000000000001,-13.155824670649,4.21486884210763));
#4255=CARTESIAN_POINT('Ctrl Pts',(-71.0000000000001,-16.1296953174393,4.19672279343607));
#4256=CARTESIAN_POINT('Ctrl Pts',(-71.0000000000001,-18.3595168557793,4.14622893556561));
#4257=CARTESIAN_POINT('Ctrl Pts',(-71.0000000000001,-20.5880559861199,4.05341757950872));
#4258=CARTESIAN_POINT('Ctrl Pts',(-71.0000000000001,-22.1140820609766,3.95530905233863));
#4259=CARTESIAN_POINT('Ctrl Pts',(-71.0000000000001,-22.8972441761857,3.89347954157393));
#4260=CARTESIAN_POINT('Ctrl Pts',(-71.0000000000001,-22.939255585402,3.89012926747611));
#4261=CARTESIAN_POINT('',(-71.0000000000001,-33.1287107343522,1.90782214671746));
#4262=CARTESIAN_POINT('Ctrl Pts',(-71.0000000000001,-27.90371050604,3.30414335094986));
#4263=CARTESIAN_POINT('Ctrl Pts',(-71.0000000000001,-28.0514040031795,3.27969045085367));
#4264=CARTESIAN_POINT('Ctrl Pts',(-71.,-28.5653827719287,3.19183527556683));
#4265=CARTESIAN_POINT('Ctrl Pts',(-71.0000000000001,-29.4427955919519,3.02423798748803));
#4266=CARTESIAN_POINT('Ctrl Pts',(-71.0000000000001,-30.5306047764457,2.77754392922285));
#4267=CARTESIAN_POINT('Ctrl Pts',(-71.0000000000001,-31.6065011518775,2.48274086832823));
#4268=CARTESIAN_POINT('Ctrl Pts',(-71.,-32.4726306324096,2.1879401946687));
#4269=CARTESIAN_POINT('Ctrl Pts',(-71.0000000000001,-32.9731694510348,1.97822685824374));
#4270=CARTESIAN_POINT('Ctrl Pts',(-71.0000000000001,-33.1287107343522,1.90782214671746));
#4271=CARTESIAN_POINT('',(-71.,-33.1287099897688,1.90781982978879));
#4272=CARTESIAN_POINT('',(-71.,-16.631784356308,2.00312284828911));
#4273=CARTESIAN_POINT('Origin',(-71.,-16.631784356308,0.00312284828911163));
#4274=CARTESIAN_POINT('Origin',(-101.562270683483,-28.0954593810964,0.));
#4275=CARTESIAN_POINT('',(-75.,-28.0954593810964,1.58739008747265));
#4276=CARTESIAN_POINT('Origin',(-75.,-28.0954593810964,0.));
#4277=CARTESIAN_POINT('',(-97.,-28.0954593810964,1.58739008747265));
#4278=CARTESIAN_POINT('',(-101.562270683483,-28.0954593810964,1.58739008747265));
#4279=CARTESIAN_POINT('Origin',(-97.,-28.0954593810964,0.));
#4280=CARTESIAN_POINT('Origin',(-1.,34.9629357869734,0.00386934032199311));
#4281=CARTESIAN_POINT('',(-71.,34.9629357869734,-0.0843306596780069));
#4282=CARTESIAN_POINT('',(-71.,34.9629357869734,-0.0843306596780069));
#4283=CARTESIAN_POINT('',(-75.,34.9629357869734,-0.0843306596780069));
#4284=CARTESIAN_POINT('',(-75.,34.9629357869734,-0.0843306596780069));
#4285=CARTESIAN_POINT('',(-97.,34.9629357869734,-0.0843306596780069));
#4286=CARTESIAN_POINT('',(-97.,34.9629357869734,-0.0843306596780069));
#4287=CARTESIAN_POINT('',(-102.,34.9629357869734,-0.0843306596780069));
#4288=CARTESIAN_POINT('',(-97.,34.9629357869734,0.0920693403219931));
#4289=CARTESIAN_POINT('',(-102.,34.9629357869734,0.0920693403219931));
#4290=CARTESIAN_POINT('',(-75.,34.9629357869734,0.0920693403219931));
#4291=CARTESIAN_POINT('',(-97.,34.9629357869734,0.0920693403219931));
#4292=CARTESIAN_POINT('',(-71.,34.9629357869734,0.0920693403219931));
#4293=CARTESIAN_POINT('',(-75.,34.9629357869734,0.0920693403219931));
#4294=CARTESIAN_POINT('',(-71.,34.9629357869734,0.0920693403219931));
#4295=CARTESIAN_POINT('Origin',(-97.,-27.9037135278997,3.30416092582177));
#4296=CARTESIAN_POINT('',(-97.,-27.9037119511965,3.3041521449715));
#4297=CARTESIAN_POINT('',(-75.,-27.9037119617559,3.30415214335407));
#4298=CARTESIAN_POINT('',(-97.,-27.9037135278997,3.30416092582177));
#4299=CARTESIAN_POINT('',(-75.,-22.9392555320878,3.89012866778903));
#4300=CARTESIAN_POINT('',(-75.,-27.9037135278997,3.30416092582178));
#4301=CARTESIAN_POINT('',(-97.,-22.9392555338239,3.89012866748902));
#4302=CARTESIAN_POINT('',(-97.,-22.9392554896639,3.89012806695015));
#4303=CARTESIAN_POINT('',(-97.,-27.9037135278997,3.30416092582177));
#4304=CARTESIAN_POINT('Origin',(-101.,-7.91867182920211,0.));
#4305=CARTESIAN_POINT('',(-75.,-7.91867182920211,0.769094517692257));
#4306=CARTESIAN_POINT('Origin',(-75.,-7.91867182920211,0.));
#4307=CARTESIAN_POINT('',(-101.,-7.91867182920211,0.769094517692257));
#4308=CARTESIAN_POINT('Origin',(-97.,-25.4275750622896,3.64874516679371));
#4309=CARTESIAN_POINT('Origin',(-75.,-25.4275750622896,3.64874516679371));
#4310=CARTESIAN_POINT('Origin',(-97.,-25.4275750622896,3.64874516679371));
#4311=CARTESIAN_POINT('Origin',(-97.,14.4920655601286,2.51684030016458));
#4312=CARTESIAN_POINT('',(-75.,11.999125748675,2.70459305372608));
#4313=CARTESIAN_POINT('',(-75.,16.9750490409604,2.22564786565425));
#4314=CARTESIAN_POINT('Origin',(-75.,14.4920655601286,2.51684030016458));
#4315=CARTESIAN_POINT('',(-97.,11.999125748675,2.70459305372608));
#4316=CARTESIAN_POINT('',(-97.,11.999125748675,2.70459305372608));
#4317=CARTESIAN_POINT('',(-97.,16.9750490409604,2.22564786565425));
#4318=CARTESIAN_POINT('Origin',(-97.,14.4920655601286,2.51684030016458));
#4319=CARTESIAN_POINT('',(-97.,16.9750490409604,2.22564786565425));
#4320=CARTESIAN_POINT('Origin',(-97.,11.999125748675,2.70459305372608));
#4321=CARTESIAN_POINT('',(-75.,11.999125748675,2.70459305372608));
#4322=CARTESIAN_POINT('',(-97.,11.999125748675,2.70459305372608));
#4323=CARTESIAN_POINT('Origin',(-97.,-5.45037051026508,4.00160087214715));
#4324=CARTESIAN_POINT('',(-75.,-7.94981796112509,4.05415979517058));
#4325=CARTESIAN_POINT('',(-75.,-2.95526661111269,3.84521502740874));
#4326=CARTESIAN_POINT('Origin',(-75.,-5.45037051026508,4.00160087214715));
#4327=CARTESIAN_POINT('',(-97.,-7.94981796112509,4.05415979517058));
#4328=CARTESIAN_POINT('',(-97.,-7.94981796112509,4.05415979517058));
#4329=CARTESIAN_POINT('',(-97.,-2.95526661111269,3.84521502740874));
#4330=CARTESIAN_POINT('Origin',(-97.,-5.45037051026508,4.00160087214715));
#4331=CARTESIAN_POINT('',(-97.,-2.95526661111269,3.84521502740874));
#4332=CARTESIAN_POINT('Origin',(-76.,-16.631784356308,0.00312284828911163));
#4333=CARTESIAN_POINT('',(-75.,-16.631784356308,2.00312284828911));
#4334=CARTESIAN_POINT('Origin',(-75.,-16.631784356308,0.00312284828911163));
#4335=CARTESIAN_POINT('',(-76.,-16.631784356308,2.00312284828911));
#4336=CARTESIAN_POINT('Origin',(-97.,-35.0370642130266,0.00386934032200899));
#4337=CARTESIAN_POINT('Ctrl Pts',(-97.,-22.939255585402,3.89012926747611));
#4338=CARTESIAN_POINT('Ctrl Pts',(-97.,-23.6383457139347,3.83437908928983));
#4339=CARTESIAN_POINT('Ctrl Pts',(-97.,-25.0770326920436,3.70051749327082));
#4340=CARTESIAN_POINT('Ctrl Pts',(-97.,-26.7308361669073,3.4907517037824));
#4341=CARTESIAN_POINT('Ctrl Pts',(-97.,-27.6844231036965,3.34044770815573));
#4342=CARTESIAN_POINT('Ctrl Pts',(-97.,-27.9033332234302,3.30420581408974));
#4343=CARTESIAN_POINT('Ctrl Pts',(-102.,34.9629357869734,0.0920693403219931));
#4344=CARTESIAN_POINT('Ctrl Pts',(-95.9999999999999,34.9629357869734,0.0920693403219931));
#4345=CARTESIAN_POINT('Ctrl Pts',(-102.,32.018064660065,0.505709300942899));
#4346=CARTESIAN_POINT('Ctrl Pts',(-95.9999999999999,32.018064660065,0.505709300942899));
#4347=CARTESIAN_POINT('Ctrl Pts',(-102.,26.1194482087933,1.26910824731377));
#4348=CARTESIAN_POINT('Ctrl Pts',(-95.9999999999998,26.1194482087933,1.26910824731377));
#4349=CARTESIAN_POINT('Ctrl Pts',(-102.,18.7309669615001,2.09697997575572));
#4350=CARTESIAN_POINT('Ctrl Pts',(-95.9999999999999,18.7309669615001,2.09697997575572));
#4351=CARTESIAN_POINT('Ctrl Pts',(-102.,12.812574055436,2.68592183309995));
#4352=CARTESIAN_POINT('Ctrl Pts',(-95.9999999999999,12.812574055436,2.68592183309995));
#4353=CARTESIAN_POINT('Ctrl Pts',(-102.,8.36999524905401,3.08785677072706));
#4354=CARTESIAN_POINT('Ctrl Pts',(-95.9999999999999,8.36999524905401,3.08785677072706));
#4355=CARTESIAN_POINT('Ctrl Pts',(-102.,3.92359906578657,3.4451251227191));
#4356=CARTESIAN_POINT('Ctrl Pts',(-95.9999999999999,3.92359906578657,3.4451251227191));
#4357=CARTESIAN_POINT('Ctrl Pts',(-102.,-0.526686450759213,3.75078730235609));
#4358=CARTESIAN_POINT('Ctrl Pts',(-95.9999999999999,-0.526686450759213,
3.75078730235609));
#4359=CARTESIAN_POINT('Ctrl Pts',(-102.,-4.98089224935204,3.99348963525551));
#4360=CARTESIAN_POINT('Ctrl Pts',(-95.9999999999999,-4.98089224935204,3.99348963525551));
#4361=CARTESIAN_POINT('Ctrl Pts',(-102.,-9.4387262244192,4.15867492203629));
#4362=CARTESIAN_POINT('Ctrl Pts',(-95.9999999999999,-9.4387262244192,4.15867492203629));
#4363=CARTESIAN_POINT('Ctrl Pts',(-102.,-13.155824670649,4.21486884210763));
#4364=CARTESIAN_POINT('Ctrl Pts',(-95.9999999999999,-13.155824670649,4.21486884210763));
#4365=CARTESIAN_POINT('Ctrl Pts',(-102.,-16.1296953174393,4.19672279343607));
#4366=CARTESIAN_POINT('Ctrl Pts',(-95.9999999999999,-16.1296953174393,4.19672279343607));
#4367=CARTESIAN_POINT('Ctrl Pts',(-102.,-18.3595168557793,4.1462289355656));
#4368=CARTESIAN_POINT('Ctrl Pts',(-95.9999999999999,-18.3595168557793,4.1462289355656));
#4369=CARTESIAN_POINT('Ctrl Pts',(-102.,-20.5880559861199,4.05341757950872));
#4370=CARTESIAN_POINT('Ctrl Pts',(-95.9999999999999,-20.5880559861199,4.05341757950872));
#4371=CARTESIAN_POINT('Ctrl Pts',(-102.,-22.8140030862095,3.91031098706807));
#4372=CARTESIAN_POINT('Ctrl Pts',(-95.9999999999999,-22.8140030862095,3.91031098706807));
#4373=CARTESIAN_POINT('Ctrl Pts',(-102.,-25.0352129398373,3.70582184380044));
#4374=CARTESIAN_POINT('Ctrl Pts',(-95.9999999999999,-25.0352129398373,3.70582184380044));
#4375=CARTESIAN_POINT('Ctrl Pts',(-102.,-26.8795144787894,3.47189358433484));
#4376=CARTESIAN_POINT('Ctrl Pts',(-95.9999999999999,-26.8795144787894,3.47189358433484));
#4377=CARTESIAN_POINT('Ctrl Pts',(-102.,-28.3472765965364,3.23349639867194));
#4378=CARTESIAN_POINT('Ctrl Pts',(-95.9999999999999,-28.3472765965364,3.23349639867194));
#4379=CARTESIAN_POINT('Ctrl Pts',(-102.,-29.4427955919519,3.02423798748803));
#4380=CARTESIAN_POINT('Ctrl Pts',(-95.9999999999999,-29.4427955919519,3.02423798748803));
#4381=CARTESIAN_POINT('Ctrl Pts',(-102.,-30.5306047764457,2.77754392922285));
#4382=CARTESIAN_POINT('Ctrl Pts',(-95.9999999999999,-30.5306047764457,2.77754392922285));
#4383=CARTESIAN_POINT('Ctrl Pts',(-102.,-31.6065011518776,2.48274086832822));
#4384=CARTESIAN_POINT('Ctrl Pts',(-95.9999999999999,-31.6065011518776,2.48274086832822));
#4385=CARTESIAN_POINT('Ctrl Pts',(-102.,-32.4869943129665,2.1830512920282));
#4386=CARTESIAN_POINT('Ctrl Pts',(-95.9999999999999,-32.4869943129665,2.1830512920282));
#4387=CARTESIAN_POINT('Ctrl Pts',(-102.,-33.1725188251606,1.8942859696024));
#4388=CARTESIAN_POINT('Ctrl Pts',(-95.9999999999998,-33.1725188251606,1.8942859696024));
#4389=CARTESIAN_POINT('Ctrl Pts',(-102.,-33.6721751755358,1.6457516714005));
#4390=CARTESIAN_POINT('Ctrl Pts',(-95.9999999999999,-33.6721751755358,1.6457516714005));
#4391=CARTESIAN_POINT('Ctrl Pts',(-102.,-34.1486781649905,1.35416788578589));
#4392=CARTESIAN_POINT('Ctrl Pts',(-95.9999999999999,-34.1486781649905,1.35416788578589));
#4393=CARTESIAN_POINT('Ctrl Pts',(-102.,-34.5835803223464,1.00214815299177));
#4394=CARTESIAN_POINT('Ctrl Pts',(-95.9999999999998,-34.5835803223464,1.00214815299177));
#4395=CARTESIAN_POINT('Ctrl Pts',(-102.,-34.8759479066646,0.632862454246766));
#4396=CARTESIAN_POINT('Ctrl Pts',(-95.9999999999999,-34.8759479066646,0.632862454246766));
#4397=CARTESIAN_POINT('Ctrl Pts',(-102.,-35.013035994948,0.283497091064587));
#4398=CARTESIAN_POINT('Ctrl Pts',(-95.9999999999999,-35.013035994948,0.283497091064587));
#4399=CARTESIAN_POINT('Ctrl Pts',(-102.,-35.0490783220638,0.00386934032801602));
#4400=CARTESIAN_POINT('Ctrl Pts',(-95.9999999999999,-35.0490783220638,0.00386934032801602));
#4401=CARTESIAN_POINT('Ctrl Pts',(-102.,-35.0130359949565,-0.275758410444597));
#4402=CARTESIAN_POINT('Ctrl Pts',(-95.9999999999999,-35.0130359949565,-0.275758410444597));
#4403=CARTESIAN_POINT('Ctrl Pts',(-102.,-34.8759479066167,-0.625123773482612));
#4404=CARTESIAN_POINT('Ctrl Pts',(-95.9999999999999,-34.8759479066167,-0.625123773482612));
#4405=CARTESIAN_POINT('Ctrl Pts',(-102.,-34.5835803227346,-0.994409473308977));
#4406=CARTESIAN_POINT('Ctrl Pts',(-95.9999999999999,-34.5835803227346,-0.994409473308977));
#4407=CARTESIAN_POINT('Ctrl Pts',(-102.,-34.148678163573,-1.34642920163344));
#4408=CARTESIAN_POINT('Ctrl Pts',(-95.9999999999998,-34.148678163573,-1.34642920163344));
#4409=CARTESIAN_POINT('Ctrl Pts',(-102.,-33.6721751808179,-1.63801300382909));
#4410=CARTESIAN_POINT('Ctrl Pts',(-95.9999999999999,-33.6721751808179,-1.63801300382909));
#4411=CARTESIAN_POINT('Ctrl Pts',(-102.,-33.1725188054497,-1.88654724017647));
#4412=CARTESIAN_POINT('Ctrl Pts',(-95.9999999999999,-33.1725188054497,-1.88654724017647));
#4413=CARTESIAN_POINT('Ctrl Pts',(-102.,-32.4869944176185,-2.17531287038508));
#4414=CARTESIAN_POINT('Ctrl Pts',(-95.9999999999999,-32.4869944176185,-2.17531287038508));
#4415=CARTESIAN_POINT('Ctrl Pts',(-102.,-31.6065003085643,-2.47500010058599));
#4416=CARTESIAN_POINT('Ctrl Pts',(-95.9999999999999,-31.6065003085643,-2.47500010058599));
#4417=CARTESIAN_POINT('Ctrl Pts',(-102.,-30.530607855454,-2.76981286875108));
#4418=CARTESIAN_POINT('Ctrl Pts',(-95.9999999999999,-30.530607855454,-2.76981286875108));
#4419=CARTESIAN_POINT('Ctrl Pts',(-102.,-29.4427841192324,-3.01647091325338));
#4420=CARTESIAN_POINT('Ctrl Pts',(-95.9999999999998,-29.4427841192324,-3.01647091325338));
#4421=CARTESIAN_POINT('Ctrl Pts',(-102.,-28.3473772893148,-3.22601236223712));
#4422=CARTESIAN_POINT('Ctrl Pts',(-95.9999999999999,-28.3473772893148,-3.22601236223712));
#4423=CARTESIAN_POINT('Ctrl Pts',(-102.,-26.8794336213348,-3.46406269851517));
#4424=CARTESIAN_POINT('Ctrl Pts',(-95.9999999999998,-26.8794336213348,-3.46406269851517));
#4425=CARTESIAN_POINT('Ctrl Pts',(-102.,-25.0352174210516,-3.69805502555781));
#4426=CARTESIAN_POINT('Ctrl Pts',(-95.9999999999999,-25.0352174210516,-3.69805502555781));
#4427=CARTESIAN_POINT('Ctrl Pts',(-102.,-22.8139806015819,-3.90249591113617));
#4428=CARTESIAN_POINT('Ctrl Pts',(-95.9999999999999,-22.8139806015819,-3.90249591113617));
#4429=CARTESIAN_POINT('Ctrl Pts',(-102.,-20.5881375627801,-4.04598956412722));
#4430=CARTESIAN_POINT('Ctrl Pts',(-95.9999999999999,-20.5881375627801,-4.04598956412722));
#4431=CARTESIAN_POINT('Ctrl Pts',(-102.,-18.3595047815362,-4.13841784673845));
#4432=CARTESIAN_POINT('Ctrl Pts',(-95.9999999999998,-18.3595047815362,-4.13841784673845));
#4433=CARTESIAN_POINT('Ctrl Pts',(-102.,-16.1296745593701,-4.18888347150305));
#4434=CARTESIAN_POINT('Ctrl Pts',(-95.9999999999999,-16.1296745593701,-4.18888347150305));
#4435=CARTESIAN_POINT('Ctrl Pts',(-102.,-13.1558351285057,-4.20718216930068));
#4436=CARTESIAN_POINT('Ctrl Pts',(-95.9999999999999,-13.1558351285057,-4.20718216930068));
#4437=CARTESIAN_POINT('Ctrl Pts',(-102.,-9.43876197304748,-4.15105361221425));
#4438=CARTESIAN_POINT('Ctrl Pts',(-95.9999999999999,-9.43876197304748,-4.15105361221425));
#4439=CARTESIAN_POINT('Ctrl Pts',(-102.,-4.98087053636191,-3.98557102213438));
#4440=CARTESIAN_POINT('Ctrl Pts',(-95.9999999999999,-4.98087053636191,-3.98557102213438));
#4441=CARTESIAN_POINT('Ctrl Pts',(-102.,-0.526696999564213,-3.74305138385577));
#4442=CARTESIAN_POINT('Ctrl Pts',(-95.9999999999999,-0.526696999564213,
-3.74305138385577));
#4443=CARTESIAN_POINT('Ctrl Pts',(-102.,3.92360781105076,-3.43743897397122));
#4444=CARTESIAN_POINT('Ctrl Pts',(-95.9999999999999,3.92360781105076,-3.43743897397122));
#4445=CARTESIAN_POINT('Ctrl Pts',(-102.,8.36999327774322,-3.08002075562269));
#4446=CARTESIAN_POINT('Ctrl Pts',(-95.9999999999998,8.36999327774322,-3.08002075562269));
#4447=CARTESIAN_POINT('Ctrl Pts',(-102.,12.8125664629163,-2.6780455406531));
#4448=CARTESIAN_POINT('Ctrl Pts',(-95.9999999999999,12.8125664629163,-2.6780455406531));
#4449=CARTESIAN_POINT('Ctrl Pts',(-102.,18.7309752683195,-2.08931128303993));
#4450=CARTESIAN_POINT('Ctrl Pts',(-95.9999999999998,18.7309752683195,-2.08931128303993));
#4451=CARTESIAN_POINT('Ctrl Pts',(-102.,26.1193830933549,-1.2609900245685));
#4452=CARTESIAN_POINT('Ctrl Pts',(-95.9999999999998,26.1193830933549,-1.2609900245685));
#4453=CARTESIAN_POINT('Ctrl Pts',(-102.,32.0180646600673,-0.497970620298721));
#4454=CARTESIAN_POINT('Ctrl Pts',(-95.9999999999999,32.0180646600673,-0.497970620298721));
#4455=CARTESIAN_POINT('Ctrl Pts',(-102.,34.9629357869734,-0.0843306596780069));
#4456=CARTESIAN_POINT('Ctrl Pts',(-95.9999999999999,34.9629357869734,-0.0843306596780069));
#4457=CARTESIAN_POINT('',(-97.,25.1572096990938,-1.35085666040694));
#4458=CARTESIAN_POINT('Ctrl Pts',(-97.,25.1572096991331,-1.35085666072497));
#4459=CARTESIAN_POINT('Ctrl Pts',(-97.,26.7935734488003,-1.15627952493673));
#4460=CARTESIAN_POINT('Ctrl Pts',(-97.,28.4290645451929,-0.954255912025992));
#4461=CARTESIAN_POINT('Ctrl Pts',(-97.,31.6978066067005,-0.53288924797808));
#4462=CARTESIAN_POINT('Ctrl Pts',(-97.,33.3310577399253,-0.313546113268314));
#4463=CARTESIAN_POINT('Ctrl Pts',(-97.,34.9629357869734,-0.0843306596780069));
#4464=CARTESIAN_POINT('',(-97.,-33.1287102538186,-1.9000823006643));
#4465=CARTESIAN_POINT('Ctrl Pts',(-97.,-33.128710776784,-1.9000834560226));
#4466=CARTESIAN_POINT('Ctrl Pts',(-97.,-32.9731694935334,-1.97048820598657));
#4467=CARTESIAN_POINT('Ctrl Pts',(-97.,-32.4726307352204,-2.18020173011633));
#4468=CARTESIAN_POINT('Ctrl Pts',(-97.,-31.6065003085643,-2.47500010058599));
#4469=CARTESIAN_POINT('Ctrl Pts',(-97.,-30.530607855454,-2.76981286875108));
#4470=CARTESIAN_POINT('Ctrl Pts',(-97.,-29.4427841192324,-3.01647091325338));
#4471=CARTESIAN_POINT('Ctrl Pts',(-97.,-28.3473772893148,-3.22601236223712));
#4472=CARTESIAN_POINT('Ctrl Pts',(-97.,-26.8794336213348,-3.46406269851517));
#4473=CARTESIAN_POINT('Ctrl Pts',(-97.,-25.0352174210516,-3.69805502555781));
#4474=CARTESIAN_POINT('Ctrl Pts',(-97.,-22.8139806015819,-3.90249591113617));
#4475=CARTESIAN_POINT('Ctrl Pts',(-97.,-20.5881375627801,-4.04598956412722));
#4476=CARTESIAN_POINT('Ctrl Pts',(-97.,-18.3595047815362,-4.13841784673845));
#4477=CARTESIAN_POINT('Ctrl Pts',(-97.,-16.1296745593701,-4.18888347150305));
#4478=CARTESIAN_POINT('Ctrl Pts',(-97.,-13.1558351285057,-4.20718216930068));
#4479=CARTESIAN_POINT('Ctrl Pts',(-97.,-9.43876197304748,-4.15105361221425));
#4480=CARTESIAN_POINT('Ctrl Pts',(-97.,-4.98087053636191,-3.98557102213438));
#4481=CARTESIAN_POINT('Ctrl Pts',(-97.,-0.526696999564213,-3.74305138385577));
#4482=CARTESIAN_POINT('Ctrl Pts',(-97.,3.92360781105076,-3.43743897397122));
#4483=CARTESIAN_POINT('Ctrl Pts',(-97.,8.36999327774322,-3.08002075562269));
#4484=CARTESIAN_POINT('Ctrl Pts',(-97.,12.8125664629163,-2.6780455406531));
#4485=CARTESIAN_POINT('Ctrl Pts',(-97.,18.4105452782786,-2.12118608562733));
#4486=CARTESIAN_POINT('Ctrl Pts',(-97.,22.5239618421284,-1.66378375460752));
#4487=CARTESIAN_POINT('Ctrl Pts',(-97.,25.1572026022979,-1.35079925966519));
#4488=CARTESIAN_POINT('',(-97.,-33.1287099897688,1.90781982978879));
#4489=CARTESIAN_POINT('Ctrl Pts',(-97.,-33.1287099897715,-1.90008114914358));
#4490=CARTESIAN_POINT('Ctrl Pts',(-97.,-33.3438723638073,-1.80270699970787));
#4491=CARTESIAN_POINT('Ctrl Pts',(-97.,-33.5552607157832,-1.69695210255185));
#4492=CARTESIAN_POINT('Ctrl Pts',(-97.,-33.7600334188461,-1.57905832272331));
#4493=CARTESIAN_POINT('Ctrl Pts',(-97.,-33.964806121909,-1.46116454289476));
#4494=CARTESIAN_POINT('Ctrl Pts',(-97.,-34.162963176059,-1.33113188039369));
#4495=CARTESIAN_POINT('Ctrl Pts',(-97.,-34.3458549466369,-1.18160319818817));
#4496=CARTESIAN_POINT('Ctrl Pts',(-97.,-34.4373008319258,-1.10683885708541));
#4497=CARTESIAN_POINT('Ctrl Pts',(-97.,-34.5249303963217,-1.02720051105653));
#4498=CARTESIAN_POINT('Ctrl Pts',(-97.,-34.606191893263,-0.94133996876157));
#4499=CARTESIAN_POINT('Ctrl Pts',(-97.,-34.6874533902043,-0.855479426466605));
#4500=CARTESIAN_POINT('Ctrl Pts',(-97.,-34.762346819691,-0.763396687905548));
#4501=CARTESIAN_POINT('Ctrl Pts',(-97.,-34.8265375514493,-0.664000948872183));
#4502=CARTESIAN_POINT('Ctrl Pts',(-97.,-34.8907282832076,-0.564605209838817));
#4503=CARTESIAN_POINT('Ctrl Pts',(-97.,-34.9442163172375,-0.457896470333142));
#4504=CARTESIAN_POINT('Ctrl Pts',(-97.,-34.9808002996923,-0.345365922055136));
#4505=CARTESIAN_POINT('Ctrl Pts',(-97.,-35.0173842821471,-0.232835373777131));
#4506=CARTESIAN_POINT('Ctrl Pts',(-97.,-35.0370642130268,-0.114483016726795));
#4507=CARTESIAN_POINT('Ctrl Pts',(-97.,-35.0370642130266,0.00386934032348766));
#4508=CARTESIAN_POINT('Ctrl Pts',(-97.,-35.0370642130264,0.12222169737377));
#4509=CARTESIAN_POINT('Ctrl Pts',(-97.,-35.0173842821464,0.240574054424));
#4510=CARTESIAN_POINT('Ctrl Pts',(-97.,-34.9808002996914,0.353104602701902));
#4511=CARTESIAN_POINT('Ctrl Pts',(-97.,-34.9442163172363,0.465635150979804));
#4512=CARTESIAN_POINT('Ctrl Pts',(-97.,-34.8907282832062,0.57234389048538));
#4513=CARTESIAN_POINT('Ctrl Pts',(-97.,-34.8265375514477,0.671739629518632));
#4514=CARTESIAN_POINT('Ctrl Pts',(-97.,-34.7623468196893,0.771135368551883));
#4515=CARTESIAN_POINT('Ctrl Pts',(-97.,-34.6874533902025,0.863218107112811));
#4516=CARTESIAN_POINT('Ctrl Pts',(-97.,-34.606191893261,0.949078649407677));
#4517=CARTESIAN_POINT('Ctrl Pts',(-97.,-34.5249303963196,1.03493919170254));
#4518=CARTESIAN_POINT('Ctrl Pts',(-97.,-34.4373008319236,1.11457753773134));
#4519=CARTESIAN_POINT('Ctrl Pts',(-97.,-34.3458549466346,1.18934187883403));
#4520=CARTESIAN_POINT('Ctrl Pts',(-97.,-34.1629631760566,1.33887056103941));
#4521=CARTESIAN_POINT('Ctrl Pts',(-97.,-33.9648061219065,1.46890322354033));
#4522=CARTESIAN_POINT('Ctrl Pts',(-97.,-33.7600334188436,1.58679700336876));
#4523=CARTESIAN_POINT('Ctrl Pts',(-97.,-33.5552607157806,1.7046907831972));
#4524=CARTESIAN_POINT('Ctrl Pts',(-97.,-33.3438723638047,1.81044568035315));
#4525=CARTESIAN_POINT('Ctrl Pts',(-97.,-33.1287099897688,1.90781982978879));
#4526=CARTESIAN_POINT('Ctrl Pts',(-97.,-27.9037104955016,3.30414335269465));
#4527=CARTESIAN_POINT('Ctrl Pts',(-97.,-28.0514039961599,3.27969045205353));
#4528=CARTESIAN_POINT('Ctrl Pts',(-97.,-28.5653827684308,3.19183527623497));
#4529=CARTESIAN_POINT('Ctrl Pts',(-97.,-29.4427955919519,3.02423798748803));
#4530=CARTESIAN_POINT('Ctrl Pts',(-97.,-30.5306047764457,2.77754392922285));
#4531=CARTESIAN_POINT('Ctrl Pts',(-97.,-31.6065011518776,2.48274086832822));
#4532=CARTESIAN_POINT('Ctrl Pts',(-97.,-32.4726306461783,2.1879401899823));
#4533=CARTESIAN_POINT('Ctrl Pts',(-97.,-32.9731694778545,1.97822684700694));
#4534=CARTESIAN_POINT('Ctrl Pts',(-97.,-33.1287107740764,1.90782212873655));
#4535=CARTESIAN_POINT('',(-97.,25.1572345623782,1.35877529339849));
#4536=CARTESIAN_POINT('Ctrl Pts',(-97.,25.1572288618969,1.35872916159165));
#4537=CARTESIAN_POINT('Ctrl Pts',(-97.,22.5239865875036,1.67168598949964));
#4538=CARTESIAN_POINT('Ctrl Pts',(-97.,18.4105353630271,2.12886626376527));
#4539=CARTESIAN_POINT('Ctrl Pts',(-97.,12.812574055436,2.68592183309995));
#4540=CARTESIAN_POINT('Ctrl Pts',(-97.,8.36999524905401,3.08785677072706));
#4541=CARTESIAN_POINT('Ctrl Pts',(-97.,3.92359906578657,3.4451251227191));
#4542=CARTESIAN_POINT('Ctrl Pts',(-97.,-0.526686450759213,3.75078730235609));
#4543=CARTESIAN_POINT('Ctrl Pts',(-97.,-4.98089224935204,3.99348963525551));
#4544=CARTESIAN_POINT('Ctrl Pts',(-97.,-9.4387262244192,4.15867492203629));
#4545=CARTESIAN_POINT('Ctrl Pts',(-97.,-13.155824670649,4.21486884210763));
#4546=CARTESIAN_POINT('Ctrl Pts',(-97.,-16.1296953174393,4.19672279343607));
#4547=CARTESIAN_POINT('Ctrl Pts',(-97.,-18.3595168557793,4.1462289355656));
#4548=CARTESIAN_POINT('Ctrl Pts',(-97.,-20.5880559861199,4.05341757950872));
#4549=CARTESIAN_POINT('Ctrl Pts',(-97.,-22.1140820609766,3.95530905233863));
#4550=CARTESIAN_POINT('Ctrl Pts',(-97.,-22.8972441761858,3.89347954157392));
#4551=CARTESIAN_POINT('Ctrl Pts',(-97.,-22.939255585402,3.89012926747611));
#4552=CARTESIAN_POINT('Ctrl Pts',(-97.,34.9629357869734,0.0920693403219931));
#4553=CARTESIAN_POINT('Ctrl Pts',(-97.,33.3310564568945,0.3212849741282));
#4554=CARTESIAN_POINT('Ctrl Pts',(-97.,31.6978144763302,0.54070169394745));
#4555=CARTESIAN_POINT('Ctrl Pts',(-97.,28.429087383501,0.962186941496879));
#4556=CARTESIAN_POINT('Ctrl Pts',(-97.,26.7936041099994,1.16425531856299));
#4557=CARTESIAN_POINT('Ctrl Pts',(-97.,25.1572345624091,1.35877529364814));
#4558=CARTESIAN_POINT('Origin',(-101.,-16.631784356308,0.00312284828911163));
#4559=CARTESIAN_POINT('',(-97.,-16.631784356308,2.00312284828911));
#4560=CARTESIAN_POINT('',(-101.,-16.631784356308,2.00312284828911));
#4561=CARTESIAN_POINT('Origin',(-97.,-16.631784356308,0.00312284828911163));
#4562=CARTESIAN_POINT('Origin',(-97.,-7.9498179611251,4.05415979517058));
#4563=CARTESIAN_POINT('',(-75.,-7.94981796112508,4.05415979517058));
#4564=CARTESIAN_POINT('',(-97.,-7.94981796112509,4.05415979517058));
#4565=CARTESIAN_POINT('Origin',(-75.,-35.0370642130266,0.00386934032200942));
#4566=CARTESIAN_POINT('Ctrl Pts',(-75.,-27.9033332234302,3.30420581408974));
#4567=CARTESIAN_POINT('Ctrl Pts',(-75.,-27.6844231036965,3.34044770815573));
#4568=CARTESIAN_POINT('Ctrl Pts',(-75.0000000000001,-26.7308361669073,3.4907517037824));
#4569=CARTESIAN_POINT('Ctrl Pts',(-75.,-25.0770326920436,3.70051749327082));
#4570=CARTESIAN_POINT('Ctrl Pts',(-75.0000000000001,-23.6383457139347,3.83437908928984));
#4571=CARTESIAN_POINT('Ctrl Pts',(-75.0000000000001,-22.939255585402,3.89012926747611));
#4572=CARTESIAN_POINT('Origin',(-71.,-35.0370642130266,0.00386934032200899));
#4573=CARTESIAN_POINT('Ctrl Pts',(-71.0000000000001,-22.939255585402,3.89012926747611));
#4574=CARTESIAN_POINT('Ctrl Pts',(-71.0000000000001,-23.6383457139347,3.83437908928983));
#4575=CARTESIAN_POINT('Ctrl Pts',(-71.,-25.0770326920436,3.70051749327082));
#4576=CARTESIAN_POINT('Ctrl Pts',(-71.0000000000001,-26.7308361669073,3.4907517037824));
#4577=CARTESIAN_POINT('Ctrl Pts',(-71.0000000000001,-27.6844231036965,3.34044770815573));
#4578=CARTESIAN_POINT('Ctrl Pts',(-71.0000000000001,-27.9033332234302,3.30420581408974));
#4579=CARTESIAN_POINT('Origin',(-97.,12.9808744282523,-2.65537210821151));
#4580=CARTESIAN_POINT('',(-75.,15.4635128458418,-2.3612522559255));
#4581=CARTESIAN_POINT('',(-75.,10.4881577239684,-2.84606409069663));
#4582=CARTESIAN_POINT('Origin',(-75.,12.9808744282523,-2.65537210821151));
#4583=CARTESIAN_POINT('',(-97.,15.4635128458418,-2.3612522559255));
#4584=CARTESIAN_POINT('',(-97.,15.4635128458418,-2.3612522559255));
#4585=CARTESIAN_POINT('',(-97.,10.4881577239684,-2.84606409069663));
#4586=CARTESIAN_POINT('Origin',(-97.,12.9808744282523,-2.65537210821151));
#4587=CARTESIAN_POINT('',(-97.,10.4881577239684,-2.84606409069663));
#4588=CARTESIAN_POINT('Origin',(-97.,15.4635128458418,-2.3612522559255));
#4589=CARTESIAN_POINT('',(-75.,15.4635128458418,-2.3612522559255));
#4590=CARTESIAN_POINT('',(-97.,15.4635128458418,-2.3612522559255));
#4591=CARTESIAN_POINT('Origin',(3.26565713707883,-33.1287099897688,1.90781982978879));
#4592=CARTESIAN_POINT('',(-75.,-33.1287102303066,-1.90008235482686));
#4593=CARTESIAN_POINT('',(-75.,-33.1287102516309,1.90782097830656));
#4594=CARTESIAN_POINT('',(-75.,-33.1287099897688,-1.90008114914225));
#4595=CARTESIAN_POINT('',(-75.,-33.1287099897688,-1.90008114914225));
#4596=CARTESIAN_POINT('',(-97.,-33.1287099897688,1.90781982978879));
#4597=CARTESIAN_POINT('',(-75.,-33.1287099897688,1.90781982978879));
#4598=CARTESIAN_POINT('Origin',(3.26565713707883,-33.1287099897688,1.90781982978879));
#4599=CARTESIAN_POINT('',(-51.,-33.1287099897688,1.90781982978879));
#4600=CARTESIAN_POINT('',(-51.,-33.1287099897688,-1.90008114914225));
#4601=CARTESIAN_POINT('Ctrl Pts',(-51.,-33.1287099897715,-1.90008114914358));
#4602=CARTESIAN_POINT('Ctrl Pts',(-75.,-33.1287099897715,-1.90008114914358));
#4603=CARTESIAN_POINT('Ctrl Pts',(-51.,-33.3438723638073,-1.80270699970787));
#4604=CARTESIAN_POINT('Ctrl Pts',(-75.,-33.3438723638073,-1.80270699970787));
#4605=CARTESIAN_POINT('Ctrl Pts',(-51.,-33.766649067759,-1.59119720539583));
#4606=CARTESIAN_POINT('Ctrl Pts',(-75.,-33.766649067759,-1.59119720539583));
#4607=CARTESIAN_POINT('Ctrl Pts',(-51.,-34.262041703134,-1.26611554914315));
#4608=CARTESIAN_POINT('Ctrl Pts',(-75.,-34.262041703134,-1.26611554914315));
#4609=CARTESIAN_POINT('Ctrl Pts',(-51.,-34.6125599607177,-0.947562165027662));
#4610=CARTESIAN_POINT('Ctrl Pts',(-75.,-34.6125599607177,-0.947562165027662));
#4611=CARTESIAN_POINT('Ctrl Pts',(-51.,-34.8372402491777,-0.671313949344491));
#4612=CARTESIAN_POINT('Ctrl Pts',(-75.,-34.8372402491777,-0.671313949344491));
#4613=CARTESIAN_POINT('Ctrl Pts',(-51.,-34.9977043512674,-0.351187730827467));
#4614=CARTESIAN_POINT('Ctrl Pts',(-75.,-34.9977043512674,-0.351187730827467));
#4615=CARTESIAN_POINT('Ctrl Pts',(-51.,-35.0567441439064,0.00386934032354096));
#4616=CARTESIAN_POINT('Ctrl Pts',(-75.,-35.0567441439064,0.00386934032354096));
#4617=CARTESIAN_POINT('Ctrl Pts',(-51.,-34.9977043512664,0.358926411474229));
#4618=CARTESIAN_POINT('Ctrl Pts',(-75.,-34.9977043512664,0.358926411474229));
#4619=CARTESIAN_POINT('Ctrl Pts',(-51.,-34.8372402491761,0.679052629990955));
#4620=CARTESIAN_POINT('Ctrl Pts',(-75.,-34.8372402491761,0.679052629990955));
#4621=CARTESIAN_POINT('Ctrl Pts',(-51.,-34.6125599607157,0.95530084567374));
#4622=CARTESIAN_POINT('Ctrl Pts',(-75.,-34.6125599607157,0.95530084567374));
#4623=CARTESIAN_POINT('Ctrl Pts',(-51.,-34.2620417031316,1.27385422978895));
#4624=CARTESIAN_POINT('Ctrl Pts',(-75.,-34.2620417031316,1.27385422978895));
#4625=CARTESIAN_POINT('Ctrl Pts',(-51.,-33.7666490677565,1.59893588604124));
#4626=CARTESIAN_POINT('Ctrl Pts',(-75.,-33.7666490677565,1.59893588604124));
#4627=CARTESIAN_POINT('Ctrl Pts',(-51.,-33.3438723638047,1.81044568035315));
#4628=CARTESIAN_POINT('Ctrl Pts',(-75.,-33.3438723638047,1.81044568035315));
#4629=CARTESIAN_POINT('Ctrl Pts',(-51.,-33.1287099897688,1.90781982978879));
#4630=CARTESIAN_POINT('Ctrl Pts',(-75.,-33.1287099897688,1.90781982978879));
#4631=CARTESIAN_POINT('Ctrl Pts',(-71.0000000000001,-33.1287109867901,1.90782203245316));
#4632=CARTESIAN_POINT('Ctrl Pts',(-71.0000000000001,-33.1425245233444,1.9015694279048));
#4633=CARTESIAN_POINT('Ctrl Pts',(-71.0000000000001,-33.3254860162843,1.8181984877455));
#4634=CARTESIAN_POINT('Ctrl Pts',(-71.,-33.6721751755358,1.6457516714005));
#4635=CARTESIAN_POINT('Ctrl Pts',(-71.0000000000001,-34.1486781649905,1.3541678857859));
#4636=CARTESIAN_POINT('Ctrl Pts',(-71.0000000000001,-34.5835803223464,1.00214815299178));
#4637=CARTESIAN_POINT('Ctrl Pts',(-71.,-34.8759479066645,0.632862454246782));
#4638=CARTESIAN_POINT('Ctrl Pts',(-71.0000000000001,-35.013035994948,0.283497091064597));
#4639=CARTESIAN_POINT('Ctrl Pts',(-71.,-35.0490783220638,0.00386934032803775));
#4640=CARTESIAN_POINT('Ctrl Pts',(-71.,-35.0130359949565,-0.275758410444599));
#4641=CARTESIAN_POINT('Ctrl Pts',(-71.0000000000001,-34.8759479066167,-0.62512377348261));
#4642=CARTESIAN_POINT('Ctrl Pts',(-71.,-34.5835803227346,-0.994409473308978));
#4643=CARTESIAN_POINT('Ctrl Pts',(-71.0000000000001,-34.148678163573,-1.34642920163344));
#4644=CARTESIAN_POINT('Ctrl Pts',(-71.0000000000001,-33.6721751808179,-1.63801300382909));
#4645=CARTESIAN_POINT('Ctrl Pts',(-71.0000000000001,-33.3254860043283,-1.8104597772046));
#4646=CARTESIAN_POINT('Ctrl Pts',(-71.0000000000001,-33.1425245255419,-1.89383075208409));
#4647=CARTESIAN_POINT('Ctrl Pts',(-71.0000000000001,-33.1287109902327,-1.90008335940643));
#4648=CARTESIAN_POINT('Origin',(-107.348120175443,34.9629357869734,0.00386934032199311));
#4649=CARTESIAN_POINT('',(-75.0000000000001,25.1572295157009,1.35872908811402));
#4650=CARTESIAN_POINT('',(-75.0000000000001,25.1572034181333,-1.35079916793794));
#4651=CARTESIAN_POINT('Origin',(-75.,34.9629357869734,0.00386934032199311));
#4652=CARTESIAN_POINT('',(-97.,25.1572345624091,1.35877529364814));
#4653=CARTESIAN_POINT('Origin',(-97.,34.9629357869734,0.00386934032199311));
#4654=CARTESIAN_POINT('',(-97.,25.1572096991332,-1.35085666072496));
#4655=CARTESIAN_POINT('Ctrl Pts',(-97.,34.9629357869734,0.0920693403219931));
#4656=CARTESIAN_POINT('Ctrl Pts',(-70.6,34.9629357869734,0.0920693403219931));
#4657=CARTESIAN_POINT('Ctrl Pts',(-97.,31.6991834275542,0.550499722925478));
#4658=CARTESIAN_POINT('Ctrl Pts',(-70.6,31.6991834275542,0.550499722925478));
#4659=CARTESIAN_POINT('Ctrl Pts',(-97.,28.4299836899789,0.969734150898753));
#4660=CARTESIAN_POINT('Ctrl Pts',(-70.6,28.4299836899789,0.969734150898753));
#4661=CARTESIAN_POINT('Ctrl Pts',(-97.,25.1572345624091,1.35877529364814));
#4662=CARTESIAN_POINT('Ctrl Pts',(-70.6,25.1572345624091,1.35877529364814));
#4663=CARTESIAN_POINT('Ctrl Pts',(-75.0000000000001,25.1572290766599,1.3587291360674));
#4664=CARTESIAN_POINT('Ctrl Pts',(-75.0000000000001,25.476989983263,1.32072603990503));
#4665=CARTESIAN_POINT('Ctrl Pts',(-75.0000000000001,28.7493956374855,0.928740448752882));
#4666=CARTESIAN_POINT('Ctrl Pts',(-75.,32.018064660065,0.505709300942897));
#4667=CARTESIAN_POINT('Ctrl Pts',(-75.,34.9629357869734,0.0920693403219931));
#4668=CARTESIAN_POINT('Ctrl Pts',(-71.0000000000002,25.1572096991331,-1.35085666072497));
#4669=CARTESIAN_POINT('Ctrl Pts',(-47.,25.1572096991331,-1.35085666072497));
#4670=CARTESIAN_POINT('Ctrl Pts',(-71.0000000000002,28.4299434327897,-0.961701647836203));
#4671=CARTESIAN_POINT('Ctrl Pts',(-47.,28.4299434327897,-0.961701647836203));
#4672=CARTESIAN_POINT('Ctrl Pts',(-71.0000000000002,31.699186174436,-0.542760656451482));
#4673=CARTESIAN_POINT('Ctrl Pts',(-47.,31.699186174436,-0.542760656451482));
#4674=CARTESIAN_POINT('Ctrl Pts',(-71.0000000000002,34.9629357869734,-0.0843306596780069));
#4675=CARTESIAN_POINT('Ctrl Pts',(-47.,34.9629357869734,-0.0843306596780069));
#4676=CARTESIAN_POINT('',(-71.,25.1572096991332,-1.35085666072496));
#4677=CARTESIAN_POINT('Ctrl Pts',(-71.0000000000001,25.157202872678,-1.35079922752807));
#4678=CARTESIAN_POINT('Ctrl Pts',(-71.0000000000001,25.4769608135738,-1.31279310230365));
#4679=CARTESIAN_POINT('Ctrl Pts',(-71.0000000000001,28.7493620338446,-0.920791127286276));
#4680=CARTESIAN_POINT('Ctrl Pts',(-71.0000000000001,32.0180646600673,-0.497970620298721));
#4681=CARTESIAN_POINT('Ctrl Pts',(-71.0000000000001,34.9629357869734,-0.0843306596780069));
#4682=CARTESIAN_POINT('Ctrl Pts',(-97.,25.1572096991331,-1.35085666072497));
#4683=CARTESIAN_POINT('Ctrl Pts',(-70.6,25.1572096991331,-1.35085666072497));
#4684=CARTESIAN_POINT('Ctrl Pts',(-97.,28.4299434327897,-0.961701647836203));
#4685=CARTESIAN_POINT('Ctrl Pts',(-70.6,28.4299434327897,-0.961701647836203));
#4686=CARTESIAN_POINT('Ctrl Pts',(-97.,31.699186174436,-0.542760656451482));
#4687=CARTESIAN_POINT('Ctrl Pts',(-70.6,31.699186174436,-0.542760656451482));
#4688=CARTESIAN_POINT('Ctrl Pts',(-97.,34.9629357869734,-0.0843306596780069));
#4689=CARTESIAN_POINT('Ctrl Pts',(-70.6,34.9629357869734,-0.0843306596780069));
#4690=CARTESIAN_POINT('Ctrl Pts',(-75.,34.9629357869734,-0.0843306596780069));
#4691=CARTESIAN_POINT('Ctrl Pts',(-75.,32.0180646600673,-0.497970620298721));
#4692=CARTESIAN_POINT('Ctrl Pts',(-75.,28.7493620338446,-0.920791127286278));
#4693=CARTESIAN_POINT('Ctrl Pts',(-75.,25.4769608135738,-1.31279310230365));
#4694=CARTESIAN_POINT('Ctrl Pts',(-75.,25.157202872678,-1.35079922752808));
#4695=CARTESIAN_POINT('Ctrl Pts',(-75.,-33.1287099897715,-1.90008114914358));
#4696=CARTESIAN_POINT('Ctrl Pts',(-101.4,-33.1287099897715,-1.90008114914358));
#4697=CARTESIAN_POINT('Ctrl Pts',(-75.,-33.3438723638073,-1.80270699970787));
#4698=CARTESIAN_POINT('Ctrl Pts',(-101.4,-33.3438723638073,-1.80270699970787));
#4699=CARTESIAN_POINT('Ctrl Pts',(-75.,-33.766649067759,-1.59119720539583));
#4700=CARTESIAN_POINT('Ctrl Pts',(-101.4,-33.766649067759,-1.59119720539583));
#4701=CARTESIAN_POINT('Ctrl Pts',(-75.,-34.262041703134,-1.26611554914315));
#4702=CARTESIAN_POINT('Ctrl Pts',(-101.4,-34.262041703134,-1.26611554914315));
#4703=CARTESIAN_POINT('Ctrl Pts',(-75.,-34.6125599607177,-0.947562165027662));
#4704=CARTESIAN_POINT('Ctrl Pts',(-101.4,-34.6125599607177,-0.947562165027662));
#4705=CARTESIAN_POINT('Ctrl Pts',(-75.,-34.8372402491777,-0.671313949344491));
#4706=CARTESIAN_POINT('Ctrl Pts',(-101.4,-34.8372402491777,-0.671313949344491));
#4707=CARTESIAN_POINT('Ctrl Pts',(-75.,-34.9977043512674,-0.351187730827467));
#4708=CARTESIAN_POINT('Ctrl Pts',(-101.4,-34.9977043512674,-0.351187730827467));
#4709=CARTESIAN_POINT('Ctrl Pts',(-75.,-35.0567441439064,0.00386934032354096));
#4710=CARTESIAN_POINT('Ctrl Pts',(-101.4,-35.0567441439064,0.00386934032354096));
#4711=CARTESIAN_POINT('Ctrl Pts',(-75.,-34.9977043512664,0.358926411474229));
#4712=CARTESIAN_POINT('Ctrl Pts',(-101.4,-34.9977043512664,0.358926411474229));
#4713=CARTESIAN_POINT('Ctrl Pts',(-75.,-34.8372402491761,0.679052629990955));
#4714=CARTESIAN_POINT('Ctrl Pts',(-101.4,-34.8372402491761,0.679052629990955));
#4715=CARTESIAN_POINT('Ctrl Pts',(-75.,-34.6125599607157,0.95530084567374));
#4716=CARTESIAN_POINT('Ctrl Pts',(-101.4,-34.6125599607157,0.95530084567374));
#4717=CARTESIAN_POINT('Ctrl Pts',(-75.,-34.2620417031316,1.27385422978895));
#4718=CARTESIAN_POINT('Ctrl Pts',(-101.4,-34.2620417031316,1.27385422978895));
#4719=CARTESIAN_POINT('Ctrl Pts',(-75.,-33.7666490677565,1.59893588604124));
#4720=CARTESIAN_POINT('Ctrl Pts',(-101.4,-33.7666490677565,1.59893588604124));
#4721=CARTESIAN_POINT('Ctrl Pts',(-75.,-33.3438723638047,1.81044568035315));
#4722=CARTESIAN_POINT('Ctrl Pts',(-101.4,-33.3438723638047,1.81044568035315));
#4723=CARTESIAN_POINT('Ctrl Pts',(-75.,-33.1287099897688,1.90781982978879));
#4724=CARTESIAN_POINT('Ctrl Pts',(-101.4,-33.1287099897688,1.90781982978879));
#4725=CARTESIAN_POINT('Ctrl Pts',(-75.,-33.1287109902327,-1.90008335940643));
#4726=CARTESIAN_POINT('Ctrl Pts',(-75.,-33.1425245255419,-1.89383075208409));
#4727=CARTESIAN_POINT('Ctrl Pts',(-75.,-33.3254860043283,-1.8104597772046));
#4728=CARTESIAN_POINT('Ctrl Pts',(-75.,-33.6721751808179,-1.63801300382909));
#4729=CARTESIAN_POINT('Ctrl Pts',(-75.0000000000001,-34.148678163573,-1.34642920163344));
#4730=CARTESIAN_POINT('Ctrl Pts',(-75.,-34.5835803227346,-0.994409473308978));
#4731=CARTESIAN_POINT('Ctrl Pts',(-75.0000000000001,-34.8759479066167,-0.62512377348261));
#4732=CARTESIAN_POINT('Ctrl Pts',(-75.,-35.0130359949565,-0.275758410444599));
#4733=CARTESIAN_POINT('Ctrl Pts',(-75.,-35.0490783220638,0.00386934032803775));
#4734=CARTESIAN_POINT('Ctrl Pts',(-75.0000000000001,-35.013035994948,0.283497091064597));
#4735=CARTESIAN_POINT('Ctrl Pts',(-75.,-34.8759479066645,0.632862454246782));
#4736=CARTESIAN_POINT('Ctrl Pts',(-75.0000000000001,-34.5835803223464,1.00214815299178));
#4737=CARTESIAN_POINT('Ctrl Pts',(-75.0000000000001,-34.1486781649905,1.3541678857859));
#4738=CARTESIAN_POINT('Ctrl Pts',(-75.,-33.6721751755358,1.6457516714005));
#4739=CARTESIAN_POINT('Ctrl Pts',(-75.0000000000001,-33.3254860162843,1.8181984877455));
#4740=CARTESIAN_POINT('Ctrl Pts',(-75.0000000000001,-33.1425245233444,1.9015694279048));
#4741=CARTESIAN_POINT('Ctrl Pts',(-75.,-33.1287109867901,1.90782203245316));
#4742=CARTESIAN_POINT('Origin',(-97.,-23.4558603583624,-3.83944480586881));
#4743=CARTESIAN_POINT('',(-75.,-20.9608903407287,-3.99795225398575));
#4744=CARTESIAN_POINT('',(-75.,-25.9420876712621,-3.57738803989715));
#4745=CARTESIAN_POINT('Origin',(-75.,-23.4558603583624,-3.83944480586881));
#4746=CARTESIAN_POINT('',(-97.,-20.9608903407287,-3.99795225398575));
#4747=CARTESIAN_POINT('',(-97.,-20.9608903407287,-3.99795225398575));
#4748=CARTESIAN_POINT('',(-97.,-25.9420876712621,-3.57738803989715));
#4749=CARTESIAN_POINT('Origin',(-97.,-23.4558603583624,-3.83944480586881));
#4750=CARTESIAN_POINT('',(-97.,-25.9420876712621,-3.57738803989715));
#4751=CARTESIAN_POINT('Origin',(-107.348120175443,34.9629357869734,0.00386934032199311));
#4752=CARTESIAN_POINT('',(-71.,25.1572345624091,1.35877529364814));
#4753=CARTESIAN_POINT('Ctrl Pts',(-71.,34.9629357869734,0.0920693403219931));
#4754=CARTESIAN_POINT('Ctrl Pts',(-47.,34.9629357869734,0.0920693403219931));
#4755=CARTESIAN_POINT('Ctrl Pts',(-71.,31.699183427554,0.550499722925506));
#4756=CARTESIAN_POINT('Ctrl Pts',(-47.,31.699183427554,0.550499722925506));
#4757=CARTESIAN_POINT('Ctrl Pts',(-71.,28.4299836899788,0.96973415089877));
#4758=CARTESIAN_POINT('Ctrl Pts',(-47.,28.4299836899788,0.96973415089877));
#4759=CARTESIAN_POINT('Ctrl Pts',(-71.,25.1572345624091,1.35877529364814));
#4760=CARTESIAN_POINT('Ctrl Pts',(-47.,25.1572345624091,1.35877529364814));
#4761=CARTESIAN_POINT('Ctrl Pts',(-71.0000000000001,34.9629357869734,0.0920693403219931));
#4762=CARTESIAN_POINT('Ctrl Pts',(-71.0000000000001,32.018064660065,0.505709300942897));
#4763=CARTESIAN_POINT('Ctrl Pts',(-71.0000000000001,28.7493956374855,0.928740448752882));
#4764=CARTESIAN_POINT('Ctrl Pts',(-71.0000000000001,25.476989983263,1.32072603990503));
#4765=CARTESIAN_POINT('Ctrl Pts',(-71.0000000000001,25.1572290766599,1.3587291360674));
#4766=CARTESIAN_POINT('Origin',(-97.,-4.96911537400319,-3.97216505948896));
#4767=CARTESIAN_POINT('',(-75.,-2.4750002791269,-3.80073025114983));
#4768=CARTESIAN_POINT('',(-75.,-7.46820028140699,-4.03980103798072));
#4769=CARTESIAN_POINT('Origin',(-75.,-4.96911537400319,-3.97216505948896));
#4770=CARTESIAN_POINT('',(-97.,-2.4750002791269,-3.80073025114983));
#4771=CARTESIAN_POINT('',(-97.,-2.4750002791269,-3.80073025114983));
#4772=CARTESIAN_POINT('',(-97.,-7.46820028140699,-4.03980103798072));
#4773=CARTESIAN_POINT('Origin',(-97.,-4.96911537400319,-3.97216505948896));
#4774=CARTESIAN_POINT('',(-97.,-7.46820028140699,-4.03980103798072));
#4775=CARTESIAN_POINT('Origin',(-97.,-2.47500027912689,-3.80073025114983));
#4776=CARTESIAN_POINT('',(-75.,-2.47500027912691,-3.80073025114983));
#4777=CARTESIAN_POINT('',(-97.,-2.4750002791269,-3.80073025114983));
#4778=CARTESIAN_POINT('Origin',(-97.,-20.9608903407287,-3.99795225398575));
#4779=CARTESIAN_POINT('',(-75.,-20.9608903407287,-3.99795225398575));
#4780=CARTESIAN_POINT('',(-97.,-20.9608903407287,-3.99795225398575));
#4781=CARTESIAN_POINT('Ctrl Pts',(-75.,34.9629357869734,0.0920693403219931));
#4782=CARTESIAN_POINT('Ctrl Pts',(-70.1999999999996,34.9629357869734,0.0920693403219931));
#4783=CARTESIAN_POINT('Ctrl Pts',(-75.,32.018064660065,0.505709300942897));
#4784=CARTESIAN_POINT('Ctrl Pts',(-70.1999999999996,32.018064660065,0.505709300942897));
#4785=CARTESIAN_POINT('Ctrl Pts',(-75.0000000000001,26.1194482087933,1.26910824731377));
#4786=CARTESIAN_POINT('Ctrl Pts',(-70.1999999999996,26.1194482087933,1.26910824731377));
#4787=CARTESIAN_POINT('Ctrl Pts',(-75.,18.7309669615001,2.09697997575572));
#4788=CARTESIAN_POINT('Ctrl Pts',(-70.1999999999996,18.7309669615001,2.09697997575572));
#4789=CARTESIAN_POINT('Ctrl Pts',(-75.,12.812574055436,2.68592183309995));
#4790=CARTESIAN_POINT('Ctrl Pts',(-70.1999999999996,12.812574055436,2.68592183309995));
#4791=CARTESIAN_POINT('Ctrl Pts',(-75.,8.36999524905402,3.08785677072706));
#4792=CARTESIAN_POINT('Ctrl Pts',(-70.1999999999996,8.36999524905402,3.08785677072706));
#4793=CARTESIAN_POINT('Ctrl Pts',(-75.0000000000001,3.92359906578659,3.4451251227191));
#4794=CARTESIAN_POINT('Ctrl Pts',(-70.1999999999996,3.92359906578659,3.4451251227191));
#4795=CARTESIAN_POINT('Ctrl Pts',(-75.0000000000001,-0.526686450759196,
3.75078730235609));
#4796=CARTESIAN_POINT('Ctrl Pts',(-70.1999999999996,-0.526686450759196,
3.75078730235609));
#4797=CARTESIAN_POINT('Ctrl Pts',(-75.,-4.98089224935203,3.9934896352555));
#4798=CARTESIAN_POINT('Ctrl Pts',(-70.1999999999996,-4.98089224935203,3.9934896352555));
#4799=CARTESIAN_POINT('Ctrl Pts',(-75.0000000000001,-9.43872622441918,4.15867492203629));
#4800=CARTESIAN_POINT('Ctrl Pts',(-70.1999999999996,-9.43872622441918,4.15867492203629));
#4801=CARTESIAN_POINT('Ctrl Pts',(-75.,-13.155824670649,4.21486884210763));
#4802=CARTESIAN_POINT('Ctrl Pts',(-70.1999999999996,-13.155824670649,4.21486884210763));
#4803=CARTESIAN_POINT('Ctrl Pts',(-75.0000000000001,-16.1296953174393,4.19672279343607));
#4804=CARTESIAN_POINT('Ctrl Pts',(-70.1999999999996,-16.1296953174393,4.19672279343607));
#4805=CARTESIAN_POINT('Ctrl Pts',(-75.,-18.3595168557793,4.14622893556561));
#4806=CARTESIAN_POINT('Ctrl Pts',(-70.1999999999996,-18.3595168557793,4.14622893556561));
#4807=CARTESIAN_POINT('Ctrl Pts',(-75.,-20.5880559861199,4.05341757950872));
#4808=CARTESIAN_POINT('Ctrl Pts',(-70.1999999999996,-20.5880559861199,4.05341757950872));
#4809=CARTESIAN_POINT('Ctrl Pts',(-75.0000000000001,-22.8140030862095,3.91031098706807));
#4810=CARTESIAN_POINT('Ctrl Pts',(-70.1999999999996,-22.8140030862095,3.91031098706807));
#4811=CARTESIAN_POINT('Ctrl Pts',(-75.,-25.0352129398372,3.70582184380044));
#4812=CARTESIAN_POINT('Ctrl Pts',(-70.1999999999996,-25.0352129398372,3.70582184380044));
#4813=CARTESIAN_POINT('Ctrl Pts',(-75.0000000000001,-26.8795144787894,3.47189358433485));
#4814=CARTESIAN_POINT('Ctrl Pts',(-70.1999999999996,-26.8795144787894,3.47189358433485));
#4815=CARTESIAN_POINT('Ctrl Pts',(-75.,-28.3472765965363,3.23349639867194));
#4816=CARTESIAN_POINT('Ctrl Pts',(-70.1999999999996,-28.3472765965363,3.23349639867194));
#4817=CARTESIAN_POINT('Ctrl Pts',(-75.0000000000001,-29.4427955919519,3.02423798748803));
#4818=CARTESIAN_POINT('Ctrl Pts',(-70.1999999999996,-29.4427955919519,3.02423798748803));
#4819=CARTESIAN_POINT('Ctrl Pts',(-75.,-30.5306047764457,2.77754392922285));
#4820=CARTESIAN_POINT('Ctrl Pts',(-70.1999999999996,-30.5306047764457,2.77754392922285));
#4821=CARTESIAN_POINT('Ctrl Pts',(-75.0000000000001,-31.6065011518775,2.48274086832823));
#4822=CARTESIAN_POINT('Ctrl Pts',(-70.1999999999996,-31.6065011518775,2.48274086832823));
#4823=CARTESIAN_POINT('Ctrl Pts',(-75.,-32.4869943129665,2.1830512920282));
#4824=CARTESIAN_POINT('Ctrl Pts',(-70.1999999999996,-32.4869943129665,2.1830512920282));
#4825=CARTESIAN_POINT('Ctrl Pts',(-75.0000000000001,-33.1725188251606,1.89428596960241));
#4826=CARTESIAN_POINT('Ctrl Pts',(-70.1999999999996,-33.1725188251606,1.89428596960241));
#4827=CARTESIAN_POINT('Ctrl Pts',(-75.,-33.6721751755358,1.6457516714005));
#4828=CARTESIAN_POINT('Ctrl Pts',(-70.1999999999996,-33.6721751755358,1.6457516714005));
#4829=CARTESIAN_POINT('Ctrl Pts',(-75.0000000000001,-34.1486781649905,1.3541678857859));
#4830=CARTESIAN_POINT('Ctrl Pts',(-70.1999999999996,-34.1486781649905,1.3541678857859));
#4831=CARTESIAN_POINT('Ctrl Pts',(-75.0000000000001,-34.5835803223464,1.00214815299178));
#4832=CARTESIAN_POINT('Ctrl Pts',(-70.1999999999996,-34.5835803223464,1.00214815299178));
#4833=CARTESIAN_POINT('Ctrl Pts',(-75.,-34.8759479066645,0.632862454246782));
#4834=CARTESIAN_POINT('Ctrl Pts',(-70.1999999999996,-34.8759479066645,0.632862454246782));
#4835=CARTESIAN_POINT('Ctrl Pts',(-75.0000000000001,-35.013035994948,0.283497091064597));
#4836=CARTESIAN_POINT('Ctrl Pts',(-70.1999999999996,-35.013035994948,0.283497091064597));
#4837=CARTESIAN_POINT('Ctrl Pts',(-75.,-35.0490783220638,0.00386934032803775));
#4838=CARTESIAN_POINT('Ctrl Pts',(-70.1999999999996,-35.0490783220638,0.00386934032803775));
#4839=CARTESIAN_POINT('Ctrl Pts',(-75.,-35.0130359949565,-0.275758410444599));
#4840=CARTESIAN_POINT('Ctrl Pts',(-70.1999999999996,-35.0130359949565,-0.275758410444599));
#4841=CARTESIAN_POINT('Ctrl Pts',(-75.0000000000001,-34.8759479066167,-0.62512377348261));
#4842=CARTESIAN_POINT('Ctrl Pts',(-70.1999999999996,-34.8759479066167,-0.62512377348261));
#4843=CARTESIAN_POINT('Ctrl Pts',(-75.,-34.5835803227346,-0.994409473308978));
#4844=CARTESIAN_POINT('Ctrl Pts',(-70.1999999999996,-34.5835803227346,-0.994409473308978));
#4845=CARTESIAN_POINT('Ctrl Pts',(-75.0000000000001,-34.148678163573,-1.34642920163344));
#4846=CARTESIAN_POINT('Ctrl Pts',(-70.1999999999996,-34.148678163573,-1.34642920163344));
#4847=CARTESIAN_POINT('Ctrl Pts',(-75.,-33.6721751808179,-1.63801300382909));
#4848=CARTESIAN_POINT('Ctrl Pts',(-70.1999999999996,-33.6721751808179,-1.63801300382909));
#4849=CARTESIAN_POINT('Ctrl Pts',(-75.,-33.1725188054497,-1.88654724017647));
#4850=CARTESIAN_POINT('Ctrl Pts',(-70.1999999999996,-33.1725188054497,-1.88654724017647));
#4851=CARTESIAN_POINT('Ctrl Pts',(-75.,-32.4869944176184,-2.17531287038508));
#4852=CARTESIAN_POINT('Ctrl Pts',(-70.1999999999996,-32.4869944176184,-2.17531287038508));
#4853=CARTESIAN_POINT('Ctrl Pts',(-75.0000000000001,-31.6065003085643,-2.47500010058599));
#4854=CARTESIAN_POINT('Ctrl Pts',(-70.1999999999996,-31.6065003085643,-2.47500010058599));
#4855=CARTESIAN_POINT('Ctrl Pts',(-75.0000000000001,-30.530607855454,-2.76981286875108));
#4856=CARTESIAN_POINT('Ctrl Pts',(-70.1999999999996,-30.530607855454,-2.76981286875108));
#4857=CARTESIAN_POINT('Ctrl Pts',(-75.,-29.4427841192324,-3.01647091325338));
#4858=CARTESIAN_POINT('Ctrl Pts',(-70.1999999999996,-29.4427841192324,-3.01647091325338));
#4859=CARTESIAN_POINT('Ctrl Pts',(-75.0000000000001,-28.3473772893148,-3.22601236223712));
#4860=CARTESIAN_POINT('Ctrl Pts',(-70.1999999999996,-28.3473772893148,-3.22601236223712));
#4861=CARTESIAN_POINT('Ctrl Pts',(-75.,-26.8794336213348,-3.46406269851517));
#4862=CARTESIAN_POINT('Ctrl Pts',(-70.1999999999996,-26.8794336213348,-3.46406269851517));
#4863=CARTESIAN_POINT('Ctrl Pts',(-75.0000000000001,-25.0352174210516,-3.69805502555781));
#4864=CARTESIAN_POINT('Ctrl Pts',(-70.1999999999996,-25.0352174210516,-3.69805502555781));
#4865=CARTESIAN_POINT('Ctrl Pts',(-75.,-22.8139806015819,-3.90249591113617));
#4866=CARTESIAN_POINT('Ctrl Pts',(-70.1999999999996,-22.8139806015819,-3.90249591113617));
#4867=CARTESIAN_POINT('Ctrl Pts',(-75.0000000000001,-20.5881375627801,-4.04598956412722));
#4868=CARTESIAN_POINT('Ctrl Pts',(-70.1999999999996,-20.5881375627801,-4.04598956412722));
#4869=CARTESIAN_POINT('Ctrl Pts',(-75.,-18.3595047815362,-4.13841784673845));
#4870=CARTESIAN_POINT('Ctrl Pts',(-70.1999999999996,-18.3595047815362,-4.13841784673845));
#4871=CARTESIAN_POINT('Ctrl Pts',(-75.0000000000001,-16.1296745593701,-4.18888347150305));
#4872=CARTESIAN_POINT('Ctrl Pts',(-70.1999999999996,-16.1296745593701,-4.18888347150305));
#4873=CARTESIAN_POINT('Ctrl Pts',(-75.,-13.1558351285057,-4.20718216930068));
#4874=CARTESIAN_POINT('Ctrl Pts',(-70.1999999999996,-13.1558351285057,-4.20718216930068));
#4875=CARTESIAN_POINT('Ctrl Pts',(-75.,-9.43876197304748,-4.15105361221425));
#4876=CARTESIAN_POINT('Ctrl Pts',(-70.1999999999996,-9.43876197304748,-4.15105361221425));
#4877=CARTESIAN_POINT('Ctrl Pts',(-75.0000000000001,-4.98087053636191,-3.98557102213438));
#4878=CARTESIAN_POINT('Ctrl Pts',(-70.1999999999996,-4.98087053636191,-3.98557102213438));
#4879=CARTESIAN_POINT('Ctrl Pts',(-75.,-0.526696999564213,-3.74305138385577));
#4880=CARTESIAN_POINT('Ctrl Pts',(-70.1999999999996,-0.526696999564213,
-3.74305138385577));
#4881=CARTESIAN_POINT('Ctrl Pts',(-75.0000000000001,3.92360781105076,-3.43743897397122));
#4882=CARTESIAN_POINT('Ctrl Pts',(-70.1999999999996,3.92360781105076,-3.43743897397122));
#4883=CARTESIAN_POINT('Ctrl Pts',(-75.,8.36999327774322,-3.08002075562269));
#4884=CARTESIAN_POINT('Ctrl Pts',(-70.1999999999996,8.36999327774322,-3.08002075562269));
#4885=CARTESIAN_POINT('Ctrl Pts',(-75.0000000000001,12.8125664629163,-2.6780455406531));
#4886=CARTESIAN_POINT('Ctrl Pts',(-70.1999999999996,12.8125664629163,-2.6780455406531));
#4887=CARTESIAN_POINT('Ctrl Pts',(-75.,18.7309752683195,-2.08931128303993));
#4888=CARTESIAN_POINT('Ctrl Pts',(-70.1999999999996,18.7309752683195,-2.08931128303993));
#4889=CARTESIAN_POINT('Ctrl Pts',(-75.,26.1193830933549,-1.2609900245685));
#4890=CARTESIAN_POINT('Ctrl Pts',(-70.1999999999996,26.1193830933549,-1.2609900245685));
#4891=CARTESIAN_POINT('Ctrl Pts',(-75.,32.0180646600673,-0.497970620298721));
#4892=CARTESIAN_POINT('Ctrl Pts',(-70.1999999999996,32.0180646600673,-0.497970620298721));
#4893=CARTESIAN_POINT('Ctrl Pts',(-75.,34.9629357869734,-0.0843306596780069));
#4894=CARTESIAN_POINT('Ctrl Pts',(-70.1999999999996,34.9629357869734,-0.0843306596780069));
#4895=CARTESIAN_POINT('Ctrl Pts',(-75.0000000000001,-22.939255585402,3.89012926747611));
#4896=CARTESIAN_POINT('Ctrl Pts',(-75.0000000000001,-22.8972441761858,3.89347954157392));
#4897=CARTESIAN_POINT('Ctrl Pts',(-75.,-22.1140820609766,3.95530905233863));
#4898=CARTESIAN_POINT('Ctrl Pts',(-75.,-20.5880559861199,4.05341757950872));
#4899=CARTESIAN_POINT('Ctrl Pts',(-75.,-18.3595168557793,4.14622893556561));
#4900=CARTESIAN_POINT('Ctrl Pts',(-75.0000000000001,-16.1296953174393,4.19672279343607));
#4901=CARTESIAN_POINT('Ctrl Pts',(-75.,-13.155824670649,4.21486884210763));
#4902=CARTESIAN_POINT('Ctrl Pts',(-75.0000000000001,-9.43872622441918,4.15867492203629));
#4903=CARTESIAN_POINT('Ctrl Pts',(-75.,-4.98089224935203,3.9934896352555));
#4904=CARTESIAN_POINT('Ctrl Pts',(-75.0000000000001,-0.526686450759196,
3.75078730235609));
#4905=CARTESIAN_POINT('Ctrl Pts',(-75.0000000000001,3.92359906578659,3.4451251227191));
#4906=CARTESIAN_POINT('Ctrl Pts',(-75.,8.36999524905402,3.08785677072706));
#4907=CARTESIAN_POINT('Ctrl Pts',(-75.,12.812574055436,2.68592183309995));
#4908=CARTESIAN_POINT('Ctrl Pts',(-75.,18.4105353630271,2.12886626376527));
#4909=CARTESIAN_POINT('Ctrl Pts',(-75.,22.5239865875036,1.67168598949964));
#4910=CARTESIAN_POINT('Ctrl Pts',(-75.,25.1572288618969,1.35872916159165));
#4911=CARTESIAN_POINT('Ctrl Pts',(-75.0000000000001,-33.1287107740765,1.90782212873655));
#4912=CARTESIAN_POINT('Ctrl Pts',(-75.,-32.9731694778545,1.97822684700694));
#4913=CARTESIAN_POINT('Ctrl Pts',(-75.,-32.4726306461783,2.18794018998231));
#4914=CARTESIAN_POINT('Ctrl Pts',(-75.0000000000001,-31.6065011518775,2.48274086832823));
#4915=CARTESIAN_POINT('Ctrl Pts',(-75.,-30.5306047764457,2.77754392922285));
#4916=CARTESIAN_POINT('Ctrl Pts',(-75.0000000000001,-29.4427955919519,3.02423798748803));
#4917=CARTESIAN_POINT('Ctrl Pts',(-75.,-28.5653827719287,3.19183527556683));
#4918=CARTESIAN_POINT('Ctrl Pts',(-75.,-28.0514040031795,3.27969045085367));
#4919=CARTESIAN_POINT('Ctrl Pts',(-75.,-27.90371050604,3.30414335094986));
#4920=CARTESIAN_POINT('Ctrl Pts',(-75.,25.1572026022979,-1.35079925966519));
#4921=CARTESIAN_POINT('Ctrl Pts',(-75.,22.5239618421284,-1.66378375460752));
#4922=CARTESIAN_POINT('Ctrl Pts',(-75.,18.4105452782786,-2.12118608562733));
#4923=CARTESIAN_POINT('Ctrl Pts',(-75.0000000000001,12.8125664629163,-2.6780455406531));
#4924=CARTESIAN_POINT('Ctrl Pts',(-75.,8.36999327774322,-3.08002075562269));
#4925=CARTESIAN_POINT('Ctrl Pts',(-75.0000000000001,3.92360781105076,-3.43743897397122));
#4926=CARTESIAN_POINT('Ctrl Pts',(-75.,-0.526696999564213,-3.74305138385577));
#4927=CARTESIAN_POINT('Ctrl Pts',(-75.0000000000001,-4.98087053636191,-3.98557102213438));
#4928=CARTESIAN_POINT('Ctrl Pts',(-75.,-9.43876197304748,-4.15105361221425));
#4929=CARTESIAN_POINT('Ctrl Pts',(-75.,-13.1558351285057,-4.20718216930068));
#4930=CARTESIAN_POINT('Ctrl Pts',(-75.0000000000001,-16.1296745593701,-4.18888347150305));
#4931=CARTESIAN_POINT('Ctrl Pts',(-75.,-18.3595047815362,-4.13841784673845));
#4932=CARTESIAN_POINT('Ctrl Pts',(-75.0000000000001,-20.5881375627801,-4.04598956412722));
#4933=CARTESIAN_POINT('Ctrl Pts',(-75.,-22.8139806015819,-3.90249591113617));
#4934=CARTESIAN_POINT('Ctrl Pts',(-75.0000000000001,-25.0352174210516,-3.69805502555781));
#4935=CARTESIAN_POINT('Ctrl Pts',(-75.,-26.8794336213348,-3.46406269851517));
#4936=CARTESIAN_POINT('Ctrl Pts',(-75.0000000000001,-28.3473772893148,-3.22601236223712));
#4937=CARTESIAN_POINT('Ctrl Pts',(-75.,-29.4427841192324,-3.01647091325338));
#4938=CARTESIAN_POINT('Ctrl Pts',(-75.0000000000001,-30.530607855454,-2.76981286875108));
#4939=CARTESIAN_POINT('Ctrl Pts',(-75.0000000000001,-31.6065003085643,-2.47500010058599));
#4940=CARTESIAN_POINT('Ctrl Pts',(-75.,-32.4726307214042,-2.18020173481885));
#4941=CARTESIAN_POINT('Ctrl Pts',(-75.,-32.9731694666212,-1.97048821726215));
#4942=CARTESIAN_POINT('Ctrl Pts',(-75.,-33.1287107369227,-1.90008347406556));
#4943=CARTESIAN_POINT('Origin',(-75.,-35.0370642130266,0.00386934032200942));
#4944=CARTESIAN_POINT('',(-75.,7.76783998483635,-1.61300626894953));
#4945=CARTESIAN_POINT('Origin',(-75.,7.76783998483635,0.));
#4946=CARTESIAN_POINT('Origin',(-97.,-35.0370642130266,0.00386934032200899));
#4947=CARTESIAN_POINT('',(-97.,7.76783998483635,-1.61300626894953));
#4948=CARTESIAN_POINT('Origin',(-97.,7.76783998483635,0.));
#4949=CARTESIAN_POINT('Origin',(-75.,7.76783998483635,0.));
#4950=CARTESIAN_POINT('',(-75.,7.76783998483635,-1.61300626894953));
#4951=UNCERTAINTY_MEASURE_WITH_UNIT(LENGTH_MEASURE(0.01),#4955,
'DISTANCE_ACCURACY_VALUE',
'Maximum model space distance between geometric entities at asserted c
onnectivities');
#4952=UNCERTAINTY_MEASURE_WITH_UNIT(LENGTH_MEASURE(0.01),#4955,
'DISTANCE_ACCURACY_VALUE',
'Maximum model space distance between geometric entities at asserted c
onnectivities');
#4953=(
GEOMETRIC_REPRESENTATION_CONTEXT(3)
GLOBAL_UNCERTAINTY_ASSIGNED_CONTEXT((#4951))
GLOBAL_UNIT_ASSIGNED_CONTEXT((#4955,#4957,#4958))
REPRESENTATION_CONTEXT('','3D')
);
#4954=(
GEOMETRIC_REPRESENTATION_CONTEXT(3)
GLOBAL_UNCERTAINTY_ASSIGNED_CONTEXT((#4952))
GLOBAL_UNIT_ASSIGNED_CONTEXT((#4955,#4957,#4958))
REPRESENTATION_CONTEXT('','3D')
);
#4955=(
LENGTH_UNIT()
NAMED_UNIT(*)
SI_UNIT(.MILLI.,.METRE.)
);
#4956=(
LENGTH_UNIT()
NAMED_UNIT(*)
SI_UNIT($,.METRE.)
);
#4957=(
NAMED_UNIT(*)
PLANE_ANGLE_UNIT()
SI_UNIT($,.RADIAN.)
);
#4958=(
NAMED_UNIT(*)
SI_UNIT($,.STERADIAN.)
SOLID_ANGLE_UNIT()
);
#4959=SHAPE_DEFINITION_REPRESENTATION(#4960,#4961);
#4960=PRODUCT_DEFINITION_SHAPE('',$,#4963);
#4961=SHAPE_REPRESENTATION('',(#2173),#4953);
#4962=PRODUCT_DEFINITION_CONTEXT('part definition',#4967,'design');
#4963=PRODUCT_DEFINITION('Wing_Skeleton_v3','Wing_Skeleton_v3',#4964,#4962);
#4964=PRODUCT_DEFINITION_FORMATION('',$,#4969);
#4965=PRODUCT_RELATED_PRODUCT_CATEGORY('Wing_Skeleton_v3',
'Wing_Skeleton_v3',(#4969));
#4966=APPLICATION_PROTOCOL_DEFINITION('international standard',
'automotive_design',2009,#4967);
#4967=APPLICATION_CONTEXT(
'Core Data for Automotive Mechanical Design Process');
#4968=PRODUCT_CONTEXT('part definition',#4967,'mechanical');
#4969=PRODUCT('Wing_Skeleton_v3','Wing_Skeleton_v3',$,(#4968));
#4970=PRESENTATION_STYLE_ASSIGNMENT((#4972));
#4971=PRESENTATION_STYLE_ASSIGNMENT((#4973));
#4972=SURFACE_STYLE_USAGE(.BOTH.,#4974);
#4973=SURFACE_STYLE_USAGE(.BOTH.,#4975);
#4974=SURFACE_SIDE_STYLE('',(#4976));
#4975=SURFACE_SIDE_STYLE('',(#4977));
#4976=SURFACE_STYLE_FILL_AREA(#4978);
#4977=SURFACE_STYLE_FILL_AREA(#4979);
#4978=FILL_AREA_STYLE('Steel - Satin',(#4980));
#4979=FILL_AREA_STYLE('ABS (White)',(#4981));
#4980=FILL_AREA_STYLE_COLOUR('Steel - Satin',#4982);
#4981=FILL_AREA_STYLE_COLOUR('ABS (White)',#4983);
#4982=COLOUR_RGB('Steel - Satin',0.627450980392157,0.627450980392157,0.627450980392157);
#4983=COLOUR_RGB('ABS (White)',0.964705882352941,0.964705882352941,0.952941176470588);
ENDSEC;
END-ISO-10303-21;
